surface,curvature,subdivision_level,perturbation_scale,first_repetition,second_repetition,curvature_l1,curvature_l2,curvature_linf,ecc_l1,ecc_l2,ecc_linf,secc_l2,secc_linf
doubly_elliptic_torus,gaussian_curvature,0,0.0001,0,1,0.019711998579271583,0.02548843767558634,0.07785757788860082,0.0,0.0,0.0,0.0,0.0
doubly_elliptic_torus,gaussian_curvature,0,0.0001,0,2,0.022391808358180658,0.030951828180084236,0.08524382920984408,0.0,0.0,0.0,0.0,0.0
doubly_elliptic_torus,gaussian_curvature,0,0.0001,0,3,0.025581581404172445,0.03354734249985019,0.11227118893351928,0.0,0.0,0.0,0.0,0.0
doubly_elliptic_torus,gaussian_curvature,0,0.0001,1,2,0.02183178407843374,0.029641768482241513,0.08985068312777855,0.0,0.0,0.0,0.0,0.0
doubly_elliptic_torus,gaussian_curvature,0,0.0001,1,3,0.021394377273880334,0.0284606269149979,0.085866418947532,0.0,0.0,0.0,0.0,0.0
doubly_elliptic_torus,gaussian_curvature,0,0.0001,2,3,0.024810011737594763,0.03346137458000332,0.11505876476631727,0.0,0.0,0.0,0.0,0.0
doubly_elliptic_torus,gaussian_curvature,0,0.001325,0,1,0.37191148309254785,0.5064099061935361,1.6476637530676186,0.023333333333333303,0.15275252316519458,1.0,0.006854425442598745,0.010266666666666313
doubly_elliptic_torus,gaussian_curvature,0,0.001325,0,2,0.4025396825330495,0.5236906142974089,1.7778041996166394,0.030000000000000013,0.19148542155126777,2.0,0.004374780417770219,0.009700000000000264
doubly_elliptic_torus,gaussian_curvature,0,0.001325,0,3,0.40506838030121695,0.5188256312160244,1.5156222356687294,0.04000000000000006,0.23094010767585063,2.0,0.008395094589623288,0.015355555555555678
doubly_elliptic_torus,gaussian_curvature,0,0.001325,1,2,0.4018550599336935,0.5227878614396169,1.4953423198467846,0.026666666666666616,0.18257418583505505,2.0,0.005851812001739406,0.011333333333332862
doubly_elliptic_torus,gaussian_curvature,0,0.001325,1,3,0.40322437149864454,0.4951613804566034,1.3174397538659761,0.029999999999999957,0.19148542155126733,2.0,0.003954902671878491,0.008388888888889334
doubly_elliptic_torus,gaussian_curvature,0,0.001325,2,3,0.31866384078324694,0.4125798816491025,1.1350361708735923,0.01666666666666665,0.15275252316519475,2.0,0.005192470411200383,0.008966666666666456
doubly_elliptic_torus,gaussian_curvature,0,0.00255,0,1,0.7649845953524821,0.922982203740093,2.610038763164942,0.0366666666666666,0.23804761428476146,2.0,0.0038616106791126955,0.00790000000000024
doubly_elliptic_torus,gaussian_curvature,0,0.00255,0,2,0.7515425528302325,0.9804199773767779,3.668306627912017,0.043333333333333196,0.2380476142847611,2.0,0.010337777817586102,0.022311111111111726
doubly_elliptic_torus,gaussian_curvature,0,0.00255,0,3,0.7657050624743158,0.9598814256396351,2.5213013973514435,0.043333333333333196,0.2768874620972685,3.0,0.010160644846845042,0.020266666666667543
doubly_elliptic_torus,gaussian_curvature,0,0.00255,1,2,0.6682567854008326,0.9084585618357434,3.617886109575913,0.046666666666666634,0.258198889747161,2.0,0.011992367257051682,0.02433333333333494
doubly_elliptic_torus,gaussian_curvature,0,0.00255,1,3,0.7559958084983756,1.0483157286272307,4.42372521814648,0.039999999999999925,0.23094010767584996,2.0,0.011496021856213672,0.020533333333336068
doubly_elliptic_torus,gaussian_curvature,0,0.00255,2,3,0.6943387305257136,1.0520275160443702,3.679363288392423,0.026666666666666616,0.16329931618554505,1.0,0.003040887351542608,0.005355555555555336
doubly_elliptic_torus,gaussian_curvature,0,0.003775,0,1,1.0041909237712507,1.2840862670612037,3.0399273714483215,0.053333333333333344,0.23094010767585033,1.0,0.014372040758206627,0.023333333333333317
doubly_elliptic_torus,gaussian_curvature,0,0.003775,0,2,1.188240846553534,1.5433899957633554,4.893357186945721,0.06333333333333348,0.28867513459481337,2.0,0.017689466419940604,0.030266666666665998
doubly_elliptic_torus,gaussian_curvature,0,0.003775,0,3,1.0460571427731213,1.3794725222325717,3.779003129048096,0.03333333333333331,0.1825741858350553,1.0,0.0033629548050154298,0.00720000000000065
doubly_elliptic_torus,gaussian_curvature,0,0.003775,1,2,0.768371341582163,0.9673151768837256,2.6425295649797307,0.04333333333333329,0.23804761428476154,2.0,0.004705965481291648,0.012299999999999756
doubly_elliptic_torus,gaussian_curvature,0,0.003775,1,3,0.8319074720192685,1.1076150569189644,3.8258261568673078,0.05999999999999987,0.25819888974716076,2.0,0.012765591612538008,0.024044444444444313
doubly_elliptic_torus,gaussian_curvature,0,0.003775,2,3,0.8550468684954406,1.1415558944621482,3.0735230857460607,0.056666666666666726,0.2886751345948131,2.0,0.01634353485899617,0.02768888888888832
doubly_elliptic_torus,gaussian_curvature,0,0.005,0,1,1.162339364576317,1.527623264572913,4.918631706493954,0.09333333333333332,0.30550504633038933,1.0,0.0060657372778812075,0.020844444444444152
doubly_elliptic_torus,gaussian_curvature,0,0.005,0,2,1.220943715324943,1.7146257584571662,7.806855037063741,0.07999999999999992,0.30550504633038916,2.0,0.016619699253964143,0.02833333333333334
doubly_elliptic_torus,gaussian_curvature,0,0.005,0,3,1.512559382342621,1.823372117670301,5.155888320039782,0.06999999999999999,0.3316624790355397,3.0,0.014465071454406245,0.028888888888888797
doubly_elliptic_torus,gaussian_curvature,0,0.005,1,2,0.96882552904231,1.276802381053874,3.28002207966653,0.05333333333333336,0.23094010767585035,1.0,0.01583092249352244,0.027555555555556777
doubly_elliptic_torus,gaussian_curvature,0,0.005,1,3,1.2447751808752243,1.6796608974285134,6.172680596962763,0.09666666666666666,0.3214550253664317,2.0,0.01751446492135786,0.03486666666666685
doubly_elliptic_torus,gaussian_curvature,0,0.005,2,3,1.0521425764281767,1.4089143429960245,4.661785549127359,0.07666666666666666,0.27688746209726917,1.0,0.012551937367882075,0.025833333333333337
doubly_elliptic_torus,gaussian_curvature,1,0.0001,0,1,0.049768635118235954,0.06975961274521889,0.3335300740550693,0.003333333333333334,0.05773502691896258,1.0,0.0016129172507026268,0.0029555555555555862
doubly_elliptic_torus,gaussian_curvature,1,0.0001,0,2,0.04385585266571995,0.059539710438179815,0.268739220669886,0.0,0.0,0.0,0.0,0.0
doubly_elliptic_torus,gaussian_curvature,1,0.0001,0,3,0.04698328664279544,0.06330144038796617,0.2573682201786056,0.006666666666666633,0.0816496580927724,1.0,0.002268953095184674,0.0033333333333334103
doubly_elliptic_torus,gaussian_curvature,1,0.0001,1,2,0.046851869537816906,0.06388105487706441,0.25596394692727387,0.003333333333333334,0.05773502691896258,1.0,0.0016129172507026268,0.0029555555555555862
doubly_elliptic_torus,gaussian_curvature,1,0.0001,1,3,0.05141443119622091,0.07226655970258232,0.29674365320633456,0.0033333333333332993,0.05773502691896228,1.0,0.0009941909463785127,0.0019111111111103085
doubly_elliptic_torus,gaussian_curvature,1,0.0001,2,3,0.04436357321990013,0.0595879534364501,0.2907155165818125,0.006666666666666633,0.0816496580927724,1.0,0.002268953095184674,0.0033333333333334103
doubly_elliptic_torus,gaussian_curvature,1,0.001325,0,1,0.6343779188100195,0.8967180824285101,3.443335221802016,0.04000000000000002,0.21602468994692856,2.0,0.008364386586173724,0.013333333333333364
doubly_elliptic_torus,gaussian_curvature,1,0.001325,0,2,0.6844085941061206,0.9627372757364809,4.17042730518741,0.05000000000000008,0.23804761428476168,2.0,0.011061400837026478,0.017933333333332913
doubly_elliptic_torus,gaussian_curvature,1,0.001325,0,3,0.6167435597862972,0.8506526324162598,3.306364990164937,0.05000000000000006,0.25166114784235843,2.0,0.01533582709189818,0.02213333333333331
doubly_elliptic_torus,gaussian_curvature,1,0.001325,1,2,0.6216366620094669,0.920489629824563,3.8475821209422776,0.036666666666666785,0.20816659994661366,2.0,0.0036410242533069033,0.008677777777776029
doubly_elliptic_torus,gaussian_curvature,1,0.001325,1,3,0.6368165450836887,0.8849159107330385,3.1364107174652673,0.03666666666666665,0.19148542155126758,1.0,0.0073317296226239545,0.012133333333333308
doubly_elliptic_torus,gaussian_curvature,1,0.001325,2,3,0.5927035285068477,0.8468207526940781,4.212705015404431,0.033333333333333375,0.2000000000000002,2.0,0.0054691803916472135,0.010311111111110938
doubly_elliptic_torus,gaussian_curvature,1,0.00255,0,1,1.1852010581083907,1.615512474841848,7.644363652353221,0.1133333333333334,0.40000000000000036,3.0,0.008490037734942227,0.024533333333334337
doubly_elliptic_torus,gaussian_curvature,1,0.00255,0,2,1.2723664691604466,1.7799171299932564,9.346406206633077,0.14666666666666647,0.43969686527576374,2.0,0.025702453806732833,0.054844444444444466
doubly_elliptic_torus,gaussian_curvature,1,0.00255,0,3,1.254257487807025,1.7382354089265046,9.943442544240874,0.12333333333333332,0.4123105625617661,2.0,0.015974525115786543,0.03695555555555557
doubly_elliptic_torus,gaussian_curvature,1,0.00255,1,2,1.1748094776792009,1.6646771509296503,8.306329079057093,0.12000000000000006,0.416333199893227,3.0,0.021412597730396398,0.041200000000000014
doubly_elliptic_torus,gaussian_curvature,1,0.00255,1,3,1.3317471741991667,1.7358451623545204,8.946791068857777,0.07000000000000009,0.3214550253664321,2.0,0.011293328997040079,0.02320000000000001
doubly_elliptic_torus,gaussian_curvature,1,0.00255,2,3,1.2352252321424118,1.6286509592421752,5.657483066074878,0.06999999999999995,0.2886751345948129,2.0,0.011619556559963813,0.02166666666666668
doubly_elliptic_torus,gaussian_curvature,1,0.003775,0,1,1.7224295233818634,2.459085252218048,11.533973029730532,0.12333333333333345,0.36968455021364754,2.0,0.02848963749233145,0.03753333333333381
doubly_elliptic_torus,gaussian_curvature,1,0.003775,0,2,1.7423382752227308,2.435147721344516,13.414621655066341,0.14333333333333334,0.42031734043061636,2.0,0.04133311255416937,0.05435555555555516
doubly_elliptic_torus,gaussian_curvature,1,0.003775,0,3,1.7890680929285363,2.458671211872988,10.94969155091647,0.1666666666666666,0.46188021535170043,3.0,0.029826342376974138,0.05488888888888893
doubly_elliptic_torus,gaussian_curvature,1,0.003775,1,2,1.675155487976441,2.2197467875032846,12.540730203026001,0.10000000000000003,0.3366501646120694,2.0,0.014905963123042544,0.0331111111111102
doubly_elliptic_torus,gaussian_curvature,1,0.003775,1,3,1.96305198761064,2.727824183694887,10.396916006671134,0.09000000000000002,0.32145502536643183,2.0,0.011540086690447435,0.029099999999999127
doubly_elliptic_torus,gaussian_curvature,1,0.003775,2,3,2.028539871919432,2.620214120841682,9.39860257368548,0.1433333333333333,0.45092497528228936,3.0,0.023160220703725126,0.0512999999999989
doubly_elliptic_torus,gaussian_curvature,1,0.005,0,1,2.2656877776093998,3.109656277579271,15.12533702481737,0.18666666666666681,0.4618802153517008,2.0,0.031338156970449865,0.061933333333334006
doubly_elliptic_torus,gaussian_curvature,1,0.005,0,2,2.5652651767279777,3.4798302417582914,13.287190002905099,0.1700000000000001,0.4358898943540675,2.0,0.045957694134995876,0.058933333333335114
doubly_elliptic_torus,gaussian_curvature,1,0.005,0,3,2.126275325630881,3.0116463329275325,16.091514306269303,0.23333333333333345,0.5537749241945384,2.0,0.019514477057170534,0.06240000000000181
doubly_elliptic_torus,gaussian_curvature,1,0.005,1,2,2.5516198776167336,3.4282832269828574,12.037120126580966,0.1166666666666668,0.3696845502136476,2.0,0.025230760913937916,0.04590000000000002
doubly_elliptic_torus,gaussian_curvature,1,0.005,1,3,2.3268878426347728,3.1209901822694373,10.683957950701254,0.1466666666666667,0.4242640687119287,2.0,0.02654402508079138,0.05026666666666568
doubly_elliptic_torus,gaussian_curvature,1,0.005,2,3,2.5198437750105116,3.4970492609594745,12.856341790953259,0.21666666666666679,0.5446711546122733,2.0,0.047132587042479,0.06755555555555548
doubly_elliptic_torus,gaussian_curvature,2,0.0001,0,1,0.0910876114188191,0.12347916013421753,0.5623686168554514,0.003333333333333355,0.05773502691896276,1.0,0.0017961607432609961,0.0031777777777758434
doubly_elliptic_torus,gaussian_curvature,2,0.0001,0,2,0.09396795373463782,0.13049517077397924,0.6709001773281926,0.0033333333333332993,0.05773502691896228,1.0,0.000964951650210378,0.001733333333330589
doubly_elliptic_torus,gaussian_curvature,2,0.0001,0,3,0.09736735725447682,0.1364415029812836,0.886062982704928,0.00666666666666663,0.08164965809277237,1.0,0.003138765975961215,0.003333333333333355
doubly_elliptic_torus,gaussian_curvature,2,0.0001,1,2,0.09253931113043523,0.12605137683347858,0.5566037588080377,0.006666666666666654,0.08164965809277253,1.0,0.002194268628681256,0.0033333333333333062
doubly_elliptic_torus,gaussian_curvature,2,0.0001,1,3,0.09594091484825229,0.1326584605560049,0.6878787398742503,0.009999999999999985,0.09999999999999992,1.0,0.004805631555809354,0.006499999999998021
doubly_elliptic_torus,gaussian_curvature,2,0.0001,2,3,0.09233728413695688,0.12921357262508637,0.6012129741688241,0.009999999999999929,0.09999999999999964,1.0,0.0033531294884401814,0.005066666666663888
doubly_elliptic_torus,gaussian_curvature,2,0.001325,0,1,1.306918000395791,1.7967569454339027,8.282425640435761,0.14999999999999997,0.4509249752822894,3.0,0.012995137583843113,0.0351222222222205
doubly_elliptic_torus,gaussian_curvature,2,0.001325,0,2,1.3015407874932026,1.7930327850161747,9.511707426657352,0.21999999999999997,0.5830951894845299,3.0,0.06284333843125499,0.0982666666666675
doubly_elliptic_torus,gaussian_curvature,2,0.001325,0,3,1.2506028913473637,1.7211997533865404,10.056991103646865,0.1033333333333333,0.4203173404306169,4.0,0.01317167821486297,0.024100000000000787
doubly_elliptic_torus,gaussian_curvature,2,0.001325,1,2,1.3473651086081293,1.9117057008621423,9.527679508668172,0.2233333333333332,0.6027713773341704,4.0,0.05408638514093295,0.07657777777777779
doubly_elliptic_torus,gaussian_curvature,2,0.001325,1,3,1.2426310062890118,1.7185069657135343,8.88174476624691,0.1466666666666667,0.47609522856952347,3.0,0.01637767224449565,0.036533333333332835
doubly_elliptic_torus,gaussian_curvature,2,0.001325,2,3,1.233349002173855,1.7234922944892554,9.289532429098784,0.2099999999999999,0.5686240703077325,3.0,0.06208039805804562,0.09002222222222389
doubly_elliptic_torus,gaussian_curvature,2,0.00255,0,1,2.5444250058601208,3.5441784713363575,18.49060015350456,0.5100000000000002,0.9574271077563385,5.0,0.038308436627879534,0.07783333333333065
doubly_elliptic_torus,gaussian_curvature,2,0.00255,0,2,2.5113983998734266,3.5343741209136863,19.730026551505148,0.44666666666666666,0.8524474568362943,4.0,0.02035284633434597,0.05031111111110709
doubly_elliptic_torus,gaussian_curvature,2,0.00255,0,3,2.443390038987821,3.5248845943325477,21.078931534339006,0.4566666666666665,0.8981462390204986,4.0,0.060219653491752206,0.15340000000000092
doubly_elliptic_torus,gaussian_curvature,2,0.00255,1,2,2.6431464628186507,3.7186522347385793,18.980356326427014,0.5033333333333334,0.9433981132056606,5.0,0.04804459626693409,0.10211111111111248
doubly_elliptic_torus,gaussian_curvature,2,0.00255,1,3,2.5705961699647437,3.67035005746661,24.490702642162162,0.593333333333333,1.1030261405182862,5.0,0.03867761046704445,0.12703333333333722
doubly_elliptic_torus,gaussian_curvature,2,0.00255,2,3,2.4551553302417797,3.5638453265394685,18.664709313858303,0.5099999999999999,0.9309493362512626,3.0,0.061725522130678674,0.14533333333333825
doubly_elliptic_torus,gaussian_curvature,2,0.003775,0,1,3.7030830619860486,5.238997233212163,27.480704384361076,0.9066666666666665,1.4259499757471623,6.0,0.12270695929767886,0.1967999999999992
doubly_elliptic_torus,gaussian_curvature,2,0.003775,0,2,3.533199035532051,4.960442381560496,33.93129869956965,0.9833333333333325,1.6165807537309511,6.0,0.05846428757635415,0.11048888888888889
doubly_elliptic_torus,gaussian_curvature,2,0.003775,0,3,3.6079332529799144,4.989083049526562,27.003147853444517,1.045,1.6129682782580272,5.0,0.1925968774986292,0.33106666666666584
doubly_elliptic_torus,gaussian_curvature,2,0.003775,1,2,3.7052918306662113,5.197002154118845,33.30604293448751,1.0,1.6227548592850778,8.0,0.07663260112742888,0.15280000000000116
doubly_elliptic_torus,gaussian_curvature,2,0.003775,1,3,3.6651339403278156,4.988520433565163,24.824972980672015,0.8750000000000002,1.43236401332436,7.0,0.08694993178755274,0.17900000000000021
doubly_elliptic_torus,gaussian_curvature,2,0.003775,2,3,3.538127669733412,5.030133564527119,30.817935002431696,0.9216666666666666,1.4972196454317137,5.0,0.14083988990508828,0.2403555555555551
doubly_elliptic_torus,gaussian_curvature,2,0.005,0,1,5.0038449428391765,7.08348937285356,38.421084441056514,1.338333333333333,1.88547076349648,7.0,0.0774071199711125,0.17746666666666672
doubly_elliptic_torus,gaussian_curvature,2,0.005,0,2,5.006579614203716,6.882522746824269,34.355635648627775,1.086666666666667,1.572683481611394,7.0,0.053880637016159506,0.11231111111110514
doubly_elliptic_torus,gaussian_curvature,2,0.005,0,3,4.933268818599574,6.8702730254699516,33.20583139626947,1.3033333333333332,1.9295940851208402,7.0,0.1425872287350935,0.26446666666666685
doubly_elliptic_torus,gaussian_curvature,2,0.005,1,2,5.06616512499925,7.042161167828531,46.2152062262381,1.3550000000000006,2.037563904928302,8.0,0.10036062915692426,0.21362222222222216
doubly_elliptic_torus,gaussian_curvature,2,0.005,1,3,5.152388048927506,7.278806372135953,40.09797035265365,1.5549999999999997,2.15522620622523,7.0,0.15037239870462354,0.2757777777777841
doubly_elliptic_torus,gaussian_curvature,2,0.005,2,3,5.139034538482951,7.317151043628296,40.35014839893851,1.3699999999999999,1.9991664929831798,7.0,0.11076711982981137,0.21574444444444985
doubly_elliptic_torus,mean_curvature,0,0.0001,0,1,0.004449976948281745,0.005647649095853407,0.013687683773870418,0.003333333333333355,0.05773502691896276,1.0,0.001173796555588456,0.0023333333333330764
doubly_elliptic_torus,mean_curvature,0,0.0001,0,2,0.004351680595785923,0.005448973196887987,0.013061379764749859,0.003333333333333355,0.05773502691896276,1.0,0.001173796555588456,0.0023333333333330764
doubly_elliptic_torus,mean_curvature,0,0.0001,0,3,0.004658788632519494,0.005927869970204218,0.015530827323145147,0.01333333333333335,0.14142135623730956,2.0,0.003972135456187093,0.008644444444444677
doubly_elliptic_torus,mean_curvature,0,0.0001,1,2,0.0047709070709752825,0.0061003033960256425,0.018624636057068544,0.0,0.0,0.0,0.0,0.0
doubly_elliptic_torus,mean_curvature,0,0.0001,1,3,0.0040249719736080896,0.005352744912680818,0.015239849217764334,0.016666666666666705,0.17320508075688798,2.0,0.0037431446254770737,0.009322222222222232
doubly_elliptic_torus,mean_curvature,0,0.0001,2,3,0.004889896783064505,0.00590085030086702,0.015580029857707345,0.016666666666666705,0.17320508075688798,2.0,0.0037431446254770737,0.009322222222222232
doubly_elliptic_torus,mean_curvature,0,0.001325,0,1,0.06638019671733303,0.08192973387379074,0.18022295216653417,0.0333333333333333,0.23094010767585016,3.0,0.007442940699423917,0.015955555555556722
doubly_elliptic_torus,mean_curvature,0,0.001325,0,2,0.07009745312745894,0.08827373566423656,0.23863477476468464,0.0533333333333333,0.28284271247461895,2.0,0.00772055670821549,0.016444444444442985
doubly_elliptic_torus,mean_curvature,0,0.001325,0,3,0.0771928862239901,0.09214807948813408,0.19376671691984892,0.053333333333333365,0.30550504633038944,3.0,0.00747850142335292,0.016444444444442985
doubly_elliptic_torus,mean_curvature,0,0.001325,1,2,0.08058439783522532,0.1025568219413094,0.3123709546831508,0.039999999999999994,0.23094010767585035,2.0,0.004071308825864251,0.010666666666667268
doubly_elliptic_torus,mean_curvature,0,0.001325,1,3,0.08206182251490429,0.10366363208064201,0.2907988420519825,0.040000000000000056,0.2309401076758506,2.0,0.003841006812456396,0.008866666666667813
doubly_elliptic_torus,mean_curvature,0,0.001325,2,3,0.05989184213750959,0.07747066229499112,0.20208787656198623,0.02666666666666668,0.18257418583505536,2.0,0.0020727509006863896,0.006666666666666599
doubly_elliptic_torus,mean_curvature,0,0.00255,0,1,0.1426527826429858,0.17743897526751243,0.44917731722212384,0.06333333333333338,0.26457513110645925,2.0,0.01611269021635442,0.029711111111110244
doubly_elliptic_torus,mean_curvature,0,0.00255,0,2,0.14281798994222558,0.1719803932873623,0.4990612519595823,0.09000000000000012,0.42031734043061664,4.0,0.01120534576273984,0.03094444444444422
doubly_elliptic_torus,mean_curvature,0,0.00255,0,3,0.13537265583298602,0.17199020242842686,0.521132234698241,0.08666666666666675,0.35590260840104404,3.0,0.018861636113350178,0.031022222222222277
doubly_elliptic_torus,mean_curvature,0,0.00255,1,2,0.12360834759543783,0.14534132020628512,0.3413980447731566,0.10000000000000012,0.4163331998932269,3.0,0.013190260155241622,0.02766666666666602
doubly_elliptic_torus,mean_curvature,0,0.00255,1,3,0.1448592965741471,0.17765284010870652,0.4101141530625707,0.05666666666666667,0.23804761428476168,1.0,0.0051778751381725855,0.010000000000000342
doubly_elliptic_torus,mean_curvature,0,0.00255,2,3,0.13303444233427952,0.17196135275723567,0.42824298145403805,0.13000000000000017,0.5131601439446889,3.0,0.017348704604100925,0.036277777777779144
doubly_elliptic_torus,mean_curvature,0,0.003775,0,1,0.20033633492658007,0.2599893906763394,0.7792256409188347,0.09333333333333328,0.35590260840104354,2.0,0.0224105152420838,0.041355555555557026
doubly_elliptic_torus,mean_curvature,0,0.003775,0,2,0.19993806429324162,0.25039321681450794,0.8683260502123851,0.12000000000000005,0.439696865275764,3.0,0.025141698840296836,0.05084444444444706
doubly_elliptic_torus,mean_curvature,0,0.003775,0,3,0.2220562358476752,0.30189348866199733,1.0333567267944255,0.10999999999999995,0.3696845502136471,2.0,0.021313449935385444,0.04590000000000191
doubly_elliptic_torus,mean_curvature,0,0.003775,1,2,0.15795613940595343,0.20217934571015786,0.5155410570985999,0.07999999999999999,0.3055050463303894,2.0,0.005539539877788819,0.0129777777777777
doubly_elliptic_torus,mean_curvature,0,0.003775,1,3,0.22585921757762464,0.31125422778045797,0.8339278856205148,0.09666666666666665,0.3214550253664318,2.0,0.00805680577782299,0.02044444444444482
doubly_elliptic_torus,mean_curvature,0,0.003775,2,3,0.19802205630844938,0.26983732417442247,0.8213781450924387,0.0966666666666666,0.3415650255319865,2.0,0.007061057930271565,0.019111111111112078
doubly_elliptic_torus,mean_curvature,0,0.005,0,1,0.2463864241050249,0.300184290616666,0.8137363554098336,0.11999999999999998,0.3559026084010436,2.0,0.008810730457425963,0.0229777777777785
doubly_elliptic_torus,mean_curvature,0,0.005,0,2,0.2612121021988466,0.32801449213045325,1.0248983423529996,0.09666666666666661,0.3605551275463988,2.0,0.013551308533236292,0.028500000000000747
doubly_elliptic_torus,mean_curvature,0,0.005,0,3,0.3141354284346129,0.37492563206648977,0.9677064928773724,0.1166666666666667,0.38729833462074165,2.0,0.023260765904258643,0.041733333333334954
doubly_elliptic_torus,mean_curvature,0,0.005,1,2,0.21313406192927226,0.29682105060347524,1.053034962502382,0.10333333333333335,0.3415650255319866,2.0,0.0174407220609763,0.03142222222222191
doubly_elliptic_torus,mean_curvature,0,0.005,1,3,0.26732585582685287,0.3224948436533952,0.8706781530027854,0.13000000000000012,0.36968455021364743,2.0,0.026624295427220866,0.043155555555557924
doubly_elliptic_torus,mean_curvature,0,0.005,2,3,0.17544079254722647,0.21317695376839138,0.5019940232093516,0.09333333333333343,0.365148371670111,3.0,0.014209571920238081,0.031066666666668352
doubly_elliptic_torus,mean_curvature,1,0.0001,0,1,0.010983250904665585,0.01418958595249047,0.046652805961249655,0.03333333333333324,0.305505046330389,4.0,0.0027954990278686877,0.010000000000000009
doubly_elliptic_torus,mean_curvature,1,0.0001,0,2,0.010097392858954142,0.013784209821471643,0.05873939367698178,0.01333333333333328,0.14142135623730928,2.0,0.003476422644515566,0.006711111111110668
doubly_elliptic_torus,mean_curvature,1,0.0001,0,3,0.010609457367629815,0.013957608985017895,0.06016155527916567,0.02333333333333326,0.20816659994661302,3.0,0.0020548497286680006,0.005333333333333856
doubly_elliptic_torus,mean_curvature,1,0.0001,1,2,0.009869539658879729,0.012997055155738351,0.051434201537990276,0.019999999999999962,0.21602468994692847,3.0,0.0022813431896526407,0.010222222222221244
doubly_elliptic_torus,mean_curvature,1,0.0001,1,3,0.01076453096276556,0.013879951740223401,0.04781654120122392,0.009999999999999981,0.17320508075688756,3.0,0.002887937877653559,0.005066666666667219
doubly_elliptic_torus,mean_curvature,1,0.0001,2,3,0.010479032297950736,0.013777236436001672,0.051533323385065,0.016666666666666635,0.19148542155126744,3.0,0.003925764322321468,0.008444444444444477
doubly_elliptic_torus,mean_curvature,1,0.001325,0,1,0.1429860221851522,0.1846044926832647,0.7072603700613502,0.10000000000000005,0.3741657386773943,2.0,0.00594698803316994,0.01913333333333403
doubly_elliptic_torus,mean_curvature,1,0.001325,0,2,0.15773344008150753,0.1969979176207305,0.5981444853372206,0.09333333333333337,0.36514837167011094,2.0,0.010592745401642765,0.018933333333332136
doubly_elliptic_torus,mean_curvature,1,0.001325,0,3,0.15276101425403682,0.19704730627279274,0.7674247600056763,0.08999999999999997,0.36055512754639885,3.0,0.008990169528332275,0.022833333333336148
doubly_elliptic_torus,mean_curvature,1,0.001325,1,2,0.13089294580755612,0.18371574614256914,0.9239767103904892,0.06666666666666674,0.2943920288775951,2.0,0.007080251326593567,0.013422222222224
doubly_elliptic_torus,mean_curvature,1,0.001325,1,3,0.13886679393458493,0.1858908405688628,0.6568649187453612,0.1166666666666667,0.38729833462074176,2.0,0.00704578939141324,0.021266666666664907
doubly_elliptic_torus,mean_curvature,1,0.001325,2,3,0.14361247241681005,0.19325406813238624,0.6378603671164189,0.09666666666666665,0.3511884584284245,2.0,0.008468198801782215,0.022344444444445104
doubly_elliptic_torus,mean_curvature,1,0.00255,0,1,0.291767904315516,0.3631946172356029,1.2628607720875564,0.15666666666666665,0.4582575694955839,2.0,0.013726866060825817,0.03016666666666675
doubly_elliptic_torus,mean_curvature,1,0.00255,0,2,0.27693886211865143,0.3468391033107857,1.6893102221645595,0.1800000000000001,0.47609522856952347,2.0,0.01780701299865056,0.03511111111111109
doubly_elliptic_torus,mean_curvature,1,0.00255,0,3,0.2998426950858614,0.39778382571825727,2.031563730733213,0.23666666666666658,0.5744562646538027,2.0,0.0165912348568183,0.05150000000000206
doubly_elliptic_torus,mean_curvature,1,0.00255,1,2,0.25982641647073806,0.3366664073757333,1.2563418175341123,0.15000000000000002,0.42031734043061636,2.0,0.015915231335968352,0.02307777777777778
doubly_elliptic_torus,mean_curvature,1,0.00255,1,3,0.31588497845235475,0.4064979268911574,1.663175727954533,0.2133333333333334,0.5228129047119375,2.0,0.025791902260637368,0.06320000000000213
doubly_elliptic_torus,mean_curvature,1,0.00255,2,3,0.3110718772863772,0.42778277030086576,1.9758941854829608,0.22333333333333344,0.5802298395176405,2.0,0.024081313299022904,0.074388888888887
doubly_elliptic_torus,mean_curvature,1,0.003775,0,1,0.3964307440325151,0.5555097169659365,2.8283435826372507,0.3666666666666667,0.6683312551921141,2.0,0.08804012179266502,0.15342222222222032
doubly_elliptic_torus,mean_curvature,1,0.003775,0,2,0.4258885191723489,0.5544633222495019,1.791896345820323,0.28,0.6218252702059209,2.0,0.039505446829749546,0.0608444444444464
doubly_elliptic_torus,mean_curvature,1,0.003775,0,3,0.43776227274048185,0.5823743239694369,3.380657172021934,0.3566666666666666,0.6904105059069325,3.0,0.06924095712822669,0.1336888888888896
doubly_elliptic_torus,mean_curvature,1,0.003775,1,2,0.3655432243327915,0.4830720115844959,1.9483705539386396,0.23999999999999994,0.5354126134736337,2.0,0.0556789015903175,0.09662222222221833
doubly_elliptic_torus,mean_curvature,1,0.003775,1,3,0.4262761862156119,0.5707883013988757,2.901708223421828,0.13000000000000003,0.4041451884327381,2.0,0.022616124205399178,0.04079999999999928
doubly_elliptic_torus,mean_curvature,1,0.003775,2,3,0.4303545987820322,0.5476389808973249,2.0695357656529385,0.2566666666666666,0.5567764362830021,2.0,0.03929314357094835,0.07992222222222098
doubly_elliptic_torus,mean_curvature,1,0.005,0,1,0.5545124464297554,0.7132129238978275,2.632863894945345,0.49333333333333335,0.9055385138137417,3.0,0.09589449234732901,0.17508888888889332
doubly_elliptic_torus,mean_curvature,1,0.005,0,2,0.556601431503306,0.6934679960905422,2.5514757605807787,0.37999999999999995,0.7916228058025279,4.0,0.03855422774957916,0.08635555555556104
doubly_elliptic_torus,mean_curvature,1,0.005,0,3,0.504013811373454,0.7018273833039418,3.0973507006066843,0.3566666666666665,0.8062257748298548,6.0,0.0654569762572409,0.11466666666667039
doubly_elliptic_torus,mean_curvature,1,0.005,1,2,0.5820667839502378,0.7586943552171637,2.318074587620483,0.45333333333333337,0.8640987597877147,3.0,0.07449692511675757,0.11713333333333233
doubly_elliptic_torus,mean_curvature,1,0.005,1,3,0.5622961146023171,0.7595110422118235,3.090528492228035,0.3433333333333333,0.7047458170621992,3.0,0.03570703524874601,0.06980000000000074
doubly_elliptic_torus,mean_curvature,1,0.005,2,3,0.5886627460257743,0.7757457939959144,2.725354537176896,0.3899999999999999,0.8306623862918072,5.0,0.05135099764218462,0.11364444444444288
doubly_elliptic_torus,mean_curvature,2,0.0001,0,1,0.022367173812939078,0.029769551238335933,0.18793949831013457,0.016666666666666698,0.15275252316519491,2.0,0.0030573832917367197,0.005999999999999367
doubly_elliptic_torus,mean_curvature,2,0.0001,0,2,0.0224622455280978,0.028984362817200068,0.14051909128279938,0.03333333333333333,0.24494897427831783,2.0,0.0039101745511646155,0.009888888888887282
doubly_elliptic_torus,mean_curvature,2,0.0001,0,3,0.022633391374648804,0.03026081000177226,0.15091998573494614,0.03666666666666669,0.2645751311064593,3.0,0.0065713948635483,0.012166666666666152
doubly_elliptic_torus,mean_curvature,2,0.0001,1,2,0.022533867353379727,0.031015764762082787,0.16763390365841957,0.016666666666666635,0.17320508075688756,2.0,0.0013862716080166593,0.00839999999999863
doubly_elliptic_torus,mean_curvature,2,0.0001,1,3,0.023362431292094102,0.03162412806778158,0.15695737226992001,0.01999999999999999,0.16329931618554513,2.0,0.004181036947797257,0.006555555555553871
doubly_elliptic_torus,mean_curvature,2,0.0001,2,3,0.02199543648648555,0.029557480473216057,0.1540269602357771,0.016666666666666663,0.1527525231651946,2.0,0.003275300382039794,0.005966666666665926
doubly_elliptic_torus,mean_curvature,2,0.001325,0,1,0.30581307969689714,0.4133973120042941,2.2947227732508395,0.30999999999999994,0.714142842854285,4.0,0.015820108186899804,0.042522222222223904
doubly_elliptic_torus,mean_curvature,2,0.001325,0,2,0.3063889607436656,0.40502777077971885,2.2199022540726663,0.3366666666666668,0.7637626158259736,6.0,0.03289822346260749,0.05947777777777208
doubly_elliptic_torus,mean_curvature,2,0.001325,0,3,0.2952408066560319,0.39174918900606387,2.3439866442621717,0.3499999999999999,0.7637626158259734,3.0,0.028153037465227494,0.05899999999999894
doubly_elliptic_torus,mean_curvature,2,0.001325,1,2,0.31373792448972204,0.41630008548889286,1.7368806684475935,0.3133333333333332,0.6633249580710797,3.0,0.029167777756614405,0.06213333333333204
doubly_elliptic_torus,mean_curvature,2,0.001325,1,3,0.29290997480587505,0.4004988563233983,2.4854767699682707,0.32666666666666666,0.7483314773547883,4.0,0.019566488946970002,0.049044444444444446
doubly_elliptic_torus,mean_curvature,2,0.001325,2,3,0.28645161779003525,0.3868395787962562,1.861369456124553,0.3799999999999998,0.8164965809277259,4.0,0.04243248619599728,0.09079999999999622
doubly_elliptic_torus,mean_curvature,2,0.00255,0,1,0.5923813864105962,0.7847049931476001,4.5274193596407795,1.2816666666666672,1.802313328290432,9.0,0.23516265363052896,0.37111111111111406
doubly_elliptic_torus,mean_curvature,2,0.00255,0,2,0.5931173967776522,0.8042653133592161,5.039279357115324,1.266666666666667,1.6782927833565475,8.0,0.0718528315607147,0.1890555555555603
doubly_elliptic_torus,mean_curvature,2,0.00255,0,3,0.5652879299774318,0.7688802814013457,5.582078032202739,1.1916666666666669,1.7238522751867884,6.0,0.11178572214239678,0.21485555555555647
doubly_elliptic_torus,mean_curvature,2,0.00255,1,2,0.6091716612690594,0.8076695673957258,3.414775826595819,1.1616666666666666,1.7257848456088996,7.0,0.25374109909585313,0.4041333333333337
doubly_elliptic_torus,mean_curvature,2,0.00255,1,3,0.597279455317767,0.7995809420614586,4.1655348172355176,1.1566666666666663,1.721433511156714,7.0,0.14230577761132593,0.27884444444444534
doubly_elliptic_torus,mean_curvature,2,0.00255,2,3,0.5573880927360697,0.726147236751003,3.0319349826678295,1.085,1.663830920897112,9.0,0.13768447049554322,0.2529999999999988
doubly_elliptic_torus,mean_curvature,2,0.003775,0,1,0.8914384724256567,1.1951050772994884,5.614529877517581,2.4383333333333335,2.9891470355270253,8.0,0.4006192697053644,0.7842666666666663
doubly_elliptic_torus,mean_curvature,2,0.003775,0,2,0.8616740685201711,1.1625152449210585,6.5566592500826975,1.9033333333333335,2.5390286856722724,7.0,0.45818072781552327,0.6847777777777753
doubly_elliptic_torus,mean_curvature,2,0.003775,0,3,0.8395723263910471,1.0971126902621982,4.611643125295743,2.1900000000000004,2.8850187752133145,9.0,0.29583864502273716,0.5206666666666665
doubly_elliptic_torus,mean_curvature,2,0.003775,1,2,0.862238317195081,1.134406604994568,5.489778602475431,1.7583333333333337,2.387118206820378,7.0,0.12668875375982647,0.2802222222222195
doubly_elliptic_torus,mean_curvature,2,0.003775,1,3,0.8817514407078207,1.1521832032579256,6.074398183439595,1.7550000000000001,2.2579489217724418,7.0,0.14484478090547667,0.276033333333333
doubly_elliptic_torus,mean_curvature,2,0.003775,2,3,0.8477241858422433,1.1230256973162518,5.3304441383597165,1.876666666666666,2.463736998950983,9.0,0.18209236503294582,0.3569555555555528
doubly_elliptic_torus,mean_curvature,2,0.005,0,1,1.1269990422974696,1.5053263022935004,6.801021984049147,2.1499999999999995,3.092463958291726,13.0,0.3033309051931037,0.5706777777777767
doubly_elliptic_torus,mean_curvature,2,0.005,0,2,1.1564683077047302,1.5081658822917854,6.079361226882996,2.4449999999999994,3.223093751868433,11.0,0.17873310821219904,0.3435666666666677
doubly_elliptic_torus,mean_curvature,2,0.005,0,3,1.1638096300846308,1.5822202475274303,10.39635255680655,2.3549999999999995,2.9339961372389927,9.0,0.1085582144562348,0.206666666666667
doubly_elliptic_torus,mean_curvature,2,0.005,1,2,1.1430380447363677,1.494433409995529,6.101485857838632,2.3016666666666667,3.043298648944377,10.0,0.16990616679333104,0.37768888888888963
doubly_elliptic_torus,mean_curvature,2,0.005,1,3,1.2226803522818275,1.627855962278663,7.795158655271376,2.498333333333333,3.279481666361317,11.0,0.26914047233319877,0.5280111111111134
doubly_elliptic_torus,mean_curvature,2,0.005,2,3,1.1837112066636766,1.567617906966784,8.58380330575007,2.703333333333333,3.641885958309696,12.0,0.15923799339069497,0.45885555555555735
ellipsoid,gaussian_curvature,0,0.0001,0,1,0.015535839417430343,0.0212140252088423,0.0910755183380374,0.0,0.0,0.0,0.0,0.0
ellipsoid,gaussian_curvature,0,0.0001,0,2,0.018203359638808567,0.023273248586954225,0.056815379113544395,0.003333333333333327,0.05773502691896252,1.0,0.0011083391348594587,0.0022111111111119963
ellipsoid,gaussian_curvature,0,0.0001,0,3,0.021124167791184874,0.028593972255871493,0.10763408189698254,0.003333333333333327,0.05773502691896252,1.0,0.0011083391348594587,0.0022111111111119963
ellipsoid,gaussian_curvature,0,0.0001,1,2,0.01683027296858295,0.022907970023966637,0.08707545161767882,0.003333333333333327,0.05773502691896252,1.0,0.0011083391348594587,0.0022111111111119963
ellipsoid,gaussian_curvature,0,0.0001,1,3,0.018926728456631358,0.024369747546842346,0.07119773729273504,0.003333333333333327,0.05773502691896252,1.0,0.0011083391348594587,0.0022111111111119963
ellipsoid,gaussian_curvature,0,0.0001,2,3,0.016988414543432744,0.02479315410273399,0.07607006950038198,0.0,0.0,0.0,0.0,0.0
ellipsoid,gaussian_curvature,0,0.001325,0,1,0.2386003393971114,0.3070229758627976,1.0271065499005942,0.036666666666666604,0.20816659994661296,2.0,0.01332172720175029,0.02188888888888839
ellipsoid,gaussian_curvature,0,0.001325,0,2,0.23200270473272686,0.28575943457257436,0.6105502925799797,0.023333333333333324,0.15275252316519464,1.0,0.006450324584297068,0.008866666666666578
ellipsoid,gaussian_curvature,0,0.001325,0,3,0.2298820305675247,0.2934225986622896,0.7102721575728452,0.036666666666666604,0.2081665999466131,2.0,0.011294050474991973,0.015522222222222104
ellipsoid,gaussian_curvature,0,0.001325,1,2,0.2530418798655118,0.3376675510645736,0.9703225443613235,0.026666666666666644,0.16329931618554513,1.0,0.007827444595070562,0.014933333333334395
ellipsoid,gaussian_curvature,0,0.001325,1,3,0.1794013623229272,0.23120152338559993,0.5584057928125077,0.020000000000000018,0.16329931618554522,2.0,0.004009156187196652,0.00846666666666776
ellipsoid,gaussian_curvature,0,0.001325,2,3,0.1891855369367781,0.25650915766451504,0.6826357438742008,0.01999999999999999,0.14142135623730948,1.0,0.0050698820206887905,0.006666666666666654
ellipsoid,gaussian_curvature,0,0.00255,0,1,0.5101255351366449,0.6778101124640062,2.285501878928507,0.07666666666666663,0.3214550253664317,2.0,0.02957921393680635,0.056688888888889635
ellipsoid,gaussian_curvature,0,0.00255,0,2,0.4546247581840325,0.65990053675192,2.4712395983487916,0.07999999999999996,0.3366501646120692,2.0,0.036090677979735857,0.0614666666666661
ellipsoid,gaussian_curvature,0,0.00255,0,3,0.41931351103082704,0.6219787122765665,2.323279255062893,0.07666666666666666,0.28867513459481287,2.0,0.02288472319158734,0.043933333333334115
ellipsoid,gaussian_curvature,0,0.00255,1,2,0.3376203091832769,0.44961842411701586,1.4802076245259261,0.02333333333333336,0.1732050807568878,2.0,0.007850722752499449,0.014277777777777334
ellipsoid,gaussian_curvature,0,0.00255,1,3,0.39392243379592246,0.48077934804842654,0.9909687863253813,0.03333333333333331,0.19999999999999996,2.0,0.008802164903924587,0.012777777777777735
ellipsoid,gaussian_curvature,0,0.00255,2,3,0.3641126166851,0.4551515580675782,1.0497654830441352,0.043333333333333335,0.20816659994661327,1.0,0.01561244161985238,0.0231999999999995
ellipsoid,gaussian_curvature,0,0.003775,0,1,0.657784539044433,0.8216161570152296,1.9646828604819824,0.05999999999999996,0.25819888974716104,2.0,0.016861998573263447,0.02293333333333157
ellipsoid,gaussian_curvature,0,0.003775,0,2,0.8882448204449287,1.1259085418587778,2.8850964075663814,0.07333333333333329,0.2828427124746189,2.0,0.02256781458502277,0.03091111111111028
ellipsoid,gaussian_curvature,0,0.003775,0,3,0.6311185294910099,0.8187462770066917,2.13830988977287,0.08666666666666659,0.3265986323710902,2.0,0.032365697179411616,0.04424444444444359
ellipsoid,gaussian_curvature,0,0.003775,1,2,0.6939304870884773,0.8558091004162292,1.9320019744625974,0.026666666666666596,0.163299316185545,1.0,0.0064382984741927,0.011866666666665915
ellipsoid,gaussian_curvature,0,0.003775,1,3,0.6013421169347827,0.7273178421538766,1.4932210216626451,0.046666666666666634,0.24494897427831774,2.0,0.01738744639620942,0.025199999999999223
ellipsoid,gaussian_curvature,0,0.003775,2,3,0.5720893827089777,0.683367018810295,1.1970295554500439,0.03333333333333329,0.1999999999999999,2.0,0.011513277359447112,0.013333333333333475
ellipsoid,gaussian_curvature,0,0.005,0,1,0.9015488648765114,1.1415878026944166,3.0805682463555755,0.026666666666666672,0.16329931618554522,1.0,0.006008806979498324,0.009511111111110665
ellipsoid,gaussian_curvature,0,0.005,0,2,1.0253591443998524,1.3873998098829752,3.6712543004651934,0.05000000000000004,0.23804761428476176,2.0,0.006880205100301098,0.010066666666667334
ellipsoid,gaussian_curvature,0,0.005,0,3,0.9502877851619159,1.1950936415456501,3.127933990720905,0.053333333333333344,0.25819888974716115,2.0,0.01194749142876178,0.017599999999999727
ellipsoid,gaussian_curvature,0,0.005,1,2,0.8538329592956224,1.0954061495810872,2.9508349819347828,0.06333333333333338,0.25166114784235843,1.0,0.004862227385060758,0.01566666666666705
ellipsoid,gaussian_curvature,0,0.005,1,3,0.8600069821149192,1.0957826684734988,2.58743561407217,0.06666666666666668,0.25819888974716115,1.0,0.01594860830906218,0.020866666666666478
ellipsoid,gaussian_curvature,0,0.005,2,3,0.8978118026007724,1.253959253583284,4.402827817737286,0.05000000000000005,0.23804761428476187,2.0,0.014440914810915298,0.024699999999999278
ellipsoid,gaussian_curvature,1,0.0001,0,1,0.03299335717624761,0.043495186353499714,0.18131639664011345,0.010000000000000009,0.10000000000000005,1.0,0.0011872869096234593,0.003099999999998604
ellipsoid,gaussian_curvature,1,0.0001,0,2,0.028628114082976365,0.0365480017112326,0.12984975548354427,0.003333333333333355,0.05773502691896276,1.0,0.001721762184675703,0.003088888888890362
ellipsoid,gaussian_curvature,1,0.0001,0,3,0.03159697820013958,0.039533333515315315,0.11244628175363403,0.0,0.0,0.0,0.0,0.0
ellipsoid,gaussian_curvature,1,0.0001,1,2,0.03254248087483486,0.04434218166280068,0.17832397267118694,0.006666666666666654,0.08164965809277253,1.0,0.001308125917348113,0.0028666666666667395
ellipsoid,gaussian_curvature,1,0.0001,1,3,0.02976057759507174,0.03852821753284155,0.1112981114533298,0.010000000000000009,0.10000000000000005,1.0,0.0011872869096234593,0.003099999999998604
ellipsoid,gaussian_curvature,1,0.0001,2,3,0.03135351591931254,0.03994640422329576,0.131159543375297,0.003333333333333355,0.05773502691896276,1.0,0.001721762184675703,0.003088888888890362
ellipsoid,gaussian_curvature,1,0.001325,0,1,0.41554254977403,0.5345525808261907,1.9792634330104342,0.049999999999999975,0.23804761428476162,2.0,0.006124673502677896,0.014944444444444038
ellipsoid,gaussian_curvature,1,0.001325,0,2,0.46102977076822627,0.6270823088064377,2.6450777484268926,0.07333333333333333,0.3651483716701107,4.0,0.021587118930132772,0.03246666666666692
ellipsoid,gaussian_curvature,1,0.001325,0,3,0.46756182807142116,0.5980538626745324,2.5344285585375275,0.0533333333333334,0.27080128015453214,2.0,0.008895738101956497,0.020311111111111113
ellipsoid,gaussian_curvature,1,0.001325,1,2,0.39009403834198975,0.5193289622847639,1.9146473223614606,0.06999999999999999,0.32145502536643183,3.0,0.026529290048033193,0.03433333333333327
ellipsoid,gaussian_curvature,1,0.001325,1,3,0.40246869556380116,0.5050204005115486,1.7040500828862974,0.07000000000000002,0.2768874620972692,2.0,0.0062491102247298515,0.021011111111111133
ellipsoid,gaussian_curvature,1,0.001325,2,3,0.4442268733131961,0.561000064525862,1.811704059717819,0.05999999999999997,0.3741657386773941,4.0,0.025327037879243276,0.03811111111111111
ellipsoid,gaussian_curvature,1,0.00255,0,1,0.7908677359163818,1.005290886064396,3.6604987219064746,0.13666666666666663,0.43588989435406733,3.0,0.03830426192320527,0.05620000000000071
ellipsoid,gaussian_curvature,1,0.00255,0,2,0.7244957844749593,0.950763178993119,3.904725786647173,0.16666666666666663,0.5033222956847166,2.0,0.050769248817709396,0.06786666666666663
ellipsoid,gaussian_curvature,1,0.00255,0,3,0.7833254105837175,1.0095262519283923,5.087370887756364,0.22333333333333327,0.5385164807134504,3.0,0.06933212739335885,0.12020000000000043
ellipsoid,gaussian_curvature,1,0.00255,1,2,0.786793361347907,0.9588113242635291,2.742946714247836,0.13666666666666666,0.45825756949558394,3.0,0.015060955024670728,0.028266666666666218
ellipsoid,gaussian_curvature,1,0.00255,1,3,0.7734406841112397,0.9927883741816385,3.077465458483923,0.18,0.5773502691896257,4.0,0.03415612303439508,0.06499999999999971
ellipsoid,gaussian_curvature,1,0.00255,2,3,0.7634925330093545,0.9561398234676979,3.4955782570828475,0.1833333333333333,0.5196152422706631,4.0,0.027673471199515638,0.0633111111111102
ellipsoid,gaussian_curvature,1,0.003775,0,1,1.1533232322022828,1.5965303102523114,7.5529199216873835,0.1933333333333333,0.6000000000000001,5.0,0.05733109671204382,0.09324444444444452
ellipsoid,gaussian_curvature,1,0.003775,0,2,1.1694828780395734,1.5508595472609839,5.9400128674771935,0.30333333333333334,0.7187952884282608,3.0,0.046895026147411985,0.09743333333333666
ellipsoid,gaussian_curvature,1,0.003775,0,3,1.2386713797494955,1.68729528040052,5.103871953221532,0.27999999999999997,0.668331255192114,3.0,0.06810811545584267,0.1227555555555554
ellipsoid,gaussian_curvature,1,0.003775,1,2,1.2072349361879744,1.6382752677493995,6.757377777543468,0.35666666666666663,0.7767453465154028,3.0,0.08090925733073442,0.1268444444444471
ellipsoid,gaussian_curvature,1,0.003775,1,3,1.2139612554385555,1.5989996097836463,5.676854649045204,0.2733333333333333,0.6582805886043832,3.0,0.016403954155451258,0.0431111111111111
ellipsoid,gaussian_curvature,1,0.003775,2,3,1.1717563981056482,1.534092806589797,6.1330445560369995,0.45666666666666667,0.8925618559330589,5.0,0.09192791962949894,0.14483333333333492
ellipsoid,gaussian_curvature,1,0.005,0,1,1.586630247306644,2.0102558143815963,7.295885452230806,0.3766666666666667,0.7937253933193773,4.0,0.043223285000738965,0.12105555555555556
ellipsoid,gaussian_curvature,1,0.005,0,2,1.617066766787777,2.087854371629016,6.424616616402211,0.2833333333333333,0.6244997998398398,3.0,0.029324220315625576,0.06328888888888887
ellipsoid,gaussian_curvature,1,0.005,0,3,1.5451059245507481,2.0872742371130615,7.848070276842066,0.48000000000000004,1.0066445913694333,6.0,0.03460627217823455,0.0744
ellipsoid,gaussian_curvature,1,0.005,1,2,1.5870965085363038,2.051583718947608,6.755350710624278,0.34666666666666673,0.7615773105863909,4.0,0.02185838445982196,0.07880000000000006
ellipsoid,gaussian_curvature,1,0.005,1,3,1.6645783868165565,2.1878131120759363,8.322573101839488,0.6433333333333335,1.2662279942148387,7.0,0.04441932646704579,0.17918888888888898
ellipsoid,gaussian_curvature,1,0.005,2,3,1.61543780070113,2.1515905521148757,8.968724916353452,0.46333333333333326,0.9678154093971985,7.0,0.031733166367959705,0.11532222222222219
ellipsoid,gaussian_curvature,2,0.0001,0,1,0.06262563372183441,0.08545699132654903,0.452531555460034,0.016666666666666684,0.15275252316519472,2.0,0.00464271853453883,0.009755555555555556
ellipsoid,gaussian_curvature,2,0.0001,0,2,0.0603218902426446,0.08358715447624339,0.5351704914740765,0.013333333333333357,0.18257418583505544,3.0,0.0065310338608976365,0.009666666666666662
ellipsoid,gaussian_curvature,2,0.0001,0,3,0.06386734075739746,0.08419004621381707,0.387575548012272,0.009999999999999995,0.09999999999999998,1.0,0.003087413050041643,0.0064111111111111105
ellipsoid,gaussian_curvature,2,0.0001,1,2,0.05922944096206429,0.08007715217780528,0.3344586623969903,0.016666666666666705,0.12909944487358072,1.0,0.003785224142728427,0.005688888888889132
ellipsoid,gaussian_curvature,2,0.0001,1,3,0.06168590629028351,0.08154489965560062,0.44067800791584943,0.013333333333333357,0.11547005383792526,1.0,0.0016666666666666733,0.006666666666666668
ellipsoid,gaussian_curvature,2,0.0001,2,3,0.058151301838791025,0.0759483419449319,0.298075540099461,0.016666666666666684,0.15275252316519472,2.0,0.004089132943601558,0.006499999999999995
ellipsoid,gaussian_curvature,2,0.001325,0,1,0.7913747001836312,1.0374902979276222,4.223252559170042,0.42333333333333345,1.0311805532172014,7.0,0.0558123024699389,0.10182222222222209
ellipsoid,gaussian_curvature,2,0.001325,0,2,0.8298296173401295,1.1164826532163705,5.054495186977739,0.47666666666666685,1.132843031197762,6.0,0.04751872340534972,0.0980000000000007
ellipsoid,gaussian_curvature,2,0.001325,0,3,0.8193286891841162,1.0789714906197965,4.731646095439967,0.36000000000000004,0.8286535263104036,5.0,0.061882033000142084,0.09555555555555595
ellipsoid,gaussian_curvature,2,0.001325,1,2,0.878738970011984,1.166350549108674,5.7222548443274235,0.37999999999999995,1.1224972160321824,10.0,0.016979678001086518,0.03853333333333331
ellipsoid,gaussian_curvature,2,0.001325,1,3,0.8370312297823541,1.1231164665792766,5.822087555375724,0.4766666666666666,1.1150485789118487,6.0,0.02500327756293019,0.08843333333333331
ellipsoid,gaussian_curvature,2,0.001325,2,3,0.8118129324533758,1.1052388295666546,6.400738061574824,0.4366666666666667,1.1818065267490558,9.0,0.03521106406971961,0.11046666666666666
ellipsoid,gaussian_curvature,2,0.00255,0,1,1.5531095266837265,2.062421750421198,7.878459676694938,1.0349999999999997,1.775293402980664,7.0,0.05916036029684564,0.11244444444444429
ellipsoid,gaussian_curvature,2,0.00255,0,2,1.482463858068449,1.9685134483343196,9.747902975508879,1.1783333333333332,2.3341665179102655,11.0,0.09624954930149464,0.1853000000000003
ellipsoid,gaussian_curvature,2,0.00255,0,3,1.5288931027511747,2.017921244654878,10.16763584430673,1.0999999999999996,1.9139836293274122,9.0,0.22916847474034202,0.32083333333333325
ellipsoid,gaussian_curvature,2,0.00255,1,2,1.5880635761946982,2.0819585529368343,8.139842554400126,0.9400000000000002,1.8717193521821944,13.0,0.05846561526850107,0.17793333333333364
ellipsoid,gaussian_curvature,2,0.00255,1,3,1.5881350838639436,2.0869467671686275,7.499766972489979,1.0216666666666667,1.7930421077041108,8.0,0.18422961054969536,0.2669222222222231
ellipsoid,gaussian_curvature,2,0.00255,2,3,1.5249051630375747,1.9535573496377034,8.319474305183078,1.1116666666666664,2.066801070898374,10.0,0.15312102451377455,0.25199999999999934
ellipsoid,gaussian_curvature,2,0.003775,0,1,2.3894408859689342,3.157150370966165,13.063428788071025,2.2016666666666667,3.1599050618649924,13.0,0.5503899560532336,0.8554555555555556
ellipsoid,gaussian_curvature,2,0.003775,0,2,2.4548868506731303,3.2904048636144174,18.601490848353745,1.9383333333333335,2.6220221204253793,9.0,0.34801128121348635,0.5600000000000009
ellipsoid,gaussian_curvature,2,0.003775,0,3,2.400085842726548,3.1922168112355074,13.493013341978902,2.1200000000000006,3.0534133905079637,16.0,0.21019364504103796,0.3973555555555557
ellipsoid,gaussian_curvature,2,0.003775,1,2,2.300270836785501,3.079365115160681,13.614219131926943,1.563333333333334,2.3572582944316194,13.0,0.20974172600013188,0.347922222222223
ellipsoid,gaussian_curvature,2,0.003775,1,3,2.4209520618065548,3.2843788529638087,14.711558307612922,2.3783333333333334,3.6366193091936365,17.0,0.4244101726516533,0.7245555555555553
ellipsoid,gaussian_curvature,2,0.003775,2,3,2.3950694279746902,3.161333383461013,12.409123918879537,2.075,3.3259083972152133,20.0,0.2553457970477664,0.5214000000000003
ellipsoid,gaussian_curvature,2,0.005,0,1,3.204169218991412,4.401388399010742,22.570746256760877,2.183333333333333,3.050136608962512,14.0,0.21539950178765674,0.45323333333333504
ellipsoid,gaussian_curvature,2,0.005,0,2,3.219739201684437,4.363919099391446,18.83140254894893,2.1916666666666673,3.139798295007712,11.0,0.14987991764053712,0.41786666666666716
ellipsoid,gaussian_curvature,2,0.005,0,3,3.0419854939718807,3.977251095439103,17.264336935165193,2.6,3.5823642100341133,18.0,0.20962829537593977,0.4333333333333332
ellipsoid,gaussian_curvature,2,0.005,1,2,3.3482751997571563,4.478011234761027,22.50117015508136,2.125,3.121698255757593,12.0,0.3078507603334135,0.6325000000000017
ellipsoid,gaussian_curvature,2,0.005,1,3,3.0949476696508764,4.441373504944928,34.803879298497115,2.7633333333333336,3.842308333974947,14.0,0.35118068078349113,0.8167000000000014
ellipsoid,gaussian_curvature,2,0.005,2,3,3.14959595446109,4.227099799285928,21.429427495481885,2.715,3.8920859874022997,19.0,0.17616008595812413,0.4467111111111113
ellipsoid,mean_curvature,0,0.0001,0,1,0.002350564783790928,0.002919460369450369,0.008016485430968778,0.0,0.0,0.0,0.0,0.0
ellipsoid,mean_curvature,0,0.0001,0,2,0.003473506866424922,0.0045932868751152045,0.0104784636532389,0.0,0.0,0.0,0.0,0.0
ellipsoid,mean_curvature,0,0.0001,0,3,0.003546490602271862,0.004432510631289268,0.010952180348883012,0.0,0.0,0.0,0.0,0.0
ellipsoid,mean_curvature,0,0.0001,1,2,0.0030677902893978485,0.0038677602143675415,0.009002945600991907,0.0,0.0,0.0,0.0,0.0
ellipsoid,mean_curvature,0,0.0001,1,3,0.0032424165303156956,0.003954984307517936,0.009452143887633602,0.0,0.0,0.0,0.0,0.0
ellipsoid,mean_curvature,0,0.0001,2,3,0.0027854554885738706,0.0036472258381098606,0.01163283836552731,0.0,0.0,0.0,0.0,0.0
ellipsoid,mean_curvature,0,0.001325,0,1,0.04533707141254584,0.0535665172756081,0.11761691773012206,0.03999999999999997,0.21602468994692844,2.0,0.007660018588336947,0.013866666666667624
ellipsoid,mean_curvature,0,0.001325,0,2,0.04293848021873197,0.05249695982694995,0.12379480575683033,0.03,0.17320508075688773,1.0,0.007408816069761526,0.012700000000000017
ellipsoid,mean_curvature,0,0.001325,0,3,0.04055772529443174,0.052345189291877064,0.15055040443159262,0.05000000000000002,0.2380476142847618,2.0,0.011286352332405566,0.015077777777777496
ellipsoid,mean_curvature,0,0.001325,1,2,0.04298420835006111,0.055047448091342766,0.18995859634477874,0.023333333333333352,0.15275252316519472,1.0,0.005425297018286327,0.009300000000000294
ellipsoid,mean_curvature,0,0.001325,1,3,0.03454058907992727,0.04596972985829783,0.1513768262941304,0.023333333333333352,0.1732050807568879,2.0,0.006100537991522531,0.012277777777778137
ellipsoid,mean_curvature,0,0.001325,2,3,0.03314468387711517,0.04297580552478531,0.10775588539782532,0.026666666666666727,0.18257418583505566,2.0,0.004980042474243227,0.009377777777777208
ellipsoid,mean_curvature,0,0.00255,0,1,0.0841757828287536,0.10449670296118231,0.22851021735922528,0.07000000000000009,0.30000000000000016,2.0,0.012786661163247599,0.025533333333333574
ellipsoid,mean_curvature,0,0.00255,0,2,0.07121388864921742,0.09602092570277361,0.27762711531873174,0.05999999999999998,0.29439202887759475,2.0,0.020670178913020806,0.03826666666666652
ellipsoid,mean_curvature,0,0.00255,0,3,0.07679260661023894,0.10504552116906839,0.2882887395051381,0.07000000000000002,0.2645751311064591,1.0,0.01823556478547521,0.03613333333333285
ellipsoid,mean_curvature,0,0.00255,1,2,0.06830852990131815,0.0877795678977601,0.2352434429317798,0.043333333333333286,0.23804761428476143,2.0,0.010514619452087563,0.02016666666666611
ellipsoid,mean_curvature,0,0.00255,1,3,0.07240241070403841,0.0932766562056813,0.2697455060764131,0.04666666666666662,0.24494897427831772,2.0,0.011443811561069472,0.019155555555555537
ellipsoid,mean_curvature,0,0.00255,2,3,0.06870181052307575,0.09233316969329201,0.28614592919260096,0.05666666666666657,0.251661147842358,2.0,0.012506562063581021,0.024111111111111028
ellipsoid,mean_curvature,0,0.003775,0,1,0.12036028166217978,0.14898388010540767,0.3909035316151095,0.09333333333333342,0.3559026084010438,2.0,0.027024558256726366,0.04471111111111111
ellipsoid,mean_curvature,0,0.003775,0,2,0.1499808651776661,0.18111037847867736,0.41079220461321064,0.06333333333333337,0.2516611478423584,1.0,0.014725318332722207,0.022900000000000226
ellipsoid,mean_curvature,0,0.003775,0,3,0.10446020150826019,0.12879167400992492,0.2796094884555176,0.09000000000000008,0.3214550253664321,2.0,0.019429626629107234,0.027166666666667644
ellipsoid,mean_curvature,0,0.003775,1,2,0.12038837358238978,0.14551465682479425,0.3066571758869123,0.06999999999999998,0.3,2.0,0.01955212143668564,0.035844444444444436
ellipsoid,mean_curvature,0,0.003775,1,3,0.11303253307740789,0.1381812556267918,0.3025835935650494,0.07000000000000005,0.3000000000000001,2.0,0.017625361100115932,0.030444444444444434
ellipsoid,mean_curvature,0,0.003775,2,3,0.11349125490298087,0.13835485498622108,0.3220689632803335,0.03999999999999992,0.1999999999999998,1.0,0.005323586773190426,0.010666666666667185
ellipsoid,mean_curvature,0,0.005,0,1,0.1447834632091528,0.16840811031278025,0.3809680193774505,0.040000000000000056,0.24494897427831794,3.0,0.009696866406576767,0.020777777777777798
ellipsoid,mean_curvature,0,0.005,0,2,0.17087756958322506,0.20797180971956827,0.49814576533699473,0.08999999999999997,0.29999999999999993,1.0,0.008638002217210108,0.03414444444444406
ellipsoid,mean_curvature,0,0.005,0,3,0.16328014950624298,0.19823504867480182,0.47534613132966363,0.08333333333333341,0.28867513459481303,1.0,0.015599533732611907,0.03208888888888861
ellipsoid,mean_curvature,0,0.005,1,2,0.16131753747273755,0.20162736647176563,0.5275638941440757,0.09000000000000001,0.3109126351029605,2.0,0.005500858518853579,0.032033333333333025
ellipsoid,mean_curvature,0,0.005,1,3,0.15847312463980914,0.19702011620058468,0.5007329425223928,0.11000000000000004,0.360555127546399,3.0,0.023072065039462505,0.03843333333333304
ellipsoid,mean_curvature,0,0.005,2,3,0.16462191592590222,0.21395478075813573,0.6138196353630487,0.10000000000000003,0.3559026084010438,2.0,0.02174846099280496,0.038133333333332686
ellipsoid,mean_curvature,1,0.0001,0,1,0.006246108036236481,0.007810540909219625,0.022220790846493976,0.01666666666666672,0.12909944487358077,1.0,0.0032774230818763137,0.005077777777778736
ellipsoid,mean_curvature,1,0.0001,0,2,0.005838355111009509,0.007448195786288886,0.026748346090963437,0.013333333333333364,0.11547005383792529,1.0,0.0044762565194572685,0.008177777777777784
ellipsoid,mean_curvature,1,0.0001,0,3,0.0063460281938576835,0.007899895077004677,0.025525404971572296,0.009999999999999995,0.09999999999999998,1.0,0.001752464461049834,0.0031444444444444775
ellipsoid,mean_curvature,1,0.0001,1,2,0.006142944472007271,0.007912378259298431,0.025713506374926975,0.016666666666666732,0.17320508075688804,2.0,0.0020980345495706302,0.004555555555555509
ellipsoid,mean_curvature,1,0.0001,1,3,0.0057560126706447095,0.0070934445150399004,0.018124082972027278,0.013333333333333378,0.11547005383792534,1.0,0.0017520593409351437,0.003488888888889763
ellipsoid,mean_curvature,1,0.0001,2,3,0.006168885119943936,0.00767041829034958,0.020353683524203525,0.01666666666666669,0.15275252316519475,2.0,0.002959510720322622,0.005399999999999949
ellipsoid,mean_curvature,1,0.001325,0,1,0.0833436983651778,0.10415609953620854,0.3147479662641999,0.0933333333333333,0.3265986323710904,2.0,0.01527010581781437,0.027866666666666928
ellipsoid,mean_curvature,1,0.001325,0,2,0.09045630809870438,0.11544362685579967,0.33144387405386855,0.1400000000000001,0.4830458915396481,3.0,0.036593874996271515,0.05408888888888889
ellipsoid,mean_curvature,1,0.001325,0,3,0.0936568829417854,0.11436792543345954,0.3500245494383616,0.12999999999999995,0.43588989435406716,2.0,0.024595413018768744,0.04420000000000124
ellipsoid,mean_curvature,1,0.001325,1,2,0.07665612318483803,0.09654526817321693,0.32859706396455146,0.1333333333333334,0.43204937989385744,3.0,0.048832594693776765,0.07331111111111109
ellipsoid,mean_curvature,1,0.001325,1,3,0.07961842525535709,0.09744974449878556,0.25009467362076343,0.11666666666666661,0.3785938897200182,2.0,0.010134877440835102,0.023333333333333352
ellipsoid,mean_curvature,1,0.001325,2,3,0.08488721039976971,0.1033075363573307,0.3295634043435247,0.1433333333333333,0.5196152422706631,4.0,0.05792817409438544,0.09152222222222224
ellipsoid,mean_curvature,1,0.00255,0,1,0.15469656657135383,0.19107883962757938,0.5945649452411477,0.24333333333333337,0.5567764362830022,2.0,0.04852920655532008,0.07686666666666674
ellipsoid,mean_curvature,1,0.00255,0,2,0.143375563371919,0.18308999724731234,0.5797982142480231,0.23333333333333342,0.6271629240742261,3.0,0.04026087154766771,0.07813333333333355
ellipsoid,mean_curvature,1,0.00255,0,3,0.15520063789592806,0.1936441045664541,0.7791384071401055,0.2566666666666667,0.6403124237432849,4.0,0.048789868787447094,0.07359999999999978
ellipsoid,mean_curvature,1,0.00255,1,2,0.15404713562760625,0.18445133593506802,0.5482788864407762,0.30333333333333334,0.754983443527075,5.0,0.0247625949995371,0.05083333333333335
ellipsoid,mean_curvature,1,0.00255,1,3,0.15473281156660212,0.20096925511672112,0.7076949082749229,0.3133333333333334,0.8082903768654762,4.0,0.02522694033208373,0.07706666666666667
ellipsoid,mean_curvature,1,0.00255,2,3,0.15201489121999145,0.19097047392457908,0.7347108903677815,0.2366666666666667,0.6027713773341709,3.0,0.01865934876399197,0.04150000000000011
ellipsoid,mean_curvature,1,0.003775,0,1,0.21716792066782536,0.27813706329518545,0.8026707642197444,0.35833333333333334,0.7604823031033222,4.0,0.03986697737192587,0.11106666666666679
ellipsoid,mean_curvature,1,0.003775,0,2,0.22053944060501296,0.2678997130018144,0.8512922909878506,0.42666666666666664,0.8717797887081347,3.0,0.06986113798688705,0.13644444444444348
ellipsoid,mean_curvature,1,0.003775,0,3,0.23877506925482994,0.31039130566873846,1.254948428887708,0.5549999999999999,0.9840392946083675,5.0,0.13525832813257166,0.2136888888888905
ellipsoid,mean_curvature,1,0.003775,1,2,0.23106439444195487,0.29846422923101124,0.9986347033718062,0.5049999999999999,0.9082951062292475,4.0,0.09332952770019137,0.18913333333333332
ellipsoid,mean_curvature,1,0.003775,1,3,0.23536886204478774,0.2960239611059687,0.9690237175099123,0.63,1.1561430130683086,6.0,0.12414500855108081,0.19149999999999862
ellipsoid,mean_curvature,1,0.003775,2,3,0.2284526511597102,0.29428048106941984,1.0650332370307163,0.7416666666666667,1.2335585379975558,5.0,0.201997031973061,0.32083333333333297
ellipsoid,mean_curvature,1,0.005,0,1,0.31119549774040123,0.38231397672947137,0.9788271080302553,0.9066666666666667,1.3228756555322951,4.0,0.13845041549753606,0.29535555555555537
ellipsoid,mean_curvature,1,0.005,0,2,0.32125983983916484,0.4002849389196696,1.1247510243589085,0.6733333333333333,1.1298967504452195,7.0,0.12553141467361403,0.18493333333333395
ellipsoid,mean_curvature,1,0.005,0,3,0.29538146756400374,0.3763185836561369,1.0967392837656675,0.935,1.4358505028959898,6.0,0.10012279754620085,0.2005555555555556
ellipsoid,mean_curvature,1,0.005,1,2,0.3152031761415888,0.38501661705139717,1.1457591637123434,0.6533333333333333,1.0984838035522722,5.0,0.05178304296866521,0.1696666666666668
ellipsoid,mean_curvature,1,0.005,1,3,0.3184649999587224,0.3821904451333948,0.9280101194896799,1.1383333333333332,1.754517977489354,6.0,0.08065576142999231,0.29800000000000004
ellipsoid,mean_curvature,1,0.005,2,3,0.3001318397012287,0.37022483048666033,1.2651289239138983,0.8516666666666666,1.3778001790293588,5.0,0.06202996753528026,0.16582222222222215
ellipsoid,mean_curvature,2,0.0001,0,1,0.012404952229593008,0.016089440703498183,0.06667434328674071,0.07333333333333325,0.37416573867739406,4.0,0.019274933080752638,0.035555555555555576
ellipsoid,mean_curvature,2,0.0001,0,2,0.011749951701450649,0.015115002983536876,0.058068663690387545,0.06333333333333331,0.3696845502136472,4.0,0.01319056044198522,0.02523333333333333
ellipsoid,mean_curvature,2,0.0001,0,3,0.012602429554169426,0.015925178762135665,0.05339800027865094,0.05666666666666666,0.33166247903553997,3.0,0.016103332093910048,0.030888888888888896
ellipsoid,mean_curvature,2,0.0001,1,2,0.011783113128346935,0.01535828327764948,0.06678213835684588,0.0633333333333333,0.30000000000000004,2.0,0.007653484372837404,0.013122222222222188
ellipsoid,mean_curvature,2,0.0001,1,3,0.012219235347499089,0.015606060722603168,0.05641279645098063,0.049999999999999906,0.23804761428476157,2.0,0.004668749535177754,0.008499999999999841
ellipsoid,mean_curvature,2,0.0001,2,3,0.011479849049265125,0.014420548925656296,0.05609155338223948,0.053333333333333316,0.30550504633038933,3.0,0.005623766439957529,0.017288888888888906
ellipsoid,mean_curvature,2,0.001325,0,1,0.16032822058107926,0.20360648048104585,0.8800599126404431,0.7816666666666666,1.5038838607640774,10.0,0.0656633402992818,0.11966666666666675
ellipsoid,mean_curvature,2,0.001325,0,2,0.16311824855641116,0.20698856788923084,0.8210315626917168,0.8666666666666668,1.5110702608857518,8.0,0.07488361683278076,0.18010000000000032
ellipsoid,mean_curvature,2,0.001325,0,3,0.16696561173845345,0.216739361021882,1.0388705971495262,0.945,1.7771700350088433,8.0,0.09239098525493984,0.1683555555555556
ellipsoid,mean_curvature,2,0.001325,1,2,0.17255237110182745,0.2165233245877774,0.6957788076450573,0.7516666666666665,1.6119346554166931,11.0,0.037423757336333574,0.1126222222222224
ellipsoid,mean_curvature,2,0.001325,1,3,0.16264495246033497,0.20723284920947768,0.8121410224937586,0.9433333333333334,1.875277757204694,8.0,0.1490361917130504,0.2378000000000001
ellipsoid,mean_curvature,2,0.001325,2,3,0.16148775276236121,0.20699603733989072,0.7332818148757108,1.1216666666666666,2.2483327155917117,13.0,0.15840019465476096,0.31016666666666665
ellipsoid,mean_curvature,2,0.00255,0,1,0.30591022116409017,0.3907874089040084,1.5100778450959926,1.636666666666667,2.417298767908786,10.0,0.1545921971769063,0.32261111111111096
ellipsoid,mean_curvature,2,0.00255,0,2,0.29835993635934027,0.3857289023856681,1.649287407225793,1.9316666666666669,2.9991665508937646,11.0,0.1631013856344718,0.3076666666666666
ellipsoid,mean_curvature,2,0.00255,0,3,0.30100841585444754,0.38118710034437364,1.7974795396144372,2.0233333333333334,2.738004139271281,9.0,0.18143546081273415,0.3521666666666665
ellipsoid,mean_curvature,2,0.00255,1,2,0.3149111209267621,0.3982004281819959,1.534248826742449,1.6983333333333337,2.63912864407933,10.0,0.053591016383690945,0.18133333333333312
ellipsoid,mean_curvature,2,0.00255,1,3,0.3103021668692914,0.39780398133609784,1.7694179072642853,1.6199999999999997,2.3180451534284945,7.0,0.10787711802135155,0.27946666666666653
ellipsoid,mean_curvature,2,0.00255,2,3,0.30446765179358204,0.3870911165393172,1.958697106914511,1.9316666666666666,2.803271897860308,11.0,0.1089432064069267,0.3091999999999995
ellipsoid,mean_curvature,2,0.003775,0,1,0.4742350169776897,0.609528633464313,2.7041673177915007,2.8600000000000003,3.8,12.0,0.5215414987296014,0.88211111111111
ellipsoid,mean_curvature,2,0.003775,0,2,0.4801192009174746,0.6168120842875701,3.3122410992747238,2.880000000000001,4.045985664828782,16.0,0.4798982347756042,0.7641333333333338
ellipsoid,mean_curvature,2,0.003775,0,3,0.46736967907207677,0.6003474884648792,2.7263494206518315,2.876666666666667,3.9162056466261657,16.0,0.29323119100566514,0.722499999999999
ellipsoid,mean_curvature,2,0.003775,1,2,0.45326482626581754,0.58330609965428,2.4200371315440985,2.413333333333333,3.2005207909547058,9.0,0.14102807800579348,0.32673333333333376
ellipsoid,mean_curvature,2,0.003775,1,3,0.4723412176643333,0.6076553858375541,2.0013682387430727,2.8833333333333337,4.078807015129138,15.0,0.5131729862801973,0.98041111111111
ellipsoid,mean_curvature,2,0.003775,2,3,0.4753283637682443,0.6048350733656785,2.0711952342126905,3.476666666666667,5.116639522186413,19.0,0.526588054689397,1.0144222222222217
ellipsoid,mean_curvature,2,0.005,0,1,0.622994400011474,0.797173090823108,3.4374461654216693,2.8033333333333337,3.6656059071682363,11.0,0.3809583969217432,0.748433333333332
ellipsoid,mean_curvature,2,0.005,0,2,0.6360486212181334,0.8254636893603806,3.3091742423033264,2.665,3.5784074670165777,12.0,0.32084667620162577,0.6366666666666694
ellipsoid,mean_curvature,2,0.005,0,3,0.6092469154549127,0.7716858221499409,3.692213005509557,3.39,4.633573135281238,17.0,0.3678012891947685,0.8320666666666673
ellipsoid,mean_curvature,2,0.005,1,2,0.6692168369409206,0.8625432291714991,3.2841893242178624,3.1383333333333328,4.169532347877877,12.0,0.6265656421229069,1.1964666666666672
ellipsoid,mean_curvature,2,0.005,1,3,0.6047151132433719,0.8150611786522929,3.9979166004381046,3.8999999999999995,4.985980344927164,14.0,0.690696368945193,1.4233333333333333
ellipsoid,mean_curvature,2,0.005,2,3,0.6270329678889353,0.7974987689719587,2.7321061108401206,3.4683333333333333,4.464862819841165,11.0,0.3893697768807285,0.8436333333333326
product_sine_graph,gaussian_curvature,0,0.0001,0,1,0.028933282406560918,0.043333396119892106,0.341551033969381,0.0,0.0,0.0,0.0,0.0
product_sine_graph,gaussian_curvature,0,0.0001,0,2,0.028851518291220457,0.04130751276025003,0.22755167013077937,0.0,0.0,0.0,0.0,0.0
product_sine_graph,gaussian_curvature,0,0.0001,0,3,0.027588895680399995,0.0470768098138669,0.7601495732803869,0.0,0.0,0.0,0.0,0.0
product_sine_graph,gaussian_curvature,0,0.0001,1,2,0.026691530442320664,0.04701357065641666,0.4606404140665745,0.0,0.0,0.0,0.0,0.0
product_sine_graph,gaussian_curvature,0,0.0001,1,3,0.02722023766379385,0.03991046909526105,0.4185985393110059,0.0,0.0,0.0,0.0,0.0
product_sine_graph,gaussian_curvature,0,0.0001,2,3,0.03110330939677131,0.050872844412328,0.8792389533775804,0.0,0.0,0.0,0.0,0.0
product_sine_graph,gaussian_curvature,0,0.001325,0,1,0.39698498357570783,0.629158267068969,3.7785946779792994,0.0,0.0,0.0,0.0,0.0
product_sine_graph,gaussian_curvature,0,0.001325,0,2,0.42153806694506335,0.7972374173084852,14.518391516692418,0.0,0.0,0.0,0.0,0.0
product_sine_graph,gaussian_curvature,0,0.001325,0,3,0.3908859693920374,0.6585295146459863,7.430327440989913,0.0,0.0,0.0,0.0,0.0
product_sine_graph,gaussian_curvature,0,0.001325,1,2,0.4602874035492211,0.7552523687122323,10.739796838713119,0.0,0.0,0.0,0.0,0.0
product_sine_graph,gaussian_curvature,0,0.001325,1,3,0.4104310358446558,0.7678018784738263,6.715245614382212,0.0,0.0,0.0,0.0,0.0
product_sine_graph,gaussian_curvature,0,0.001325,2,3,0.43889916220598024,0.8357613794566706,8.173739106676294,0.0,0.0,0.0,0.0,0.0
product_sine_graph,gaussian_curvature,0,0.00255,0,1,0.8776243538365608,1.2094427950780415,5.190200210092144,0.0,0.0,0.0,0.0,0.0
product_sine_graph,gaussian_curvature,0,0.00255,0,2,0.9225417798286434,1.2749745190322725,4.9045274757476705,0.0,0.0,0.0,0.0,0.0
product_sine_graph,gaussian_curvature,0,0.00255,0,3,0.7937837139297612,1.1864967103037614,15.04371570243029,0.0,0.0,0.0,0.0,0.0
product_sine_graph,gaussian_curvature,0,0.00255,1,2,1.095806047421174,1.6077680606260638,8.316858600468038,0.0,0.0,0.0,0.0,0.0
product_sine_graph,gaussian_curvature,0,0.00255,1,3,0.8298623744517981,1.2798644882612449,17.21387703639016,0.0,0.0,0.0,0.0,0.0
product_sine_graph,gaussian_curvature,0,0.00255,2,3,0.8211203371668974,1.2749496826920528,18.83247775134305,0.0,0.0,0.0,0.0,0.0
product_sine_graph,gaussian_curvature,0,0.003775,0,1,1.2268580139617047,2.220678585121329,43.662003815708886,0.0,0.0,0.0,0.0,0.0
product_sine_graph,gaussian_curvature,0,0.003775,0,2,1.170604131211737,1.982141235635187,26.869777527054794,0.0,0.0,0.0,0.0,0.0
product_sine_graph,gaussian_curvature,0,0.003775,0,3,1.1878202786689374,2.2940632941983967,45.06023310194041,0.0,0.0,0.0,0.0,0.0
product_sine_graph,gaussian_curvature,0,0.003775,1,2,1.0099739793330933,2.127661498288418,38.23447993520995,0.0,0.0,0.0,0.0,0.0
product_sine_graph,gaussian_curvature,0,0.003775,1,3,1.0965479209241356,1.732814721873034,10.170436557726816,0.0,0.0,0.0,0.0,0.0
product_sine_graph,gaussian_curvature,0,0.003775,2,3,1.374372731353216,2.454107422870193,48.40491649293676,0.0,0.0,0.0,0.0,0.0
product_sine_graph,gaussian_curvature,0,0.005,0,1,1.6951259162513168,2.4214754123323012,26.416907815038257,0.0,0.0,0.0,0.0,0.0
product_sine_graph,gaussian_curvature,0,0.005,0,2,1.2372308064872415,2.0410883010308623,25.953620533920912,0.0,0.0,0.0,0.0,0.0
product_sine_graph,gaussian_curvature,0,0.005,0,3,1.6318101073663778,2.82362695643148,44.92045803036149,0.0,0.0,0.0,0.0,0.0
product_sine_graph,gaussian_curvature,0,0.005,1,2,1.566980728493617,2.8788388670819223,52.37052834895917,0.0,0.0,0.0,0.0,0.0
product_sine_graph,gaussian_curvature,0,0.005,1,3,1.4786990220361258,2.2497050787443333,18.50355021532323,0.0,0.0,0.0,0.0,0.0
product_sine_graph,gaussian_curvature,0,0.005,2,3,1.7599523774688979,3.5012719576479117,70.8740785642824,0.0,0.0,0.0,0.0,0.0
product_sine_graph,gaussian_curvature,1,0.0001,0,1,0.10634617272392266,0.22422673207796084,6.924944235552175,0.0,0.0,0.0,0.0,0.0
product_sine_graph,gaussian_curvature,1,0.0001,0,2,0.09793030006718231,0.2033415782994286,5.870899024474056,0.0,0.0,0.0,0.0,0.0
product_sine_graph,gaussian_curvature,1,0.0001,0,3,0.09827156253825917,0.21009270762389926,6.266449873012789,0.0,0.0,0.0,0.0,0.0
product_sine_graph,gaussian_curvature,1,0.0001,1,2,0.11650713947262197,0.26728592410236596,10.615987963287807,0.0,0.0,0.0,0.0,0.0
product_sine_graph,gaussian_curvature,1,0.0001,1,3,0.11283938903318899,0.20288612679711893,1.6252976244215915,0.0,0.0,0.0,0.0,0.0
product_sine_graph,gaussian_curvature,1,0.0001,2,3,0.10658590457296506,0.2473880711317079,11.11842875567163,0.0,0.0,0.0,0.0,0.0
product_sine_graph,gaussian_curvature,1,0.001325,0,1,1.3525672775572297,2.719795497701581,87.6625889221541,0.003333333333333355,0.05773502691896276,1.0,0.000962261140261424,0.001666666666666955
product_sine_graph,gaussian_curvature,1,0.001325,0,2,1.4066903242100806,2.351677166749277,20.060839034228593,0.003333333333333355,0.05773502691896276,1.0,0.000962261140261424,0.001666666666666955
product_sine_graph,gaussian_curvature,1,0.001325,0,3,1.4033530633256586,2.601756280460155,64.17686093482098,0.010000000000000064,0.17320508075688829,3.0,0.002886783420784994,0.004999999999999755
product_sine_graph,gaussian_curvature,1,0.001325,1,2,1.4616636187069756,2.7779012527304707,82.16923035147465,0.0,0.0,0.0,0.0,0.0
product_sine_graph,gaussian_curvature,1,0.001325,1,3,1.5375574113732833,3.4236092331243717,114.09982949313144,0.00666666666666671,0.11547005383792552,2.0,0.0019245222805235702,0.0033333333333327997
product_sine_graph,gaussian_curvature,1,0.001325,2,3,1.5256140630103998,2.772957529065831,63.39605515268704,0.00666666666666671,0.11547005383792552,2.0,0.0019245222805235702,0.0033333333333327997
product_sine_graph,gaussian_curvature,1,0.00255,0,1,2.9345168773345973,5.621237737264218,126.6289321487584,0.01333333333333342,0.23094010767585105,4.0,0.003849044561046275,0.006666666666666654
product_sine_graph,gaussian_curvature,1,0.00255,0,2,2.6955736056431996,6.053223213458589,230.0739933788991,0.023333333333333484,0.40414518843273933,7.0,0.006735827981831274,0.011666666666666325
product_sine_graph,gaussian_curvature,1,0.00255,0,3,2.8610948125835245,7.73624434039867,309.3161179828139,0.016666666666666774,0.2886751345948138,5.0,0.004811305701307781,0.00833333333333336
product_sine_graph,gaussian_curvature,1,0.00255,1,2,2.9390900573295515,5.343987597157603,103.44506123014071,0.010000000000000064,0.17320508075688829,3.0,0.0028867834207849997,0.004999999999999671
product_sine_graph,gaussian_curvature,1,0.00255,1,3,2.849422735006283,6.378847555149508,254.56074280791563,0.003333333333333355,0.05773502691896276,1.0,0.0009622611402615059,0.0016666666666667052
product_sine_graph,gaussian_curvature,1,0.00255,2,3,2.880774305546283,6.411040956477899,245.711052672591,0.00666666666666671,0.11547005383792552,2.0,0.0019245222805234934,0.0033333333333329662
product_sine_graph,gaussian_curvature,1,0.003775,0,1,4.511996847907104,9.054006720770992,173.28957754463045,0.030000000000000165,0.4654746681256328,8.0,0.008575686993320822,0.01490000000000033
product_sine_graph,gaussian_curvature,1,0.003775,0,2,4.074224252949124,7.708419100989043,120.61798178929439,0.016666666666666774,0.2886751345948138,5.0,0.004811305701308513,0.008333333333332749
product_sine_graph,gaussian_curvature,1,0.003775,0,3,4.134152546924764,7.440871499915978,74.71107348010497,0.01333333333333342,0.23094010767585105,4.0,0.00384904456104687,0.006666666666666765
product_sine_graph,gaussian_curvature,1,0.003775,1,2,4.330538796393247,8.639383249175426,117.01602358598399,0.013333333333333391,0.18257418583505589,3.0,0.003777494542759171,0.006622222222221974
product_sine_graph,gaussian_curvature,1,0.003775,1,3,4.275485260880714,7.8097320066558655,150.1372630415026,0.016666666666666746,0.23804761428476237,4.0,0.004735004486767793,0.008277777777778217
product_sine_graph,gaussian_curvature,1,0.003775,2,3,4.319411881263071,8.099405463488266,113.00785975731924,0.003333333333333355,0.05773502691896276,1.0,0.0009622611402616434,0.0016666666666659835
product_sine_graph,gaussian_curvature,1,0.005,0,1,5.524668449470673,9.862579716984737,102.56046497504485,0.003333333333333355,0.05773502691896276,1.0,0.0009622611402617747,0.0016666666666670382
product_sine_graph,gaussian_curvature,1,0.005,0,2,5.3628895996431165,9.937094763984675,271.24838500564783,0.0,0.0,0.0,0.0,0.0
product_sine_graph,gaussian_curvature,1,0.005,0,3,6.146261206399325,11.668022449774428,314.25789867823187,0.023333333333333345,0.2645751311064594,4.0,0.006410910517434781,0.011277777777777553
product_sine_graph,gaussian_curvature,1,0.005,1,2,5.061449287049138,10.187440698735644,357.3334011478255,0.003333333333333355,0.05773502691896276,1.0,0.0009622611402617747,0.0016666666666670382
product_sine_graph,gaussian_curvature,1,0.005,1,3,5.456014681979038,10.004590986012966,228.1728825360542,0.01999999999999999,0.2160246899469288,3.0,0.005467140900839457,0.009666666666666074
product_sine_graph,gaussian_curvature,1,0.005,2,3,5.870878791230021,13.481638816560848,585.5062836838797,0.023333333333333345,0.2645751311064594,4.0,0.006410910517434781,0.011277777777777553
product_sine_graph,gaussian_curvature,2,0.0001,0,1,0.22894570163063893,0.6584881573584521,22.23131408084737,0.010000000000000064,0.12909944487358097,2.0,0.00257944151290907,0.004999999999999893
product_sine_graph,gaussian_curvature,2,0.0001,0,2,0.22033748631354455,0.5737484318743322,14.079223802913475,0.01333333333333342,0.16329931618554575,2.0,0.0023094010767585552,0.006666666666666821
product_sine_graph,gaussian_curvature,2,0.0001,0,3,0.24747734858720288,0.6453989624726952,8.325724213021203,0.01333333333333342,0.18257418583505597,3.0,0.0027156761808688236,0.006644444444444009
product_sine_graph,gaussian_curvature,2,0.0001,1,2,0.22796161972273737,0.6359491965301837,18.491427503675368,0.010000000000000064,0.17320508075688829,3.0,0.002886783420784965,0.004999999999999893
product_sine_graph,gaussian_curvature,2,0.0001,1,3,0.24300338256516926,0.6915988587155291,20.585344092105515,0.016666666666666774,0.23804761428476243,4.0,0.004317123051330097,0.008333333333333748
product_sine_graph,gaussian_curvature,2,0.0001,2,3,0.2201723531209117,0.5626177046243985,8.141763832463766,0.00666666666666671,0.08164965809277287,1.0,0.0016429673045393227,0.0033333333333338544
product_sine_graph,gaussian_curvature,2,0.001325,0,1,2.896790194804044,7.749606314247443,160.3335269317331,0.013333333333333391,0.14142135623730986,2.0,0.0030572857054548272,0.005733333333333271
product_sine_graph,gaussian_curvature,2,0.001325,0,2,2.911901320448071,7.708668304579848,237.94814763936665,0.023333333333333456,0.3511884584284257,6.0,0.006150219976660513,0.013666666666666216
product_sine_graph,gaussian_curvature,2,0.001325,0,3,3.078241055356589,8.240035254548363,251.04581338312346,0.023333333333333484,0.3109126351029615,5.0,0.006147650024444229,0.011666666666666048
product_sine_graph,gaussian_curvature,2,0.001325,1,2,3.162913206022817,9.022025610011534,255.15802142767825,0.030000000000000138,0.3214550253664328,5.0,0.0055764514433098555,0.015400000000001746
product_sine_graph,gaussian_curvature,2,0.001325,1,3,3.0173443190961944,8.09999766166854,178.09011703058877,0.016666666666666746,0.23804761428476237,4.0,0.00431227790625105,0.009533333333333172
product_sine_graph,gaussian_curvature,2,0.001325,2,3,3.0525694598192423,7.952777867926216,138.62546952460843,0.013333333333333391,0.14142135623730986,2.0,0.002663161276292489,0.006644444444444897
product_sine_graph,gaussian_curvature,2,0.00255,0,1,5.781883660942459,16.482972778991655,469.58022817845267,0.01666666666666672,0.17320508075688798,2.0,0.003202548496498208,0.008322222222221454
product_sine_graph,gaussian_curvature,2,0.00255,0,2,5.665214477700838,16.7886385098394,871.0322430487977,0.020000000000000018,0.1825741858350555,2.0,0.0024272289404213376,0.00955555555555556
product_sine_graph,gaussian_curvature,2,0.00255,0,3,6.125876169770967,16.656733306435815,780.6863354886154,0.03333333333333341,0.2828427124746194,3.0,0.003795709078341936,0.010000000000000064
product_sine_graph,gaussian_curvature,2,0.00255,1,2,6.246417902652436,19.54955219585305,1340.6124712272504,0.010000000000000009,0.10000000000000005,1.0,0.0026483048386685337,0.00496666666666612
product_sine_graph,gaussian_curvature,2,0.00255,1,3,6.177530895336777,17.36909343137532,507.2189577710742,0.01666666666666669,0.12909944487358066,1.0,0.0010800186707726402,0.004777777777777763
product_sine_graph,gaussian_curvature,2,0.00255,2,3,5.617767502186448,15.772714573109608,955.5239531597654,0.013333333333333391,0.14142135623730986,2.0,0.0025885948012908102,0.006644444444444675
product_sine_graph,gaussian_curvature,2,0.003775,0,1,9.279414056083267,25.116383149528815,735.6450524207648,0.020000000000000046,0.1632993161855453,2.0,0.0029442278047493364,0.005688888888888868
product_sine_graph,gaussian_curvature,2,0.003775,0,2,9.421263696408259,26.235940408556928,757.7226925205905,0.036666666666666736,0.28867513459481314,3.0,0.004739921080761943,0.011666666666666492
product_sine_graph,gaussian_curvature,2,0.003775,0,3,8.524463475915717,23.23431206016292,719.6304973726037,0.040000000000000036,0.316227766016838,4.0,0.006887401273070354,0.017933333333333162
product_sine_graph,gaussian_curvature,2,0.003775,1,2,8.997820584167034,27.201253179122688,1493.3677449413553,0.0233333333333334,0.22360679774997938,3.0,0.005029151643681765,0.011866666666666581
product_sine_graph,gaussian_curvature,2,0.003775,1,3,8.56432013230408,25.045881443971062,1455.2755497933686,0.04000000000000001,0.3464101615137755,4.0,0.009280117247734025,0.018777777777777623
product_sine_graph,gaussian_curvature,2,0.003775,2,3,8.824875415684005,23.90340125764746,470.82795436357947,0.04333333333333339,0.3316624790355402,4.0,0.006543260598451972,0.012800000000000065
product_sine_graph,gaussian_curvature,2,0.005,0,1,10.465822297227742,28.845417782759494,1108.1006064322537,0.04333333333333353,0.48648398397754894,8.0,0.008570291542260368,0.020111111111111208
product_sine_graph,gaussian_curvature,2,0.005,0,2,11.023248089529655,29.29463945416836,468.1594768569348,0.050000000000000155,0.3958114029012649,6.0,0.006791244969108843,0.018333333333332646
product_sine_graph,gaussian_curvature,2,0.005,0,3,11.18758270220571,31.37364539538036,1051.3506635090926,0.04333333333333353,0.395811402901265,6.0,0.004945723929333644,0.012866666666666804
product_sine_graph,gaussian_curvature,2,0.005,1,2,12.105412186686989,32.27940397325869,1277.4942607312005,0.04000000000000006,0.27080128015453214,3.0,0.004419569276817475,0.015333333333333449
product_sine_graph,gaussian_curvature,2,0.005,1,3,11.588809414726716,31.666281158609145,782.8679343225886,0.03333333333333344,0.2309401076758507,2.0,0.004213831819238338,0.015822222222222355
product_sine_graph,gaussian_curvature,2,0.005,2,3,11.152242528671511,28.99535258887846,766.3605286663187,0.033333333333333354,0.30550504633038944,4.0,0.003469882174443695,0.013488888888888773
product_sine_graph,mean_curvature,0,0.0001,0,1,0.002177496884289604,0.003446449807879596,0.018961731220667133,0.0,0.0,0.0,0.0,0.0
product_sine_graph,mean_curvature,0,0.0001,0,2,0.001783158846408991,0.0027087791619747805,0.012626190032992923,0.010000000000000064,0.17320508075688829,3.0,0.002886783420784741,0.004999999999999949
product_sine_graph,mean_curvature,0,0.0001,0,3,0.00166553437109214,0.002356631951099527,0.011084407730807655,0.003333333333333355,0.05773502691896276,1.0,0.0009622611402613019,0.0016666666666681762
product_sine_graph,mean_curvature,0,0.0001,1,2,0.0019478877168172524,0.0030782050527947743,0.020677659987505592,0.010000000000000064,0.17320508075688829,3.0,0.002886783420784741,0.004999999999999949
product_sine_graph,mean_curvature,0,0.0001,1,3,0.0020331208226856403,0.0032005215063173435,0.01784482723119396,0.003333333333333355,0.05773502691896276,1.0,0.0009622611402613019,0.0016666666666681762
product_sine_graph,mean_curvature,0,0.0001,2,3,0.0017115092982740573,0.002834871628574423,0.019007371355588276,0.00666666666666671,0.11547005383792552,2.0,0.001924522280523439,0.0033333333333317727
product_sine_graph,mean_curvature,0,0.001325,0,1,0.027824443652632487,0.042674125528553424,0.2374688639442546,0.010000000000000064,0.17320508075688829,3.0,0.00288678342078502,0.004999999999999921
product_sine_graph,mean_curvature,0,0.001325,0,2,0.02829157464597539,0.045002236175549507,0.3199418953615556,0.0,0.0,0.0,0.0,0.0
product_sine_graph,mean_curvature,0,0.001325,0,3,0.022252012420649624,0.04430821111002782,0.4340638964387402,0.006666666666666682,0.08164965809277269,1.0,0.0008164965809277315,0.003333333333333355
product_sine_graph,mean_curvature,0,0.001325,1,2,0.02843068646715164,0.042173591416860876,0.21667644751514992,0.010000000000000064,0.17320508075688829,3.0,0.00288678342078502,0.004999999999999921
product_sine_graph,mean_curvature,0,0.001325,1,3,0.030735272589470366,0.05627800392092306,0.4662214783808274,0.010000000000000037,0.12909944487358088,2.0,0.002667118017358685,0.004966666666666758
product_sine_graph,mean_curvature,0,0.001325,2,3,0.030167554728074537,0.05991269871797128,0.5506592747763044,0.006666666666666682,0.08164965809277269,1.0,0.0008164965809277315,0.003333333333333355
product_sine_graph,mean_curvature,0,0.00255,0,1,0.04906970445738405,0.07316903002481673,0.39017490123879206,0.0,0.0,0.0,0.0,0.0
product_sine_graph,mean_curvature,0,0.00255,0,2,0.04739122253686684,0.07521793215939244,0.4074712267685978,0.0,0.0,0.0,0.0,0.0
product_sine_graph,mean_curvature,0,0.00255,0,3,0.04237545152344417,0.07530764521374478,0.46986710380680563,0.0,0.0,0.0,0.0,0.0
product_sine_graph,mean_curvature,0,0.00255,1,2,0.054780840099244804,0.08614947623798071,0.4382659011549599,0.0,0.0,0.0,0.0,0.0
product_sine_graph,mean_curvature,0,0.00255,1,3,0.04819368891099382,0.07696750344903137,0.42640570496230445,0.0,0.0,0.0,0.0,0.0
product_sine_graph,mean_curvature,0,0.00255,2,3,0.052279437666092346,0.08412045950816303,0.5156788303236244,0.0,0.0,0.0,0.0,0.0
product_sine_graph,mean_curvature,0,0.003775,0,1,0.07272866380654178,0.11025783356354377,0.5829179724931581,0.003333333333333355,0.05773502691896276,1.0,0.000962261140261964,0.001666666666664901
product_sine_graph,mean_curvature,0,0.003775,0,2,0.06426355829282214,0.09867748603135507,0.512616692025345,0.00666666666666671,0.08164965809277287,1.0,0.0017972773189787639,0.003311111111109391
product_sine_graph,mean_curvature,0,0.003775,0,3,0.0664774260178888,0.09437157940400567,0.5948741984112242,0.0,0.0,0.0,0.0,0.0
product_sine_graph,mean_curvature,0,0.003775,1,2,0.06054485432314718,0.08984225148204322,0.5638192383866798,0.010000000000000064,0.12909944487358097,2.0,0.0027136486303295775,0.004966666666666716
product_sine_graph,mean_curvature,0,0.003775,1,3,0.07450529689795564,0.10626910988351745,0.42785506820123054,0.003333333333333355,0.05773502691896276,1.0,0.000962261140261964,0.001666666666664901
product_sine_graph,mean_curvature,0,0.003775,2,3,0.07176608880597513,0.10326183169129081,0.43493532249311606,0.00666666666666671,0.08164965809277287,1.0,0.0017972773189787639,0.003311111111109391
product_sine_graph,mean_curvature,0,0.005,0,1,0.11023502936136809,0.1480564962897266,0.5843208687373114,0.010000000000000037,0.12909944487358088,2.0,0.002878431929084192,0.005433333333333734
product_sine_graph,mean_curvature,0,0.005,0,2,0.0929385574929313,0.1429074310100765,0.8690798713122305,0.006666666666666682,0.08164965809277269,1.0,0.0003849001794597534,0.003333333333333355
product_sine_graph,mean_curvature,0,0.005,0,3,0.10746330998361359,0.1736643651548164,1.1060511248940976,0.013333333333333391,0.14142135623730986,2.0,0.001893741044608233,0.0033333333333329662
product_sine_graph,mean_curvature,0,0.005,1,2,0.09070145261773091,0.1380298933130578,0.783890131344279,0.010000000000000009,0.12909944487358055,2.0,0.0028863984992196254,0.005433333333333734
product_sine_graph,mean_curvature,0,0.005,1,3,0.08830138996160611,0.13609735741018542,0.6491864060145325,0.01666666666666672,0.17320508075688798,2.0,0.004431566992411887,0.008277777777778592
product_sine_graph,mean_curvature,0,0.005,2,3,0.09754321536530113,0.14537958017842798,0.6228953595995943,0.00666666666666671,0.11547005383792552,2.0,0.0019245222805235032,0.0033333333333329662
product_sine_graph,mean_curvature,1,0.0001,0,1,0.008020730612101956,0.011309813171149326,0.10504605525882482,0.00666666666666671,0.11547005383792552,2.0,0.0019245222805226556,0.0033333333333359083
product_sine_graph,mean_curvature,1,0.0001,0,2,0.008770369555130733,0.011709646185421719,0.04666483180089287,0.00666666666666671,0.11547005383792552,2.0,0.0019245222805235039,0.0033333333333317727
product_sine_graph,mean_curvature,1,0.0001,0,3,0.008100628585449837,0.010615230759241291,0.04776915916193758,0.0,0.0,0.0,0.0,0.0
product_sine_graph,mean_curvature,1,0.0001,1,2,0.00866088980559885,0.011378613785057525,0.07338011237992959,0.01333333333333342,0.23094010767585105,4.0,0.0038490445610461594,0.006666666666667681
product_sine_graph,mean_curvature,1,0.0001,1,3,0.007638377519962238,0.010420287896969959,0.08745283800524106,0.00666666666666671,0.11547005383792552,2.0,0.0019245222805226556,0.0033333333333359083
product_sine_graph,mean_curvature,1,0.0001,2,3,0.008239919160266439,0.01098396971168969,0.04471190680895276,0.00666666666666671,0.11547005383792552,2.0,0.0019245222805235039,0.0033333333333317727
product_sine_graph,mean_curvature,1,0.001325,0,1,0.11573948116494942,0.15057854243825256,0.5739972088085352,0.01333333333333342,0.23094010767585105,4.0,0.003849557721376228,0.00671111111111089
product_sine_graph,mean_curvature,1,0.001325,0,2,0.11496213297264338,0.15100334812104269,0.7064105805317915,0.01333333333333342,0.16329931618554575,2.0,0.0038300092941685165,0.006666666666666432
product_sine_graph,mean_curvature,1,0.001325,0,3,0.11591829077167909,0.1563288695669559,1.413280575316577,0.020000000000000073,0.2160246899469291,3.0,0.003361926745235603,0.006622222222222307
product_sine_graph,mean_curvature,1,0.001325,1,2,0.12283693813820748,0.16702237268343087,0.6463242710138786,0.01333333333333342,0.16329931618554575,2.0,0.00038490017945975265,0.006666666666666682
product_sine_graph,mean_curvature,1,0.001325,1,3,0.12479426704464505,0.17037154719604244,1.4245225931329237,0.03333333333333349,0.3162277660168388,4.0,0.0017533037597843506,0.013333333333333197
product_sine_graph,mean_curvature,1,0.001325,2,3,0.11830790252586507,0.1656258434545096,1.2393799391172102,0.020000000000000073,0.18257418583505566,2.0,0.0016216132799251174,0.00666666666666671
product_sine_graph,mean_curvature,1,0.00255,0,1,0.23037773831515573,0.3092929130177251,1.7563704562914921,0.030000000000000138,0.23804761428476232,3.0,0.00784754030820382,0.013999999999998958
product_sine_graph,mean_curvature,1,0.00255,0,2,0.19793796090918697,0.29073789484344464,1.7708109694777008,0.030000000000000138,0.22360679774997957,3.0,0.004328831945019973,0.008333333333335358
product_sine_graph,mean_curvature,1,0.00255,0,3,0.21074403175213433,0.2998971744528672,2.301737748621104,0.01666666666666669,0.1527525231651947,2.0,0.0019261734171458946,0.005288888888887344
product_sine_graph,mean_curvature,1,0.00255,1,2,0.22825205918691788,0.3064948426535869,1.2487624602069083,0.03333333333333344,0.2309401076758508,2.0,0.0038053676622986934,0.012133333333331886
product_sine_graph,mean_curvature,1,0.00255,1,3,0.2277196915041615,0.3116099103747489,1.8973181020430019,0.04000000000000012,0.2943920288775955,3.0,0.007729905583460711,0.015866666666665752
product_sine_graph,mean_curvature,1,0.00255,2,3,0.20965027778903864,0.2952324125163346,2.376796955533223,0.040000000000000174,0.2943920288775957,4.0,0.0045242647130129725,0.013333333333333586
product_sine_graph,mean_curvature,1,0.003775,0,1,0.3186317610793168,0.4385948576112792,4.623199826642015,0.06333333333333344,0.36968455021364754,4.0,0.00943446640667102,0.03166666666666726
product_sine_graph,mean_curvature,1,0.003775,0,2,0.3276300878822758,0.44064198132368615,1.7620379404060107,0.030000000000000082,0.19148542155126794,2.0,0.0017814603063338907,0.008422222222220624
product_sine_graph,mean_curvature,1,0.003775,0,3,0.3321032161156263,0.43518203228696356,2.1083831803173254,0.04000000000000009,0.24494897427831802,2.0,0.0054454269710569134,0.016577777777776553
product_sine_graph,mean_curvature,1,0.003775,1,2,0.3191377249881106,0.4617554838425881,5.032694888227638,0.053333333333333316,0.3366501646120688,4.0,0.008419265580905553,0.026466666666668907
product_sine_graph,mean_curvature,1,0.003775,1,3,0.3386893321844411,0.44423776930199704,2.7827840372333803,0.043333333333333474,0.3000000000000007,3.0,0.006878613902386722,0.018333333333335144
product_sine_graph,mean_curvature,1,0.003775,2,3,0.35629515637639686,0.47004453016171194,2.517878241902949,0.04333333333333339,0.28867513459481287,3.0,0.004229109879203065,0.018066666666667286
product_sine_graph,mean_curvature,1,0.005,0,1,0.44120781704704154,0.5779527947546572,2.1524427788158498,0.04000000000000012,0.2581988897471617,3.0,0.002899552966822209,0.013333333333333364
product_sine_graph,mean_curvature,1,0.005,0,2,0.44507811647663303,0.5901219989406266,2.6291569869524594,0.0433333333333335,0.28867513459481353,3.0,0.007580347397492496,0.015533333333332233
product_sine_graph,mean_curvature,1,0.005,0,3,0.4435725411841126,0.5711838197134588,3.0135369149641775,0.05000000000000018,0.3109126351029613,3.0,0.009011155637648642,0.02076666666666558
product_sine_graph,mean_curvature,1,0.005,1,2,0.4444966870817655,0.5838812999433735,2.3990959036955566,0.04333333333333353,0.26457513110645975,2.0,0.007675079924786099,0.013900000000000967
product_sine_graph,mean_curvature,1,0.005,1,3,0.4006632528300573,0.5315860777888165,2.607052688319598,0.076666666666667,0.4203173404306175,4.0,0.010369908389180659,0.027433333333332297
product_sine_graph,mean_curvature,1,0.005,2,3,0.47494153208167555,0.6418763831683374,3.438419813806874,0.04000000000000012,0.2581988897471616,2.0,0.004838120234906077,0.016666666666666746
product_sine_graph,mean_curvature,2,0.0001,0,1,0.02296837609909118,0.02969228302443995,0.10549359691690441,0.003333333333333355,0.05773502691896276,1.0,0.0009622611402615968,0.001666666666665595
product_sine_graph,mean_curvature,2,0.0001,0,2,0.02222388941717265,0.028641920522726575,0.10409330681832074,0.003333333333333355,0.05773502691896276,1.0,0.000962261140261138,0.0016666666666678154
product_sine_graph,mean_curvature,2,0.0001,0,3,0.02258781971069654,0.028888529095024436,0.11472772845204737,0.0,0.0,0.0,0.0,0.0
product_sine_graph,mean_curvature,2,0.0001,1,2,0.022624651188079783,0.029388068963864974,0.10067866732337727,0.00666666666666671,0.11547005383792552,2.0,0.001924522280522735,0.0033333333333334103
product_sine_graph,mean_curvature,2,0.0001,1,3,0.022796784315952886,0.028956560440137606,0.11970462453370523,0.003333333333333355,0.05773502691896276,1.0,0.0009622611402615968,0.001666666666665595
product_sine_graph,mean_curvature,2,0.0001,2,3,0.022208269946437594,0.02888233360523887,0.12233201197044252,0.003333333333333355,0.05773502691896276,1.0,0.000962261140261138,0.0016666666666678154
product_sine_graph,mean_curvature,2,0.001325,0,1,0.2986394703705152,0.38870996829437887,1.7898298911226078,0.03333333333333341,0.23094010767585074,2.0,0.002371244051950756,0.013088888888890482
product_sine_graph,mean_curvature,2,0.001325,0,2,0.2987651259369133,0.3895578918564388,1.6777494642168538,0.050000000000000155,0.3000000000000006,3.0,0.002629325751874056,0.01154444444444791
product_sine_graph,mean_curvature,2,0.001325,0,3,0.2964847595891035,0.393421361571651,1.573150763321352,0.0400000000000002,0.28284271247461984,3.0,0.005178302310102733,0.01666666666666683
product_sine_graph,mean_curvature,2,0.001325,1,2,0.29502643160484376,0.38642418221970853,1.7160364990488617,0.03,0.19148542155126758,2.0,0.00242095192650513,0.0084444444444427
product_sine_graph,mean_curvature,2,0.001325,1,3,0.2760695802878842,0.36298780459009644,1.517301076305401,0.04000000000000012,0.27080128015453264,3.0,0.0042949391215256465,0.013333333333332531
product_sine_graph,mean_curvature,2,0.001325,2,3,0.28377219520658614,0.3652942301750117,1.2433592088521817,0.03666666666666679,0.2516611478423588,3.0,0.006130617017932661,0.018333333333331314
product_sine_graph,mean_curvature,2,0.00255,0,1,0.5561835689763328,0.727381406417252,4.025199295770726,0.07666666666666674,0.3958114029012643,4.0,0.004914698287714044,0.014933333333333021
product_sine_graph,mean_curvature,2,0.00255,0,2,0.5709095252457917,0.748428920335526,3.3788069884269465,0.06666666666666674,0.4320493798938581,6.0,0.004583258136306952,0.013288888888890682
product_sine_graph,mean_curvature,2,0.00255,0,3,0.564768237378743,0.7301365864381196,3.1292128480894217,0.0733333333333335,0.4082482904638638,5.0,0.005104617453008137,0.013288888888890682
product_sine_graph,mean_curvature,2,0.00255,1,2,0.5694131506586277,0.7334759700954795,3.366193060205525,0.07000000000000012,0.42031734043061647,5.0,0.003998397312668551,0.012099999999998223
product_sine_graph,mean_curvature,2,0.00255,1,3,0.5555016520513268,0.7042008709122729,2.959190889228795,0.05666666666666659,0.34156502553198625,4.0,0.003104639432885259,0.00878888888888707
product_sine_graph,mean_curvature,2,0.00255,2,3,0.543456596802617,0.7037450867314099,2.541112636582485,0.0533333333333334,0.28284271247461923,3.0,0.0018856180831641858,0.006666666666666654
product_sine_graph,mean_curvature,2,0.003775,0,1,0.8785778595136815,1.152399083901953,5.327493694803439,0.0833333333333334,0.4358898943540674,4.0,0.006636724426334367,0.03199999999999825
product_sine_graph,mean_curvature,2,0.003775,0,2,0.8858418218317732,1.1413252190890895,4.818051180523575,0.06333333333333321,0.4434711565216685,6.0,0.009902085451877306,0.029333333333332323
product_sine_graph,mean_curvature,2,0.003775,0,3,0.8556172976911418,1.0944875381915116,4.4458697424353595,0.12333333333333357,0.6557438524302012,8.0,0.012758053213978358,0.04355555555555568
product_sine_graph,mean_curvature,2,0.003775,1,2,0.8466536160697926,1.1004882506545524,3.882308647319187,0.06666666666666665,0.3829708431025351,4.0,0.005932022327072196,0.016600000000000614
product_sine_graph,mean_curvature,2,0.003775,1,3,0.8482523609526569,1.106066658001214,4.546250775084401,0.11333333333333354,0.547722557505167,6.0,0.012814298854952694,0.02920000000000217
product_sine_graph,mean_curvature,2,0.003775,2,3,0.8371585109870354,1.0961198153676488,4.976036545506922,0.1200000000000003,0.6480740698407873,8.0,0.01770486669045375,0.03306666666666819
product_sine_graph,mean_curvature,2,0.005,0,1,1.0546366239989782,1.351269865864931,5.160304112360583,0.12000000000000008,0.5597618541248893,5.0,0.006454863862989357,0.02088888888889151
product_sine_graph,mean_curvature,2,0.005,0,2,1.0843403195864336,1.4082406894991857,7.505494310664027,0.08333333333333343,0.5507570547286108,6.0,0.004588796967960826,0.021766666666665158
product_sine_graph,mean_curvature,2,0.005,0,3,0.98401102319266,1.283175938272855,4.72838357442685,0.09666666666666682,0.5322906474223777,5.0,0.008783234356507427,0.02353333333333607
product_sine_graph,mean_curvature,2,0.005,1,2,1.1462212725159562,1.4796144608028372,5.457910613660413,0.0833333333333334,0.4434711565216697,5.0,0.005943999637217816,0.01832222222222235
product_sine_graph,mean_curvature,2,0.005,1,3,1.1390851317697348,1.4727481084290992,5.688303038048266,0.09666666666666679,0.45825756949558455,5.0,0.0067126331975193064,0.023900000000000254
product_sine_graph,mean_curvature,2,0.005,2,3,1.1476819310674107,1.499375366114228,6.050050605284051,0.11333333333333348,0.5773502691896266,5.0,0.008605601582738237,0.03877777777777913
helicoid_patch,gaussian_curvature,0,0.0001,0,1,0.040317381439232795,0.11085384914542246,1.237202417770277,0.03000000000000002,0.19148542155126763,2.0,0.002910605695453203,0.013877777777777767
helicoid_patch,gaussian_curvature,0,0.0001,0,2,0.033850778316152054,0.08688183672199783,1.0086269424249394,0.03000000000000002,0.17320508075688779,1.0,0.0028892343098337733,0.013877777777777767
helicoid_patch,gaussian_curvature,0,0.0001,0,3,0.04299391136596414,0.11974658928689359,1.5092152271229793,0.02333333333333333,0.17320508075688767,2.0,0.010122595228318829,0.01913333333333346
helicoid_patch,gaussian_curvature,0,0.0001,1,2,0.02971751864383027,0.07899409417039756,0.9785861092558434,0.006666666666666654,0.08164965809277253,1.0,0.0001924500897298747,0.003333333333333327
helicoid_patch,gaussian_curvature,0,0.0001,1,3,0.03437159936968205,0.07734923949309647,0.6308411222455561,0.019999999999999997,0.1414213562373095,1.0,0.009064092771909052,0.016533333333333428
helicoid_patch,gaussian_curvature,0,0.0001,2,3,0.03730393563909131,0.09575422552829062,0.8969660050294124,0.019999999999999997,0.1414213562373095,1.0,0.009045850286590185,0.016466666666666768
helicoid_patch,gaussian_curvature,0,0.001325,0,1,0.5872111003463261,2.06925288813636,28.41282999006512,0.3266666666666667,0.594418483337567,2.0,0.060918332972768205,0.11866666666666659
helicoid_patch,gaussian_curvature,0,0.001325,0,2,0.5048725867478736,1.6280881660085673,21.434276377575657,0.4766666666666668,0.7280109889280519,2.0,0.07144697953569316,0.15383333333333402
helicoid_patch,gaussian_curvature,0,0.001325,0,3,0.4740201112870349,1.2224052891251609,13.001780137487003,0.4150000000000001,0.6745368781616021,2.0,0.05065980399429849,0.1198
helicoid_patch,gaussian_curvature,0,0.001325,1,2,0.5691828804932724,1.9696815408648791,26.355839434680433,0.4833333333333333,0.7234178138070235,2.0,0.12433876738199637,0.2102333333333338
helicoid_patch,gaussian_curvature,0,0.001325,1,3,0.616053116385353,2.093277533057014,21.789489214419064,0.555,0.7884584115009914,2.0,0.046694944034166096,0.12749999999999984
helicoid_patch,gaussian_curvature,0,0.001325,2,3,0.48792413643154403,1.211357475049047,13.35413399333811,0.5916666666666668,0.8154753215150047,2.0,0.11074495817560726,0.20640000000000067
helicoid_patch,gaussian_curvature,0,0.00255,0,1,1.2138690137604302,4.167469486724599,51.59075176060867,0.7250000000000001,1.0384282995630143,2.0,0.14629466965809274,0.2665333333333338
helicoid_patch,gaussian_curvature,0,0.00255,0,2,0.8842769265662314,2.6230679741478538,33.413743958085036,0.8500000000000001,1.1704699910719625,3.0,0.1893551557259525,0.3534999999999986
helicoid_patch,gaussian_curvature,0,0.00255,0,3,0.8006982919859499,2.0757338757243575,23.78192312340184,0.56,0.7831560082980488,2.0,0.05005317254984471,0.12548888888888896
helicoid_patch,gaussian_curvature,0,0.00255,1,2,1.174358812607159,5.594690700435754,85.0044957186937,0.6483333333333334,0.8765462528203137,2.0,0.06347234597605185,0.13353333333333184
helicoid_patch,gaussian_curvature,0,0.00255,1,3,1.1942740924012498,3.8451548371016386,43.44642821032215,0.625,0.8436033823229174,2.0,0.1519673781866422,0.2900444444444449
helicoid_patch,gaussian_curvature,0,0.00255,2,3,0.8795188065377512,2.947559858859849,41.55806750837155,0.9366666666666666,1.118033988749895,3.0,0.19623462908010258,0.3789111111111096
helicoid_patch,gaussian_curvature,0,0.003775,0,1,1.7972683675950132,5.472036049764566,57.89560847501747,0.7650000000000001,1.1394443090091475,4.0,0.10359275837855238,0.20511111111111135
helicoid_patch,gaussian_curvature,0,0.003775,0,2,1.7445256150801172,5.649609706056382,50.46878697477723,1.27,1.8175074506954114,6.0,0.25891382239653277,0.44929999999999903
helicoid_patch,gaussian_curvature,0,0.003775,0,3,1.4016679525381686,4.476344372359531,57.26730845453176,1.0050000000000003,1.4871673297469479,5.0,0.14783167549559711,0.24182222222222183
helicoid_patch,gaussian_curvature,0,0.003775,1,2,1.6077609737522671,5.207225073837709,68.34481000837383,0.8416666666666667,1.2549900398011133,4.0,0.20699469710509477,0.36310000000000076
helicoid_patch,gaussian_curvature,0,0.003775,1,3,1.2529907010787804,3.9966525631834586,52.041008151186304,0.4533333333333333,0.6733003292241385,1.0,0.052974378464147605,0.10573333333333684
helicoid_patch,gaussian_curvature,0,0.003775,2,3,1.3325205016959976,3.675914496833075,41.407360781650596,0.915,1.1979148550710939,3.0,0.18872527036646888,0.34882222222222126
helicoid_patch,gaussian_curvature,0,0.005,0,1,1.8630765159788107,6.04860639422998,72.11347894429753,0.8733333333333334,1.3038404810405297,3.0,0.14513232786871755,0.26466666666666766
helicoid_patch,gaussian_curvature,0,0.005,0,2,1.676589963211317,3.593571800131132,29.285538741501455,1.4433333333333336,2.0912516188477497,4.0,0.44601086434201515,0.7085333333333346
helicoid_patch,gaussian_curvature,0,0.005,0,3,2.0560335118657904,6.096735671219365,82.05681643402784,1.2850000000000001,1.638596960817394,4.0,0.20604281008683084,0.33808888888889005
helicoid_patch,gaussian_curvature,0,0.005,1,2,1.5812491088391374,4.489327391835017,59.796076656080174,0.8366666666666669,1.446835627614047,4.0,0.3400470348730094,0.5121333333333334
helicoid_patch,gaussian_curvature,0,0.005,1,3,2.2052332855098253,8.21449558250373,110.49238703227041,0.6716666666666667,0.9478044805408621,2.0,0.09006795011467773,0.1865333333333338
helicoid_patch,gaussian_curvature,0,0.005,2,3,2.306202398980684,5.9722217200988155,52.77127769252638,0.8783333333333335,1.151086443322134,4.0,0.2637102147552403,0.4560000000000012
helicoid_patch,gaussian_curvature,1,0.0001,0,1,0.08980420873040805,0.2906385445367915,2.6588515081580226,0.33000000000000007,0.6191391873668904,2.0,0.03248519922555943,0.06477777777777802
helicoid_patch,gaussian_curvature,1,0.0001,0,2,0.06587885547806724,0.26412705696327954,6.970236739261281,0.29666666666666663,0.6757711644237764,4.0,0.0470167243250221,0.10764444444444446
helicoid_patch,gaussian_curvature,1,0.0001,0,3,0.0600191972955606,0.21191088500998992,4.6572816749539925,0.2866666666666666,0.5887840577551898,3.0,0.04387464841639812,0.08599999999999985
helicoid_patch,gaussian_curvature,1,0.0001,1,2,0.07749757904123918,0.26378608203748943,4.311385231103259,0.3733333333333333,0.6633249580710799,3.0,0.049904786710550174,0.09253333333333319
helicoid_patch,gaussian_curvature,1,0.0001,1,3,0.07688645067548797,0.26003211803351267,2.5856511350318163,0.3233333333333336,0.5686240703077329,1.0,0.03564289186837591,0.07516666666666655
helicoid_patch,gaussian_curvature,1,0.0001,2,3,0.0658433880579183,0.2145268614836379,4.691537903907374,0.2566666666666667,0.5507570547286103,3.0,0.023267399348186352,0.053555555555555544
helicoid_patch,gaussian_curvature,1,0.001325,0,1,0.9415779536552191,3.636221735959444,63.57779244247422,1.2166666666666668,1.592691642053372,4.0,0.16945461153468652,0.3049000000000056
helicoid_patch,gaussian_curvature,1,0.001325,0,2,1.041020212231873,4.577726385814493,108.0013698828684,1.06,1.4130345596151095,4.0,0.20898341246913088,0.3798555555555557
helicoid_patch,gaussian_curvature,1,0.001325,0,3,0.8466213819759225,3.460901226951102,99.39607795889742,0.9583333333333333,1.638596960817394,5.0,0.19731195162773138,0.36044444444444496
helicoid_patch,gaussian_curvature,1,0.001325,1,2,1.061084400895957,5.550341010850168,167.23838325698375,1.1033333333333335,1.346600658448277,4.0,0.16952518028001443,0.3115333333333331
helicoid_patch,gaussian_curvature,1,0.001325,1,3,1.009095950354885,3.7578016693367458,78.58124866105004,0.8883333333333334,1.3347908700117284,4.0,0.12018420849343525,0.25841111111110954
helicoid_patch,gaussian_curvature,1,0.001325,2,3,1.0133691499206772,3.6349867032897083,88.65713459593371,1.0850000000000002,1.357080199054819,4.0,0.08792669798250707,0.2333111111111112
helicoid_patch,gaussian_curvature,1,0.00255,0,1,2.1541206019581085,7.671599470700118,129.62895581086423,1.875,2.183651376326664,5.0,0.14819178327299254,0.2869999999999997
helicoid_patch,gaussian_curvature,1,0.00255,0,2,1.7899453959159861,6.773270424054364,184.45834288068158,1.0683333333333334,1.42536545021502,4.0,0.12330129547178581,0.296133333333332
helicoid_patch,gaussian_curvature,1,0.00255,0,3,1.5417344971336187,4.738074568811889,92.5156202927601,1.0783333333333336,1.7334935823359716,6.0,0.14864735051394304,0.33946666666666614
helicoid_patch,gaussian_curvature,1,0.00255,1,2,2.1168111461350883,7.17427239625916,89.97157566079386,2.1266666666666665,2.6032031550892576,6.0,0.21018051799354234,0.31696666666666573
helicoid_patch,gaussian_curvature,1,0.00255,1,3,2.1256940345202437,7.007971740519916,115.09141703873047,2.123333333333333,2.7694764848252458,9.0,0.24510391787067867,0.3477333333333329
helicoid_patch,gaussian_curvature,1,0.00255,2,3,1.6828426489149966,6.022585370571935,124.72729086829054,0.8833333333333335,1.243650540411842,4.0,0.04864285397464193,0.09848888888889018
helicoid_patch,gaussian_curvature,1,0.003775,0,1,2.204634574514363,6.585456551961873,95.45772222172991,1.0533333333333335,1.4537308324904352,4.0,0.16738416693810257,0.27926666666666233
helicoid_patch,gaussian_curvature,1,0.003775,0,2,2.6282100442410603,8.734893907601657,137.40091623305557,1.1383333333333336,1.5182226450688978,6.0,0.07548022606450701,0.13755555555555743
helicoid_patch,gaussian_curvature,1,0.003775,0,3,2.332096715103707,7.135285998600791,82.32962366314018,1.3416666666666668,1.8881207588499207,6.0,0.23567697778969085,0.5288888888888892
helicoid_patch,gaussian_curvature,1,0.003775,1,2,2.4323269901785465,9.279818919847497,232.85863845478548,1.271666666666667,1.6181264886693298,4.0,0.12591322408706254,0.21173333333332245
helicoid_patch,gaussian_curvature,1,0.003775,1,3,2.4104784746313905,8.097273479108207,130.13008065019676,1.3950000000000005,1.8828170383762735,6.0,0.3065975393102651,0.43766666666666587
helicoid_patch,gaussian_curvature,1,0.003775,2,3,2.6035630579209847,8.372115182315746,116.50101047233352,1.4033333333333335,1.8275666882497068,5.0,0.22333684242682705,0.44320000000000037
helicoid_patch,gaussian_curvature,1,0.005,0,1,3.2897546208264368,11.545553626371177,186.76694456377118,1.171666666666667,1.5335144820531263,4.0,0.1277222201279134,0.2530444444444415
helicoid_patch,gaussian_curvature,1,0.005,0,2,3.570224509796649,12.618862458524863,269.05231783077966,1.4783333333333333,1.8551729479125838,5.0,0.12851215759687964,0.3073777777777751
helicoid_patch,gaussian_curvature,1,0.005,0,3,3.4024659539282314,9.719385810301578,100.12720399400223,1.8766666666666665,2.26642155537461,5.0,0.3062442275932002,0.5523444444444419
helicoid_patch,gaussian_curvature,1,0.005,1,2,3.559171324461567,11.19804827087233,103.9429788657211,1.4866666666666668,1.845715759987617,4.0,0.21955770935365604,0.5014222222222189
helicoid_patch,gaussian_curvature,1,0.005,1,3,3.227747101171699,11.861236465328961,286.8941485577734,1.7283333333333335,2.2026499192260824,7.0,0.2559627609633884,0.45540000000000025
helicoid_patch,gaussian_curvature,1,0.005,2,3,3.582945147859467,13.701416470913001,369.1795218247819,1.9383333333333335,2.6448062310876383,7.0,0.3257704475010281,0.5773888888888854
helicoid_patch,gaussian_curvature,2,0.0001,0,1,0.13557288869746892,0.7164425121795099,29.095139614221807,1.5466666666666669,1.9304576314093678,5.0,0.1860983155358135,0.3610666666666654
helicoid_patch,gaussian_curvature,2,0.0001,0,2,0.1345905265184371,0.8324518563687343,42.72040673540323,1.1033333333333335,1.4966629547095767,5.0,0.22100590592261235,0.3837777777777767
helicoid_patch,gaussian_curvature,2,0.0001,0,3,0.14206947769911027,0.6818086525671793,28.18696446551894,1.6583333333333337,2.095630374533321,6.0,0.4193918219627309,0.6826222222222238
helicoid_patch,gaussian_curvature,2,0.0001,1,2,0.1408581099216592,0.5907810306975667,13.625267121181423,1.1966666666666665,1.5534906930308057,4.0,0.0930893039963161,0.23466666666666683
helicoid_patch,gaussian_curvature,2,0.0001,1,3,0.15945561894303853,0.7487558784850908,26.049131249695165,1.345,1.6688319268278637,4.0,0.27788924918898134,0.5305333333333357
helicoid_patch,gaussian_curvature,2,0.0001,2,3,0.150907174638731,0.7221054661201493,22.204614054972808,1.1716666666666669,1.493876389353104,4.0,0.21300392623750686,0.4116000000000025
helicoid_patch,gaussian_curvature,2,0.001325,0,1,2.0089827042115904,8.579631867164212,168.1217830531359,3.1783333333333337,3.911734483150239,9.0,0.6726167271683566,0.9468000000000001
helicoid_patch,gaussian_curvature,2,0.001325,0,2,1.8632704382798824,7.832998967719765,226.50452943655182,3.045000000000001,3.9997916612410376,13.0,0.5225275495129401,1.0135999999999998
helicoid_patch,gaussian_curvature,2,0.001325,0,3,1.9024455245141159,9.086335137887424,406.67648899327196,3.306666666666667,4.345495752308745,12.0,0.35904583843104504,0.6671666666666667
helicoid_patch,gaussian_curvature,2,0.001325,1,2,1.787731496267135,7.846131844064934,140.2924211946265,2.173333333333334,2.876919648976431,9.0,0.2400817395527417,0.4755000000000136
helicoid_patch,gaussian_curvature,2,0.001325,1,3,1.8951880287058416,8.801405282893855,343.31531859289043,2.9283333333333332,3.564407384124323,12.0,0.3982220623552926,0.7116888888888897
helicoid_patch,gaussian_curvature,2,0.001325,2,3,1.8388556157367273,8.391937091397391,282.193274691841,2.8616666666666672,3.8124795081416507,13.0,0.2912042298411309,0.5916111111111095
helicoid_patch,gaussian_curvature,2,0.00255,0,1,3.2669276299326757,14.594257231457096,460.00226514781934,4.631666666666668,5.590020870563306,16.0,0.7715105011300264,1.4112444444444403
helicoid_patch,gaussian_curvature,2,0.00255,0,2,3.493552549215817,15.99324074182285,508.6454574149202,3.6750000000000016,4.411537902666902,10.0,0.5959091598992604,1.054166666666656
helicoid_patch,gaussian_curvature,2,0.00255,0,3,3.4868543312471654,17.069272236441655,641.0539866784657,3.4016666666666677,4.377023341648219,13.0,0.34154247185716513,0.7488888888888834
helicoid_patch,gaussian_curvature,2,0.00255,1,2,3.373652077901328,15.010565533613567,536.8496129389769,3.25,4.1697322056298365,10.0,0.2731031376348685,0.5110222222222234
helicoid_patch,gaussian_curvature,2,0.00255,1,3,3.0883830492496482,12.030057909625665,194.57753466185727,3.5366666666666657,4.7717921161760595,17.0,0.5592261996789921,1.2040333333333337
helicoid_patch,gaussian_curvature,2,0.00255,2,3,3.6227335535826253,15.490897465789994,398.7215403896371,3.473333333333333,4.187680344375232,11.0,0.39143702553392323,0.8932777777777723
helicoid_patch,gaussian_curvature,2,0.003775,0,1,4.724965890110116,17.72085752613653,241.72143484092175,5.35,6.087144924620519,13.0,0.4416478201429692,1.0521333333333338
helicoid_patch,gaussian_curvature,2,0.003775,0,2,5.696609409156197,24.59548954004747,293.8285713180121,3.836666666666667,4.932207078648125,16.0,0.24668154025894884,0.6105555555555586
helicoid_patch,gaussian_curvature,2,0.003775,0,3,5.434865375249827,26.392367192497648,986.2807153378981,4.131666666666667,5.191178414708296,13.0,0.7074045955102155,1.1547111111111126
helicoid_patch,gaussian_curvature,2,0.003775,1,2,5.093765637033807,20.532543445565356,321.2202523844423,5.333333333333334,6.636264009214823,19.0,0.3848245931456466,0.7897777777777737
helicoid_patch,gaussian_curvature,2,0.003775,1,3,5.125965457787934,26.85750437842896,989.200773544484,4.258333333333333,5.084125621317134,12.0,0.6781839007455517,1.26187777777778
helicoid_patch,gaussian_curvature,2,0.003775,2,3,5.863818436421726,30.448344191321887,1043.9806152972433,4.921666666666667,6.106690320187087,15.0,0.7351775243886747,1.4035888888888963
helicoid_patch,gaussian_curvature,2,0.005,0,1,7.54222863335549,59.54333991843525,3607.8135127754103,4.183333333333334,5.202243105943179,12.0,0.25684812252626793,0.6005555555555571
helicoid_patch,gaussian_curvature,2,0.005,0,2,7.030233083531384,31.460405507179416,1129.6414272185748,3.995,4.920873906126837,16.0,0.44110053863624454,0.8850000000000007
helicoid_patch,gaussian_curvature,2,0.005,0,3,6.532467180462125,26.689776462962826,981.0171384000669,4.946666666666666,6.16522505671934,15.0,1.3663700294226717,2.242288888888883
helicoid_patch,gaussian_curvature,2,0.005,1,2,7.5323417720008905,68.96921264078892,4112.072859421928,4.268333333333334,5.04265141897924,12.0,0.4580143755044452,0.8120777777777768
helicoid_patch,gaussian_curvature,2,0.005,1,3,7.033885075592048,61.32607552944161,3758.3031171465027,6.086666666666666,7.280109889280518,16.0,1.455418986751196,2.4669333333333228
helicoid_patch,gaussian_curvature,2,0.005,2,3,6.468675216863845,27.983147385429273,528.1797498209216,4.715,5.63959218383741,13.0,1.0188919812243509,1.8768333333333302
helicoid_patch,mean_curvature,0,0.0001,0,1,0.011301530019408687,0.014611120808050194,0.052885727824342525,0.016666666666666663,0.1527525231651946,2.0,0.0010001337359133882,0.0049888888888885985
helicoid_patch,mean_curvature,0,0.0001,0,2,0.009743859571802582,0.012070424365451258,0.027040759736960726,0.016666666666666663,0.1527525231651946,2.0,0.001070719538076132,0.004988888888889931
helicoid_patch,mean_curvature,0,0.0001,0,3,0.01219305569183712,0.015921256393102802,0.04665856991687889,0.013333333333333336,0.11547005383792516,1.0,0.0019056986232868,0.0033333333333326887
helicoid_patch,mean_curvature,0,0.0001,1,2,0.010882864496541616,0.013478173049442621,0.03807962770907183,0.026666666666666672,0.23094010767585021,3.0,0.002017719855588924,0.00997777777777853
helicoid_patch,mean_curvature,0,0.0001,1,3,0.009092954523487774,0.011816859409124001,0.0324979742040471,0.01666666666666669,0.1527525231651947,2.0,0.0028486839066486015,0.004966666666667063
helicoid_patch,mean_curvature,0,0.0001,2,3,0.010615862770360276,0.013766466819670194,0.03644726753638906,0.009999999999999981,0.09999999999999991,1.0,0.0010013673778958918,0.005011111111111466
helicoid_patch,mean_curvature,0,0.001325,0,1,0.1503837280297651,0.18703762449877598,0.5011046920713691,0.1433333333333334,0.5802298395176406,4.0,0.021788841199637563,0.03861111111111176
helicoid_patch,mean_curvature,0,0.001325,0,2,0.1310649189054402,0.1659523705638937,0.48198971946235253,0.12999999999999998,0.4203173404306163,2.0,0.02066267434557063,0.05623333333333436
helicoid_patch,mean_curvature,0,0.001325,0,3,0.13634029764398145,0.16504929193569545,0.3766092464251601,0.19666666666666668,0.7280109889280517,5.0,0.04016389289126566,0.09403333333333375
helicoid_patch,mean_curvature,0,0.001325,1,2,0.13660777658838016,0.1661689357389024,0.4573545808194366,0.17333333333333328,0.648074069840786,4.0,0.014987511948395382,0.07328888888888918
helicoid_patch,mean_curvature,0,0.001325,1,3,0.1380816017171651,0.1719068030793576,0.523056787764711,0.22666666666666663,0.832666399786453,4.0,0.02286503071569418,0.09546666666666637
helicoid_patch,mean_curvature,0,0.001325,2,3,0.14007277762512135,0.17729630661501725,0.4872535746026064,0.14666666666666678,0.5228129047119376,3.0,0.022706252651308028,0.06397777777777844
helicoid_patch,mean_curvature,0,0.00255,0,1,0.23107494543048332,0.2842806190719594,0.7955853120685701,0.2500000000000001,0.8544003745317537,6.0,0.03381804647654436,0.11005555555555549
helicoid_patch,mean_curvature,0,0.00255,0,2,0.25676099940013664,0.31113462687666493,0.7067436454590521,0.25666666666666693,0.8185352771872461,7.0,0.05571841702601387,0.09454444444444536
helicoid_patch,mean_curvature,0,0.00255,0,3,0.26190507626770476,0.32888600425406317,0.8268894618989082,0.30333333333333345,0.8426149773176363,6.0,0.03869290324228555,0.1384444444444441
helicoid_patch,mean_curvature,0,0.00255,1,2,0.26487510660624064,0.33169057713648276,1.0578890026120478,0.2533333333333334,0.7958224257542216,5.0,0.0334319885750507,0.07295555555555641
helicoid_patch,mean_curvature,0,0.00255,1,3,0.2490039801884024,0.3097291641603531,0.793421057817544,0.29999999999999993,0.7958224257542211,4.0,0.015601519394193783,0.06333333333333291
helicoid_patch,mean_curvature,0,0.00255,2,3,0.29532946570523017,0.3750071886114539,0.9129827591279362,0.36,1.0066445913694333,5.0,0.037066721067550636,0.09337777777777836
helicoid_patch,mean_curvature,0,0.003775,0,1,0.33773255081778036,0.39832438826211475,0.7977507205439105,0.44333333333333325,1.2503332889007368,7.0,0.05661633948887312,0.1808222222222222
helicoid_patch,mean_curvature,0,0.003775,0,2,0.2966249100837673,0.3656437684809003,0.8739509269498984,0.3233333333333335,0.9255628917943217,5.0,0.03766847941666571,0.1417888888888883
helicoid_patch,mean_curvature,0,0.003775,0,3,0.334660880879707,0.41531357235833927,0.9935407877538173,0.4633333333333334,1.1503622617824931,5.0,0.06106183080345662,0.20243333333333324
helicoid_patch,mean_curvature,0,0.003775,1,2,0.2753176996011336,0.3396543300922448,1.032324805054175,0.3466666666666667,1.0456258094238748,8.0,0.052845332983215955,0.12279999999999938
helicoid_patch,mean_curvature,0,0.003775,1,3,0.36872870111013645,0.4772042191723926,1.1885230034151877,0.40666666666666684,1.0165300454651272,4.0,0.07718850956088252,0.1724
helicoid_patch,mean_curvature,0,0.003775,2,3,0.385617215891596,0.48045884682342016,1.071477567109935,0.38666666666666677,0.9626352718795771,4.0,0.03278724910241363,0.09333333333333393
helicoid_patch,mean_curvature,0,0.005,0,1,0.4702199338807751,0.6074332421534976,1.7602932137871363,0.4,0.9237604307034012,4.0,0.03540150655927881,0.08173333333333338
helicoid_patch,mean_curvature,0,0.005,0,2,0.5522719678656622,0.6734565799567485,1.731707740848272,0.42333333333333323,0.9363047936792092,4.0,0.057852771309144124,0.11789999999999912
helicoid_patch,mean_curvature,0,0.005,0,3,0.4612951605122459,0.5747864116572798,1.44829485519337,0.3533333333333333,0.8326663997864531,3.0,0.01950212608437105,0.0873555555555563
helicoid_patch,mean_curvature,0,0.005,1,2,0.5472453833614035,0.6899170007111332,2.1493986026105896,0.4766666666666667,1.0785793124908956,4.0,0.0843535120786323,0.14429999999999882
helicoid_patch,mean_curvature,0,0.005,1,3,0.458506735645036,0.596296627235436,1.8443733883536702,0.5133333333333334,1.1284207253207172,4.0,0.031702546275168754,0.08991111111111053
helicoid_patch,mean_curvature,0,0.005,2,3,0.4493813164871508,0.5791245022195493,1.9497252853965001,0.43000000000000016,0.9746794344808967,4.0,0.06460636952761739,0.14024444444444634
helicoid_patch,mean_curvature,1,0.0001,0,1,0.020825500715419283,0.02625226481330112,0.07671071897706118,0.05333333333333348,0.4472135954999591,6.0,0.011332026068395975,0.02653333333333352
helicoid_patch,mean_curvature,1,0.0001,0,2,0.02164746662657929,0.027172646821889846,0.07415675406375014,0.05666666666666689,0.5131601439446899,8.0,0.0020757912864787123,0.02165555555555526
helicoid_patch,mean_curvature,1,0.0001,0,3,0.02104926384457543,0.027229867641751154,0.0851911144774322,0.06333333333333344,0.44347115652166946,5.0,0.0020793566985573045,0.02167777777777763
helicoid_patch,mean_curvature,1,0.0001,1,2,0.020443502962159275,0.02672188667806552,0.08693703882974654,0.06333333333333363,0.8185352771872476,14.0,0.012640656368070227,0.028333333333333793
helicoid_patch,mean_curvature,1,0.0001,1,3,0.019829807529407172,0.025585989976584782,0.07950332075197818,0.06333333333333346,0.5259911279353175,7.0,0.010325182966522958,0.024755555555555864
helicoid_patch,mean_curvature,1,0.0001,2,3,0.020565985551750723,0.026263864483014834,0.08663290127865521,0.06666666666666676,0.5354126134736344,7.0,0.002887791814481519,0.023333333333333484
helicoid_patch,mean_curvature,1,0.001325,0,1,0.27260707927891703,0.3322147489641397,1.0555630610268467,0.7666666666666666,2.1509687739868903,12.0,0.10824371487850667,0.3612666666666635
helicoid_patch,mean_curvature,1,0.001325,0,2,0.3042351467376878,0.38448207920562183,1.1796158185096752,1.0300000000000002,2.691344149924594,14.0,0.14714573589673785,0.48116666666666547
helicoid_patch,mean_curvature,1,0.001325,0,3,0.26903066902468814,0.3455668360495726,1.0681954376121199,0.6533333333333331,2.01825006709608,12.0,0.11827770975764784,0.3109777777777746
helicoid_patch,mean_curvature,1,0.001325,1,2,0.28918754350223275,0.3638149976521324,1.1081916200517905,0.46999999999999986,1.4177446878757824,11.0,0.04409516387730359,0.13736666666666864
helicoid_patch,mean_curvature,1,0.001325,1,3,0.27548186874177705,0.3537739527116376,1.1192556084968317,0.4199999999999998,1.2909944487358047,8.0,0.04810537045556,0.12060000000000004
helicoid_patch,mean_curvature,1,0.001325,2,3,0.27458856624420575,0.3423011827283925,1.1561768456552004,0.49666666666666687,1.3228756555322958,7.0,0.048419315815416045,0.17943333333333522
helicoid_patch,mean_curvature,1,0.00255,0,1,0.5263680006505298,0.657901868151676,2.058101508634656,1.3766666666666671,2.777888886666757,11.0,0.2684787338981533,0.6540666666666664
helicoid_patch,mean_curvature,1,0.00255,0,2,0.4927386619639934,0.6180502778014195,1.8591896248977224,1.63,3.010537050649491,10.0,0.25265932597076196,0.6001333333333325
helicoid_patch,mean_curvature,1,0.00255,0,3,0.5411712180178314,0.680062177158454,1.9470722784075587,1.7533333333333334,3.3126021996812915,12.0,0.21517394418271013,0.7180666666666669
helicoid_patch,mean_curvature,1,0.00255,1,2,0.5561234797794274,0.7045390682272809,2.254727630069653,0.7799999999999998,1.7416467303484173,10.0,0.06359483440471397,0.16706666666666736
helicoid_patch,mean_curvature,1,0.00255,1,3,0.6004685078853242,0.7409793179597104,2.2432295563954217,1.2966666666666673,3.1107341041411227,13.0,0.2348555448231029,0.4549444444444446
helicoid_patch,mean_curvature,1,0.00255,2,3,0.5499932531816695,0.7064021475115332,2.5749908990709103,0.9300000000000003,2.1733231083604054,11.0,0.17913787164531442,0.3187222222222217
helicoid_patch,mean_curvature,1,0.003775,0,1,0.7512295696652888,0.9228415564594918,2.9774499484433523,1.8766666666666667,3.0402850743529517,11.0,0.39970634346758965,0.878333333333333
helicoid_patch,mean_curvature,1,0.003775,0,2,0.689431599499395,0.867131386060558,2.7315534710118348,1.9833333333333332,3.5256205127608387,14.0,0.3234030076705694,0.5689333333333334
helicoid_patch,mean_curvature,1,0.003775,0,3,0.7505817493642161,0.9647027602256151,2.720922981137752,1.7400000000000002,3.1916557876228864,12.0,0.27652847820660265,0.7428000000000003
helicoid_patch,mean_curvature,1,0.003775,1,2,0.7836496351303046,0.9883538690263444,2.8970543516267258,2.2199999999999998,3.7567716637205057,13.0,0.4260619772725162,0.9418444444444449
helicoid_patch,mean_curvature,1,0.003775,1,3,0.7698106085182691,0.9689242762850225,2.7265040082609997,1.1700000000000004,2.2634781495153287,11.0,0.18971986631583157,0.4707555555555548
helicoid_patch,mean_curvature,1,0.003775,2,3,0.7973667042519599,0.995530878035706,2.5401446939668406,1.4966666666666668,2.7331300737432893,9.0,0.2500296815713422,0.5085000000000006
helicoid_patch,mean_curvature,1,0.005,0,1,0.9955999209584073,1.2599469577441504,4.2077045510465645,1.5533333333333332,2.259793500890439,8.0,0.13799352641821128,0.23466666666666852
helicoid_patch,mean_curvature,1,0.005,0,2,1.0661811411869109,1.3614893452806953,4.067634276330972,1.9933333333333332,3.1026870075253585,12.0,0.2898514648699283,0.7323777777777791
helicoid_patch,mean_curvature,1,0.005,0,3,1.1093208233625966,1.4107983663976806,3.885896670888534,2.2749999999999995,3.5385967086779844,12.0,0.29288821745131854,0.7051666666666674
helicoid_patch,mean_curvature,1,0.005,1,2,1.0590271107709195,1.3208270162656508,4.002187065963822,2.086666666666666,3.1069813860616113,11.0,0.21274014772175665,0.6230444444444445
helicoid_patch,mean_curvature,1,0.005,1,3,1.1108041818656353,1.3759687343530296,5.0853001082076466,2.761666666666667,4.084319608780227,14.0,0.2344099811864572,0.6607666666666656
helicoid_patch,mean_curvature,1,0.005,2,3,1.1322613059798574,1.3895360193261723,3.456682253699361,1.961666666666667,2.881261297880959,11.0,0.13104423694705972,0.3160000000000007
helicoid_patch,mean_curvature,2,0.0001,0,1,0.04307731282054788,0.05325198025370526,0.1741971687158886,0.2833333333333332,2.0776589389663225,21.0,0.016690100192762403,0.1416666666666671
helicoid_patch,mean_curvature,2,0.0001,0,2,0.04192169263062687,0.052671970463638966,0.17331563803381572,0.29999999999999993,2.0016659728003225,23.0,0.013827761781459176,0.11655555555555377
helicoid_patch,mean_curvature,2,0.0001,0,3,0.04180791501868386,0.05314909378647295,0.1968334547722362,0.17333333333333356,1.1803954139750523,13.0,0.018747795480827518,0.036666666666666736
helicoid_patch,mean_curvature,2,0.0001,1,2,0.04203259764911095,0.05235307054994187,0.18922835645248595,0.23666666666666733,1.5609825965290822,18.0,0.005544257029416477,0.05502222222222447
helicoid_patch,mean_curvature,2,0.0001,1,3,0.0438536786603819,0.05418396450366355,0.18917110805985327,0.23000000000000026,1.9991664929831827,27.0,0.029577440032019797,0.10865555555555595
helicoid_patch,mean_curvature,2,0.0001,2,3,0.04080781623310654,0.0526607098034948,0.20202661586402848,0.25333333333333363,1.523154621172783,13.0,0.028656135016329357,0.08633333333333143
helicoid_patch,mean_curvature,2,0.001325,0,1,0.5750914563652874,0.7195164357340615,2.772297116509064,1.9833333333333332,4.071445279832049,18.0,0.28163892832224285,0.6858222222222188
helicoid_patch,mean_curvature,2,0.001325,0,2,0.579506994777086,0.7228510209434469,2.305045373389604,2.1566666666666663,4.073900669710376,23.0,0.32710946321671447,0.9135000000000044
helicoid_patch,mean_curvature,2,0.001325,0,3,0.5951732212648697,0.7511330551933745,2.313112533391908,3.046666666666667,5.808614292583042,26.0,0.19029531241185502,0.47373333333333534
helicoid_patch,mean_curvature,2,0.001325,1,2,0.609841820879444,0.7740144460929855,2.938446895630436,3.0933333333333337,5.830951894845301,21.0,0.5808821527564314,1.3803555555555556
helicoid_patch,mean_curvature,2,0.001325,1,3,0.5720925351710086,0.7191144923061852,2.745252141311372,2.596666666666667,5.405861016834723,24.0,0.37277554100449356,0.7913111111111117
helicoid_patch,mean_curvature,2,0.001325,2,3,0.5864866844911225,0.7463974949466399,2.78533639105789,2.7966666666666677,4.906118628814434,17.0,0.3380880284777919,1.020833333333333
helicoid_patch,mean_curvature,2,0.00255,0,1,1.1550725454646324,1.4348243614277625,4.619793981211046,4.713333333333333,6.186005711819758,19.0,0.8542087249386562,1.540400000000008
helicoid_patch,mean_curvature,2,0.00255,0,2,1.0929955786339571,1.3623103193587554,4.799254478391489,5.1,7.592979213282051,28.0,0.7504805462970773,1.4046666666666603
helicoid_patch,mean_curvature,2,0.00255,0,3,1.1289346789723886,1.42907331264744,5.548456903714841,4.611666666666666,6.798896969362015,24.0,0.5715712813198605,1.4123333333333363
helicoid_patch,mean_curvature,2,0.00255,1,2,1.0716440631093584,1.3421860314766172,4.080046149726014,4.406666666666667,6.390096504226938,21.0,0.5933878668932598,1.41868888888889
helicoid_patch,mean_curvature,2,0.00255,1,3,1.1140102902491988,1.391628075056651,5.4648300008479,5.611666666666666,7.389068502411743,21.0,0.6719793337749191,1.3419555555555558
helicoid_patch,mean_curvature,2,0.00255,2,3,1.1172678978248505,1.4220698167809482,4.750069397020855,3.8250000000000006,5.5879334283794035,17.0,0.3561014014970277,0.9409999999999954
helicoid_patch,mean_curvature,2,0.003775,0,1,1.5083128989712247,1.9223021376595097,6.873102709936007,7.306666666666668,8.257118141337207,16.0,2.123069975469645,3.5141999999999776
helicoid_patch,mean_curvature,2,0.003775,0,2,1.556697233858837,1.9701159867056413,7.121376985184757,5.243333333333334,6.795096271086478,22.0,0.6052033663572961,1.2339333333333258
helicoid_patch,mean_curvature,2,0.003775,0,3,1.6289614900850597,2.038450636349685,6.462464858766664,4.5216666666666665,5.852777118599341,21.0,0.4196655805838078,1.013077777777779
helicoid_patch,mean_curvature,2,0.003775,1,2,1.589982405234963,2.0028644072089055,7.106830830075068,6.34,8.151073548925932,19.0,1.6627610866989566,2.8934666666666615
helicoid_patch,mean_curvature,2,0.003775,1,3,1.5695876219048122,1.9793731878328216,6.765404301005766,6.215000000000001,7.540888541809911,17.0,1.8195164010933587,2.7551555555555503
helicoid_patch,mean_curvature,2,0.003775,2,3,1.6235194145883098,2.0376571568383897,6.559022001983102,3.8983333333333343,4.807806152498248,13.0,0.430521710234862,0.7461666666666851
helicoid_patch,mean_curvature,2,0.005,0,1,2.0854077624672165,2.6035163222551163,8.601856622427523,5.036666666666667,6.251133230596407,17.0,0.8642962871822655,1.5692333333333401
helicoid_patch,mean_curvature,2,0.005,0,2,2.0028566042750358,2.5038320655309376,8.919890408969742,6.536666666666665,8.098147936411138,23.0,1.1566841235029504,2.1340666666666657
helicoid_patch,mean_curvature,2,0.005,0,3,2.1816216830076125,2.7108286055228685,8.441239436276826,6.99,8.094648437908427,17.0,0.7621239401732344,1.3804666666666492
helicoid_patch,mean_curvature,2,0.005,1,2,2.0298066625944804,2.5681669585562257,9.445361926972708,6.54,8.047981113297919,20.0,0.8847522580051962,1.9668666666666894
helicoid_patch,mean_curvature,2,0.005,1,3,2.1089497196256595,2.6375160322494104,9.883863154565805,6.373333333333333,7.5250692134136985,18.0,1.0439240078061518,1.946799999999989
helicoid_patch,mean_curvature,2,0.005,2,3,2.0621067865008698,2.5685028221555077,9.621181134342105,7.380000000000002,9.028658076739129,21.0,1.5572745516306181,3.0463777777777636
pseudosphere_patch,gaussian_curvature,0,0.0001,0,1,0.018467041244322344,0.043599669661461456,0.3094247195141122,0.010000000000000037,0.12909944487358088,2.0,0.0018000057155830617,0.004999999999999998
pseudosphere_patch,gaussian_curvature,0,0.0001,0,2,0.02182358427253299,0.048720459435799515,0.4461465450787756,0.013333333333333391,0.18257418583505589,3.0,0.0026664043080816516,0.006666666666666663
pseudosphere_patch,gaussian_curvature,0,0.0001,0,3,0.0190144453582176,0.04407600430932281,0.44494243151055457,0.016666666666666746,0.19148542155126816,3.0,0.004344347351382616,0.008222222222222245
pseudosphere_patch,gaussian_curvature,0,0.0001,1,2,0.029066179601066285,0.07839995555003781,0.754343731753103,0.003333333333333355,0.05773502691896276,1.0,0.0009622611402616323,0.0016666666666666648
pseudosphere_patch,gaussian_curvature,0,0.0001,1,3,0.02139987984587921,0.04796535082208256,0.4108280889663902,0.013333333333333364,0.11547005383792529,1.0,0.0032961381568391963,0.006577777777777799
pseudosphere_patch,gaussian_curvature,0,0.0001,2,3,0.02445588123515562,0.05289682479153519,0.43516947561967356,0.010000000000000009,0.10000000000000005,1.0,0.002564031836631388,0.004933333333333352
pseudosphere_patch,gaussian_curvature,0,0.001325,0,1,0.3071337545762879,0.7623460082475249,6.789265116367186,0.20666666666666667,0.6110100926607785,3.0,0.015974333837872105,0.055999999999999994
pseudosphere_patch,gaussian_curvature,0,0.001325,0,2,0.3048295732732381,0.6075740534706903,5.242094420556207,0.23333333333333348,0.6377042156569666,4.0,0.025884335953171092,0.08484444444444451
pseudosphere_patch,gaussian_curvature,0,0.001325,0,3,0.32665693851548205,0.7817793725760075,5.906839987845061,0.1266666666666668,0.43204937989385767,3.0,0.01677003500515351,0.05293333333333329
pseudosphere_patch,gaussian_curvature,0,0.001325,1,2,0.25135672022160593,0.6220826974555317,5.401138554562397,0.20666666666666658,0.707106781186547,5.0,0.016214079640880705,0.06077777777777807
pseudosphere_patch,gaussian_curvature,0,0.001325,1,3,0.30293689390523787,0.646549157233314,4.4459948248803585,0.11999999999999997,0.46904157598234253,4.0,0.008314175509531391,0.03055555555555568
pseudosphere_patch,gaussian_curvature,0,0.001325,2,3,0.22882492323019707,0.49925038796837723,3.5117072808280696,0.14666666666666667,0.46904157598234286,3.0,0.011486388437692866,0.04311111111111125
pseudosphere_patch,gaussian_curvature,0,0.00255,0,1,0.5464236865960285,1.1298912814003619,11.067879396031241,0.3166666666666669,0.7461009761866467,3.0,0.03575778858436929,0.1323666666666668
pseudosphere_patch,gaussian_curvature,0,0.00255,0,2,0.5265112066993249,0.7729333459119172,4.595941185597127,0.3666666666666668,0.7958224257542217,3.0,0.0712583672077839,0.17573333333333357
pseudosphere_patch,gaussian_curvature,0,0.00255,0,3,0.5991359654843765,1.2426268255865573,9.030275741402697,0.3000000000000001,0.7348469228349536,3.0,0.05184643357934218,0.1379111111111115
pseudosphere_patch,gaussian_curvature,0,0.00255,1,2,0.45140792407008024,1.1147070394213787,11.720891117741896,0.2900000000000001,0.7371114795831999,5.0,0.04118587820826475,0.12070000000000014
pseudosphere_patch,gaussian_curvature,0,0.00255,1,3,0.5610307699996442,1.868083227439804,18.667408843758512,0.2966666666666666,0.7505553499465134,5.0,0.02440282863250679,0.07462222222222227
pseudosphere_patch,gaussian_curvature,0,0.00255,2,3,0.4635780665892716,1.0447423013672863,7.602303667817651,0.22000000000000003,0.6110100926607788,4.0,0.031986362834923975,0.07426666666666656
pseudosphere_patch,gaussian_curvature,0,0.003775,0,1,0.571502068164412,0.9873451817937684,7.281993334286437,0.44333333333333336,1.0115993936995678,4.0,0.050458238650755806,0.14481111111111153
pseudosphere_patch,gaussian_curvature,0,0.003775,0,2,1.0001712565055765,1.9681366618372178,12.409478448806176,0.5066666666666667,1.116542281629615,5.0,0.07367229127736974,0.2325777777777775
pseudosphere_patch,gaussian_curvature,0,0.003775,0,3,0.727288724491818,1.298960155629988,9.39438318364521,0.31,0.6952217871538071,3.0,0.025679881558769612,0.08432222222222255
pseudosphere_patch,gaussian_curvature,0,0.003775,1,2,0.9204785560317259,1.6803543310466724,11.87622686538209,0.73,1.569500982265807,6.0,0.11492669241577272,0.32953333333333323
pseudosphere_patch,gaussian_curvature,0,0.003775,1,3,0.6685641177957808,1.346621463512807,10.131491250923215,0.37333333333333346,0.901849950564579,4.0,0.05476681882713698,0.09200000000000003
pseudosphere_patch,gaussian_curvature,0,0.003775,2,3,0.99213952107272,2.1395971498637794,16.322451128139242,0.6233333333333333,1.2583057392117913,7.0,0.07538146078200947,0.24926666666666658
pseudosphere_patch,gaussian_curvature,0,0.005,0,1,1.139651449066957,3.314994034473755,36.669849988323065,0.36333333333333334,0.754983443527075,3.0,0.04386457577853054,0.12216666666666665
pseudosphere_patch,gaussian_curvature,0,0.005,0,2,1.074284606853311,2.089323495533695,12.818631208697472,0.43666666666666687,0.953939201416946,4.0,0.04978710002820115,0.11074444444444438
pseudosphere_patch,gaussian_curvature,0,0.005,0,3,1.2537544403532297,3.666507912683909,29.42206121272743,0.42666666666666675,0.966091783079296,5.0,0.04545650749974164,0.08519999999999989
pseudosphere_patch,gaussian_curvature,0,0.005,1,2,1.072741489798207,2.795250089522891,28.112944417137495,0.5,0.959166304662544,3.0,0.05807127166329832,0.1655999999999999
pseudosphere_patch,gaussian_curvature,0,0.005,1,3,0.9862941172241932,2.489855166669707,24.557252582053522,0.44333333333333336,0.91104335791443,3.0,0.06454454310991342,0.11881111111111078
pseudosphere_patch,gaussian_curvature,0,0.005,2,3,1.076317191300718,2.4741410183760197,18.12037969291096,0.5033333333333334,1.0847426730181988,4.0,0.09024288499477982,0.1705555555555554
pseudosphere_patch,gaussian_curvature,1,0.0001,0,1,0.04153736625492068,0.14823591714223716,1.961687056229124,0.05666666666666684,0.42031734043061736,5.0,0.002793809293844246,0.01169999999999996
pseudosphere_patch,gaussian_curvature,1,0.0001,0,2,0.04261063905295635,0.15876968956036064,2.730095553994829,0.07666666666666694,0.5066228051190235,5.0,0.004839959272691967,0.01749999999999999
pseudosphere_patch,gaussian_curvature,1,0.0001,0,3,0.042416240148765924,0.1266662413763052,1.7947451127458436,0.06000000000000022,0.6055300708195002,10.0,0.007957779536028444,0.02342222222222222
pseudosphere_patch,gaussian_curvature,1,0.0001,1,2,0.045229598383539946,0.1543575763229543,2.613916425375038,0.05333333333333337,0.30550504633038955,3.0,0.0023765486612090645,0.016333333333333328
pseudosphere_patch,gaussian_curvature,1,0.0001,1,3,0.04207716778008053,0.13977698231111163,1.6827468417417322,0.06333333333333344,0.42817441928883826,5.0,0.005773547240356266,0.018333333333333368
pseudosphere_patch,gaussian_curvature,1,0.0001,2,3,0.0423906556964591,0.1253894245110635,1.997738093766813,0.09000000000000019,0.5196152422706642,5.0,0.005305709712710976,0.02500000000000001
pseudosphere_patch,gaussian_curvature,1,0.001325,0,1,0.5667250651409681,1.6809905862887806,21.89928156135089,0.6933333333333335,1.8601075237738283,13.0,0.09722440251523516,0.24479999999999996
pseudosphere_patch,gaussian_curvature,1,0.001325,0,2,0.4987832880750882,1.2963008245603598,15.492542404475508,0.5000000000000004,1.3038404810405304,7.0,0.04167384925746772,0.14024444444444406
pseudosphere_patch,gaussian_curvature,1,0.001325,0,3,0.5352127164319075,1.511806598569683,22.679883663094465,0.4800000000000002,1.418919776919518,11.0,0.07239008242101826,0.1626444444444446
pseudosphere_patch,gaussian_curvature,1,0.001325,1,2,0.5234943687619302,1.4346881497151551,22.726508528558014,0.6733333333333335,1.6268579122549907,8.0,0.11756114598483422,0.2008888888888891
pseudosphere_patch,gaussian_curvature,1,0.001325,1,3,0.5656226800887421,1.6482034872114395,29.01379862803283,0.5533333333333332,1.3038404810405297,6.0,0.044328357652647886,0.14333333333333298
pseudosphere_patch,gaussian_curvature,1,0.001325,2,3,0.5112361597876989,1.4548574318283585,21.900791340659623,0.5333333333333337,1.5209646062066453,9.0,0.09922805756139434,0.19799999999999976
pseudosphere_patch,gaussian_curvature,1,0.00255,0,1,1.080090274866143,3.625054240843783,57.89018963842116,1.0533333333333337,2.047763007121023,9.0,0.07870583770527403,0.25653333333333395
pseudosphere_patch,gaussian_curvature,1,0.00255,0,2,1.1468412913314472,4.052768184798143,65.24943276226158,1.1099999999999999,2.046948949045872,9.0,0.1165291401942164,0.3198555555555558
pseudosphere_patch,gaussian_curvature,1,0.00255,0,3,1.1480206701663107,3.8183797796914614,54.95661860274839,0.9866666666666668,2.0784609690826525,11.0,0.10419804860616791,0.3625999999999998
pseudosphere_patch,gaussian_curvature,1,0.00255,1,2,1.1697851040691383,4.3174353320624785,54.19016454663215,1.03,2.0599352740640504,8.0,0.0733073911745811,0.2582444444444443
pseudosphere_patch,gaussian_curvature,1,0.00255,1,3,1.0520397120904847,3.7035743296391557,54.69975752798133,0.9666666666666669,2.0199009876724165,9.0,0.11379464610200912,0.36993333333333345
pseudosphere_patch,gaussian_curvature,1,0.00255,2,3,1.0285549136137178,3.0884040425592802,41.14500982705192,0.9633333333333336,1.8699376103674334,9.0,0.09473967852617411,0.2822777777777783
pseudosphere_patch,gaussian_curvature,1,0.003775,0,1,1.428196609295454,4.187695228131136,55.6321297081468,1.5633333333333335,2.6185237571323783,12.0,0.1959553676506753,0.5851666666666673
pseudosphere_patch,gaussian_curvature,1,0.003775,0,2,1.4694530348701917,4.448317665225921,57.32279467695033,1.7799999999999998,3.1368774282716245,11.0,0.17325160775149348,0.43100000000000005
pseudosphere_patch,gaussian_curvature,1,0.003775,0,3,1.4679446602840829,4.324747901052944,73.41955767148423,1.5200000000000002,2.2803508501982757,11.0,0.06574764387335201,0.17944444444444496
pseudosphere_patch,gaussian_curvature,1,0.003775,1,2,1.539864615230016,5.009820915895929,70.14155001403334,1.9166666666666674,2.7874719729532718,9.0,0.17261475129969361,0.46427777777777757
pseudosphere_patch,gaussian_curvature,1,0.003775,1,3,1.4319694185825909,4.658557337719137,77.33600853274893,1.3966666666666667,2.17025344142107,7.0,0.2325751258333076,0.5463000000000018
pseudosphere_patch,gaussian_curvature,1,0.003775,2,3,1.3984896146729495,4.44798210316963,73.08236340988736,1.96,2.9844039047465856,13.0,0.19926771123476286,0.41680000000000017
pseudosphere_patch,gaussian_curvature,1,0.005,0,1,1.7677616534495884,5.087039378995476,75.4639864199883,1.525,2.1350253706533167,7.0,0.12788167112881996,0.31133333333333457
pseudosphere_patch,gaussian_curvature,1,0.005,0,2,2.1133978535006217,7.063101608941447,100.19661795998746,2.203333333333333,3.047950130825634,10.0,0.21748234841574554,0.6140111111111093
pseudosphere_patch,gaussian_curvature,1,0.005,0,3,2.0649896421723914,6.201968380285854,91.06271585499633,1.9233333333333333,2.4569628948493847,8.0,0.17782521039682458,0.3688333333333336
pseudosphere_patch,gaussian_curvature,1,0.005,1,2,2.199731011732857,8.333366997079368,128.48317932683997,2.058333333333333,3.3304153895072406,12.0,0.18361531182509025,0.5016666666666643
pseudosphere_patch,gaussian_curvature,1,0.005,1,3,1.8596530673100498,4.4930839903931785,61.46764105818651,2.135,2.838133189263675,9.0,0.24158041717606754,0.5023666666666675
pseudosphere_patch,gaussian_curvature,1,0.005,2,3,2.1275445732194003,7.5108849124657935,105.02165238605966,2.4399999999999995,2.998888683051329,8.0,0.2500884284760349,0.6315999999999979
pseudosphere_patch,gaussian_curvature,2,0.0001,0,1,0.07912444721915474,0.3214145171448685,7.882034667239765,0.2833333333333329,1.569500982265805,17.0,0.009349880613660903,0.08494444444444432
pseudosphere_patch,gaussian_curvature,2,0.0001,0,2,0.08408799180976534,0.41956765255915085,11.056641295841501,0.19333333333333305,1.1015141094572185,11.0,0.011660054563679505,0.0865777777777777
pseudosphere_patch,gaussian_curvature,2,0.0001,0,3,0.07774072581121046,0.3624308212468534,11.113864047952944,0.20333333333333348,1.3527749258468702,17.0,0.004645208602739294,0.04166666666666663
pseudosphere_patch,gaussian_curvature,2,0.0001,1,2,0.07509652985147369,0.25461978394783114,5.659694609512627,0.14999999999999977,0.7593857166596335,6.0,0.004685300101064704,0.031800000000000106
pseudosphere_patch,gaussian_curvature,2,0.0001,1,3,0.07898311920461196,0.28956541720139745,9.218252535040136,0.2800000000000002,1.9373521448960533,23.0,0.012181095790207323,0.08666666666666656
pseudosphere_patch,gaussian_curvature,2,0.0001,2,3,0.07697531868646341,0.3010248121152324,8.254805815671432,0.2566666666666667,1.6980380835933386,20.0,0.014743528258676884,0.10833333333333328
pseudosphere_patch,gaussian_curvature,2,0.001325,0,1,1.0234535910659854,4.089109707125138,96.17275485463178,4.209999999999999,7.044856279584416,26.0,0.4581575277865564,1.4118333333333322
pseudosphere_patch,gaussian_curvature,2,0.001325,0,2,0.9935130883117733,3.5737269554185302,79.57536716218912,3.656666666666667,6.485625130496933,23.0,0.37509024167964106,1.2216777777777743
pseudosphere_patch,gaussian_curvature,2,0.001325,0,3,1.0293585314503666,4.637830422727623,128.63126575646723,1.9933333333333332,3.2914029430219167,15.0,0.12118718134279095,0.33000000000000007
pseudosphere_patch,gaussian_curvature,2,0.001325,1,2,1.033246427744131,4.11725587817488,100.47337926080556,2.5,4.169732205629838,17.0,0.2269595379177793,0.6578000000000017
pseudosphere_patch,gaussian_curvature,2,0.001325,1,3,0.9650282728940095,3.802283869148032,96.77125023519294,4.029999999999999,7.170541588099649,30.0,0.4108984214836776,1.2800666666666682
pseudosphere_patch,gaussian_curvature,2,0.001325,2,3,1.0149710295086771,4.551020697305611,142.38620964586136,3.1899999999999995,5.933239699635716,24.0,0.3159116628168441,0.9438333333333304
pseudosphere_patch,gaussian_curvature,2,0.00255,0,1,1.9759279379341543,6.922309647216171,158.28060863986727,4.57,5.806031346797914,18.0,0.3966946622810745,0.6965333333333277
pseudosphere_patch,gaussian_curvature,2,0.00255,0,2,2.054882255127593,9.243171761731102,207.96269057192103,4.298333333333335,5.963639828158641,21.0,0.6384868606270651,1.630666666666663
pseudosphere_patch,gaussian_curvature,2,0.00255,0,3,2.164424523830973,9.13860724804098,194.9562826121326,3.5283333333333324,4.810578620775952,22.0,0.4321611359527552,0.90133333333333
pseudosphere_patch,gaussian_curvature,2,0.00255,1,2,2.016380356676597,8.07381691790015,206.78191726239552,5.355,6.889484741256055,18.0,0.5036834751589012,1.1176333333333304
pseudosphere_patch,gaussian_curvature,2,0.00255,1,3,2.038806716604836,7.708012314024034,160.36817169427977,3.551666666666666,4.499073978794598,14.0,0.1549764612420066,0.3933777777777827
pseudosphere_patch,gaussian_curvature,2,0.00255,2,3,2.1768143283427035,9.884339829561519,212.27368673396387,4.3100000000000005,5.832380874622874,18.0,0.42094444872152087,0.7974444444444408
pseudosphere_patch,gaussian_curvature,2,0.003775,0,1,2.9368789640161,12.432859305638946,343.16754775360704,5.510000000000001,6.427804187019598,18.0,1.2484899786749668,2.0511333333333113
pseudosphere_patch,gaussian_curvature,2,0.003775,0,2,2.9784718476537964,12.721071180731695,306.4177960968468,7.225,9.50955659674344,23.0,1.4954441692120901,3.1841777777777693
pseudosphere_patch,gaussian_curvature,2,0.003775,0,3,3.0899924709229865,13.886430422331511,408.8219882467457,4.98,6.253265813423682,17.0,0.7743576139882511,1.5187666666666697
pseudosphere_patch,gaussian_curvature,2,0.003775,1,2,2.876621848935412,11.493160725408806,321.6051684412486,7.491666666666667,9.65392838865782,26.0,0.9458012008029615,1.7227555555555414
pseudosphere_patch,gaussian_curvature,2,0.003775,1,3,2.9203853806740936,11.998242645765243,284.5346612462001,7.473333333333334,8.810978000956155,19.0,1.8616975631464774,2.528711111111118
pseudosphere_patch,gaussian_curvature,2,0.003775,2,3,3.0599243888546397,12.778133720895825,246.0546048856707,7.538333333333332,9.377188633416022,27.0,2.0619945482559037,3.7686666666666717
pseudosphere_patch,gaussian_curvature,2,0.005,0,1,3.8761098041851105,15.408537836457306,430.20258021687823,9.283333333333333,10.714320634863729,21.0,1.8848365253201702,3.327666666666669
pseudosphere_patch,gaussian_curvature,2,0.005,0,2,4.211821059061652,16.959374234947404,425.72898436669857,7.568333333333333,9.121677477306463,24.0,1.168314305581127,2.444355555555557
pseudosphere_patch,gaussian_curvature,2,0.005,0,3,3.8415367813065306,14.243533459954213,267.9499999518813,8.248333333333335,10.139937540899025,26.0,0.9692674037643224,1.830000000000009
pseudosphere_patch,gaussian_curvature,2,0.005,1,2,4.16982007964802,16.082899448562284,324.5158361458442,6.1083333333333325,7.801816027908716,25.0,0.9003388732511914,1.894511111111111
pseudosphere_patch,gaussian_curvature,2,0.005,1,3,4.43189227315792,18.404985666767246,442.83938086795564,6.181666666666667,8.013842191275462,22.0,1.1633834067630595,2.0379222222221927
pseudosphere_patch,gaussian_curvature,2,0.005,2,3,4.123833020883639,16.494516782171452,400.69247187239637,7.0200000000000005,9.104577603235272,22.0,0.7730386685317009,1.7766222222222012
pseudosphere_patch,mean_curvature,0,0.0001,0,1,0.0032692055881524103,0.005019786491842806,0.02296570948441201,0.0033333333333332993,0.05773502691896228,1.0,0.0009839556515818376,0.0018666666666666532
pseudosphere_patch,mean_curvature,0,0.0001,0,2,0.003924452321752347,0.00587082714982988,0.02753432409765555,0.0,0.0,0.0,0.0,0.0
pseudosphere_patch,mean_curvature,0,0.0001,0,3,0.003867886511774286,0.006244558873830187,0.02442899426836398,0.0033333333333332993,0.05773502691896228,1.0,0.0009839556515818376,0.0018666666666666532
pseudosphere_patch,mean_curvature,0,0.0001,1,2,0.004637627619086315,0.0076979555545713405,0.030271483889066086,0.0033333333333332993,0.05773502691896228,1.0,0.0009839556515818376,0.0018666666666666532
pseudosphere_patch,mean_curvature,0,0.0001,1,3,0.0037940077579346533,0.005357070501827614,0.026406622872930274,0.0,0.0,0.0,0.0,0.0
pseudosphere_patch,mean_curvature,0,0.0001,2,3,0.004146282925551983,0.006802257402501597,0.035406308224297245,0.0033333333333332993,0.05773502691896228,1.0,0.0009839556515818376,0.0018666666666666532
pseudosphere_patch,mean_curvature,0,0.001325,0,1,0.046660080983819054,0.06587112907645885,0.25914588914538506,0.06333333333333328,0.30000000000000004,2.0,0.01305751521935568,0.024433333333333446
pseudosphere_patch,mean_curvature,0,0.001325,0,2,0.05259881020142131,0.07563678373528239,0.28283109675091556,0.09666666666666672,0.3785938897200183,2.0,0.012225768004186165,0.04327777777777783
pseudosphere_patch,mean_curvature,0,0.001325,0,3,0.04794681274225791,0.06815645094219609,0.26514914810534784,0.06666666666666667,0.32659863237109044,2.0,0.013029248515260928,0.027066666666666687
pseudosphere_patch,mean_curvature,0,0.001325,1,2,0.0426757315002949,0.060862507459511744,0.32160011719971004,0.05333333333333323,0.2449489742783177,2.0,0.009771062508828825,0.022888888888888827
pseudosphere_patch,mean_curvature,0,0.001325,1,3,0.047185227650151755,0.0612481745847993,0.2061272665699574,0.0433333333333332,0.20816659994661296,1.0,0.003204629495863924,0.009833333333333236
pseudosphere_patch,mean_curvature,0,0.001325,2,3,0.04355769506163057,0.06331757752636472,0.2436074387299827,0.050000000000000024,0.2516611478423583,2.0,0.0072075420603310136,0.019722222222222252
pseudosphere_patch,mean_curvature,0,0.00255,0,1,0.12847027073663492,0.19914507762090033,0.903961193624693,0.15666666666666657,0.435889894354067,2.0,0.0171756652670648,0.051388888888888734
pseudosphere_patch,mean_curvature,0,0.00255,0,2,0.12471459744520469,0.18856041671394025,0.9212901426096722,0.21999999999999992,0.6164414002968975,3.0,0.02784414294418656,0.07666666666666674
pseudosphere_patch,mean_curvature,0,0.00255,0,3,0.12500440855058453,0.23449624389518306,1.4021102280920217,0.13666666666666655,0.4358898943540672,3.0,0.012795868835653921,0.056033333333333296
pseudosphere_patch,mean_curvature,0,0.00255,1,2,0.08578568939413075,0.13592950400623066,0.8994424285782345,0.12333333333333339,0.37859388972001845,2.0,0.01148156959344918,0.04535555555555577
pseudosphere_patch,mean_curvature,0,0.00255,1,3,0.09970952221555202,0.15759943906947568,0.6062612944845087,0.11333333333333336,0.3559026084010439,2.0,0.010686570935239708,0.024755555555555656
pseudosphere_patch,mean_curvature,0,0.00255,2,3,0.08944030535466224,0.13646916706792747,0.5920616996695018,0.10333333333333346,0.36055512754639923,2.0,0.018694587253870826,0.028566666666666532
pseudosphere_patch,mean_curvature,0,0.003775,0,1,0.14087172749811866,0.19458669733324052,0.6953243264744462,0.1466666666666668,0.4472135954999583,2.0,0.01951274986790446,0.06866666666666661
pseudosphere_patch,mean_curvature,0,0.003775,0,2,0.16411035109193944,0.23281434905419354,0.8773997703918819,0.15666666666666684,0.4932882862316251,2.0,0.026873264897573464,0.06824444444444472
pseudosphere_patch,mean_curvature,0,0.003775,0,3,0.15231248875215292,0.22520223622315286,1.08124683302054,0.21000000000000016,0.5567764362830024,2.0,0.032963212129728324,0.07374444444444433
pseudosphere_patch,mean_curvature,0,0.003775,1,2,0.18479057139777777,0.2532337223294808,0.8591888481638996,0.13666666666666671,0.3872983346207418,2.0,0.012796585996613702,0.0327000000000003
pseudosphere_patch,mean_curvature,0,0.003775,1,3,0.10807619378082758,0.14140064534302688,0.5806910316030152,0.13666666666666677,0.42817441928883804,3.0,0.03580371069579904,0.061855555555555594
pseudosphere_patch,mean_curvature,0,0.003775,2,3,0.18969637335833184,0.2624880316917654,0.9771997835901128,0.18,0.4898979485566356,2.0,0.04329316466829266,0.06671111111111155
pseudosphere_patch,mean_curvature,0,0.005,0,1,0.1733428980958427,0.2594182877092211,1.2917846896090126,0.18333333333333326,0.4582575694955838,3.0,0.0232822142859652,0.045411111111111055
pseudosphere_patch,mean_curvature,0,0.005,0,2,0.1917951413367594,0.2777543907457196,1.2922135672559625,0.13,0.36055512754639896,1.0,0.02037400960757892,0.03543333333333376
pseudosphere_patch,mean_curvature,0,0.005,0,3,0.20891090052545586,0.34230655794079906,1.6296300998393178,0.14666666666666658,0.4396968652757638,3.0,0.02632265762659098,0.047333333333333324
pseudosphere_patch,mean_curvature,0,0.005,1,2,0.14876815289392264,0.21750817274696657,0.905014816254162,0.2266666666666668,0.577350269189626,2.0,0.039374957051384274,0.06322222222222218
pseudosphere_patch,mean_curvature,0,0.005,1,3,0.1853063821648595,0.26629687701804194,1.025018461965888,0.15000000000000002,0.4281744192888378,3.0,0.008383769593243315,0.03239999999999965
pseudosphere_patch,mean_curvature,0,0.005,2,3,0.16480095896559166,0.2422793968498233,1.1305689732777104,0.1966666666666667,0.5259911279353167,3.0,0.04251824614379133,0.06809999999999973
pseudosphere_patch,mean_curvature,1,0.0001,0,1,0.00756159671567838,0.012403854560235942,0.10411718663894803,0.016666666666666732,0.1527525231651949,2.0,0.0029394191918107075,0.006166666666666666
pseudosphere_patch,mean_curvature,1,0.0001,0,2,0.008372395971740894,0.01564915753666311,0.13045600311471722,0.030000000000000006,0.19148542155126747,2.0,0.0035887369535549255,0.005722222222222229
pseudosphere_patch,mean_curvature,1,0.0001,0,3,0.009184874421256067,0.017513531106581326,0.14312386610530287,0.016666666666666677,0.1527525231651947,2.0,0.004428724514241662,0.006499999999999999
pseudosphere_patch,mean_curvature,1,0.0001,1,2,0.00868211385796992,0.015658715467693457,0.1338089611833374,0.03333333333333336,0.21602468994692867,2.0,0.002880214898246663,0.006444444444444433
pseudosphere_patch,mean_curvature,1,0.0001,1,3,0.008495594455124647,0.016288042609358774,0.13884847718448168,0.013333333333333364,0.11547005383792529,1.0,0.002422035330880398,0.006755555555555549
pseudosphere_patch,mean_curvature,1,0.0001,2,3,0.008365275587445061,0.014414092648982663,0.1265967907817358,0.033333333333333305,0.2449489742783174,3.0,0.0043657005810964055,0.009911111111111096
pseudosphere_patch,mean_curvature,1,0.001325,0,1,0.11026222590566714,0.18095502228397636,1.0933752238179069,0.19000000000000009,0.5196152422706632,3.0,0.022686266489724542,0.04704444444444428
pseudosphere_patch,mean_curvature,1,0.001325,0,2,0.09673219313628115,0.15438090365844853,1.2038797457891517,0.3066666666666668,0.7874007874011814,4.0,0.03189376011316883,0.12526666666666575
pseudosphere_patch,mean_curvature,1,0.001325,0,3,0.10858566185985949,0.16267764867834553,1.1762556760070342,0.29333333333333333,0.7615773105863907,3.0,0.02494643809569918,0.08195555555555582
pseudosphere_patch,mean_curvature,1,0.001325,1,2,0.1003455467526893,0.15830301618223105,1.1515508828131038,0.27666666666666667,0.7461009761866464,4.0,0.03249403648990686,0.09056666666666552
pseudosphere_patch,mean_curvature,1,0.001325,1,3,0.10800782482224795,0.16223094927185983,0.8273997521924094,0.22333333333333324,0.6191391873668903,3.0,0.008359323667682099,0.0475777777777778
pseudosphere_patch,mean_curvature,1,0.001325,2,3,0.09907726920839499,0.15228284403485748,1.1752864683563804,0.2133333333333332,0.5537749241945382,2.0,0.02926522536454914,0.06491111111110986
pseudosphere_patch,mean_curvature,1,0.00255,0,1,0.21389944700752106,0.339800920090924,2.452679787871065,0.6933333333333334,1.1803954139750514,5.0,0.13724818677732215,0.2662444444444459
pseudosphere_patch,mean_curvature,1,0.00255,0,2,0.21275443647081965,0.3674830309397065,2.5346076847900556,0.6733333333333335,1.116542281629615,4.0,0.11399655290434879,0.29546666666666593
pseudosphere_patch,mean_curvature,1,0.00255,0,3,0.2172098324641738,0.33803813651377346,2.3944922915548483,0.7866666666666666,1.2974333637352375,4.0,0.11359404662209907,0.26435555555555645
pseudosphere_patch,mean_curvature,1,0.00255,1,2,0.20181909408939697,0.3306315008813646,2.8731069302189436,0.4000000000000001,0.787400787401181,3.0,0.0675829172172119,0.10435555555555656
pseudosphere_patch,mean_curvature,1,0.00255,1,3,0.20606772812807417,0.31338638123842105,1.77940309301658,0.6600000000000001,1.2342339054382412,4.0,0.14890429612100609,0.24144444444444452
pseudosphere_patch,mean_curvature,1,0.00255,2,3,0.20012525492762312,0.33284462837006573,2.180028870429539,0.6399999999999999,1.1387127235025813,4.0,0.09145366779910692,0.1450888888888888
pseudosphere_patch,mean_curvature,1,0.003775,0,1,0.278347246923054,0.4552737488158525,2.8611330334029343,0.6466666666666667,0.99498743710662,3.0,0.13212721991625548,0.21826666666666844
pseudosphere_patch,mean_curvature,1,0.003775,0,2,0.2930997920851989,0.4964214607228275,3.8264248288963802,0.9816666666666669,1.501665741768121,4.0,0.09239096621347803,0.20387777777777694
pseudosphere_patch,mean_curvature,1,0.003775,0,3,0.29350373742615454,0.4531453552912872,2.622180067950934,0.5983333333333335,0.8708233651742091,3.0,0.0796380443443687,0.1743999999999969
pseudosphere_patch,mean_curvature,1,0.003775,1,2,0.2802323941011182,0.45430722986414435,4.128064769323681,1.011666666666667,1.5313392831113555,5.0,0.1415111297226867,0.3912888888888897
pseudosphere_patch,mean_curvature,1,0.003775,1,3,0.2830185006881507,0.48440192557395295,3.8452223371954277,0.8216666666666668,1.1811011811017718,3.0,0.17120277925756386,0.3542999999999986
pseudosphere_patch,mean_curvature,1,0.003775,2,3,0.2818511781042355,0.5102070558308104,5.4390390570706995,0.9700000000000001,1.4317821063276355,4.0,0.09017573891512459,0.23363333333333114
pseudosphere_patch,mean_curvature,1,0.005,0,1,0.3841495510863847,0.6711714115243077,5.998595180423747,1.1466666666666665,1.5022205785658334,5.0,0.2179146082333198,0.4107333333333324
pseudosphere_patch,mean_curvature,1,0.005,0,2,0.3908756591810093,0.6703986037804429,5.608061604123517,0.9183333333333337,1.196522739719838,3.0,0.11721502172022276,0.24733333333333174
pseudosphere_patch,mean_curvature,1,0.005,0,3,0.38986410373283065,0.6389626743744505,5.46708446538605,1.055,1.4994443415256644,5.0,0.15460113001945514,0.3075777777777795
pseudosphere_patch,mean_curvature,1,0.005,1,2,0.42195125215826756,0.7379734963300161,5.404801074025187,0.7250000000000001,1.014067716345084,3.0,0.11027554275186367,0.1953555555555552
pseudosphere_patch,mean_curvature,1,0.005,1,3,0.38527401341294765,0.6359814813672658,4.809065072450295,0.6183333333333334,1.0124228365658294,4.0,0.10867209976571514,0.23515555555555398
pseudosphere_patch,mean_curvature,1,0.005,2,3,0.4046552038855356,0.6806679834375947,4.290974845881785,0.7199999999999999,1.2288205727444506,4.0,0.0758353345279302,0.199500000000002
pseudosphere_patch,mean_curvature,2,0.0001,0,1,0.017429712634396834,0.03120063635776972,0.4370084072847975,0.08000000000000011,0.4242640687119288,4.0,0.004111000999526446,0.015355555555556108
pseudosphere_patch,mean_curvature,2,0.0001,0,2,0.017150292552450874,0.03216851902150979,0.46767535114530556,0.08000000000000004,0.3915780041490245,4.0,0.008859980770817745,0.020000000000000073
pseudosphere_patch,mean_curvature,2,0.0001,0,3,0.01691794810479405,0.029976943649775108,0.2808852210153546,0.0999999999999999,0.4690415759823424,4.0,0.008798685835281353,0.020044444444444448
pseudosphere_patch,mean_curvature,2,0.0001,1,2,0.01699391744674967,0.0301124583167099,0.3155772160492134,0.07999999999999996,0.39999999999999986,4.0,0.009778135515341483,0.020000000000000046
pseudosphere_patch,mean_curvature,2,0.0001,1,3,0.018346952919083982,0.03393367719999427,0.35541612258251565,0.07333333333333336,0.40824829046386313,3.0,0.009716347431386297,0.026666666666666644
pseudosphere_patch,mean_curvature,2,0.0001,2,3,0.017484345016507655,0.03242702323838658,0.41005580388755547,0.08666666666666657,0.43204937989385694,4.0,0.004197834048600339,0.016666666666665934
pseudosphere_patch,mean_curvature,2,0.001325,0,1,0.2249629965082345,0.37005193413386755,4.05275575784596,1.46,1.9252705437591535,5.0,0.26081343978094795,0.48013333333333175
pseudosphere_patch,mean_curvature,2,0.001325,0,2,0.21148206171676687,0.34840716103967595,3.254238151995804,1.246666666666667,1.7776388834631178,5.0,0.09507784724654365,0.22520000000000073
pseudosphere_patch,mean_curvature,2,0.001325,0,3,0.21859628824370328,0.3809974393244586,3.243663602241215,1.2616666666666667,1.7034279164868313,5.0,0.08577459802684437,0.16780000000000023
pseudosphere_patch,mean_curvature,2,0.001325,1,2,0.23373670806240943,0.4016767258928687,4.472853271994151,1.7266666666666666,2.4262453846770464,9.0,0.31738373782699936,0.6210666666666673
pseudosphere_patch,mean_curvature,2,0.001325,1,3,0.22743040377611135,0.41190661321808153,4.507603453636895,1.4416666666666669,2.0087309426600672,7.0,0.25022436043589996,0.45306666666666606
pseudosphere_patch,mean_curvature,2,0.001325,2,3,0.22422165937415134,0.40204483204348973,3.757270731258707,1.1549999999999998,1.5879756505270055,5.0,0.13513157168725226,0.2841000000000029
pseudosphere_patch,mean_curvature,2,0.00255,0,1,0.42331611999926677,0.7017065818579821,6.668451667570081,2.6333333333333333,3.1278320500521337,9.0,0.23127356296370163,0.530866666666662
pseudosphere_patch,mean_curvature,2,0.00255,0,2,0.3874258462494617,0.6843751555416631,6.509405209152236,2.28,2.8307831660749523,9.0,0.331322897716776,0.6537777777777793
pseudosphere_patch,mean_curvature,2,0.00255,0,3,0.42389016383652767,0.789087817130984,10.27056834784616,2.525,3.2101401838549046,10.0,0.2826115119146184,0.5244000000000004
pseudosphere_patch,mean_curvature,2,0.00255,1,2,0.40188221945300334,0.6611469673958955,5.702164413849635,2.343333333333333,3.0664855018951798,9.0,0.3861120658927711,0.806777777777778
pseudosphere_patch,mean_curvature,2,0.00255,1,3,0.43367028528673385,0.7329916905453898,7.038353794817095,1.861666666666666,2.5958299892969356,10.0,0.14010472075478983,0.4003333333333331
pseudosphere_patch,mean_curvature,2,0.00255,2,3,0.4102046141126776,0.7420139174578838,9.756217943283831,2.535,3.3776224379485242,12.0,0.3456638456020233,0.7470666666666674
pseudosphere_patch,mean_curvature,2,0.003775,0,1,0.5849029512600656,0.9987184740130832,8.95910595500388,2.9549999999999996,3.8903727327853814,10.0,0.2206196263407903,0.4520666666666737
pseudosphere_patch,mean_curvature,2,0.003775,0,2,0.6223443154651855,1.171867887166383,16.378217796060092,2.98,3.651483716701107,10.0,0.3535300458706926,0.6729333333333349
pseudosphere_patch,mean_curvature,2,0.003775,0,3,0.6073517125753043,1.0421551301938898,11.034749996793895,3.4066666666666663,4.091454509095756,13.0,0.4486363173746525,0.8582222222222233
pseudosphere_patch,mean_curvature,2,0.003775,1,2,0.5891691046767151,1.0818547279779567,10.711332517996084,2.635,3.387968909735349,11.0,0.3382586942239737,0.5637777777777772
pseudosphere_patch,mean_curvature,2,0.003775,1,3,0.586104501100652,1.0574889332202815,11.222297461574394,3.3883333333333336,4.1394444071638405,15.0,0.39286590422649625,0.6976333333333333
pseudosphere_patch,mean_curvature,2,0.003775,2,3,0.6056905885319982,1.0749918657155026,13.946729408258149,4.029999999999999,5.046450898073483,16.0,0.6247179366155726,1.134466666666668
pseudosphere_patch,mean_curvature,2,0.005,0,1,0.805847194293027,1.3768280106142052,12.959818212370982,3.4233333333333333,4.184096875870188,13.0,0.5580638076561105,0.9288666666666645
pseudosphere_patch,mean_curvature,2,0.005,0,2,0.8427210083694915,1.489392437158308,15.682025827856389,3.605,4.584212036980838,17.0,0.6605394442168125,1.3302666666666667
pseudosphere_patch,mean_curvature,2,0.005,0,3,0.8104575139364133,1.5466291711642477,19.28636508626439,2.768333333333333,3.387968909735349,10.0,0.4942991112460154,0.888433333333333
pseudosphere_patch,mean_curvature,2,0.005,1,2,0.8637825339648704,1.4603415105391722,13.634107929942608,4.368333333333333,5.295438288439085,13.0,0.32392674538944977,0.8108444444444474
pseudosphere_patch,mean_curvature,2,0.005,1,3,0.8324984241910501,1.4016140360095608,15.007823416900445,2.6416666666666666,3.4849677186453247,13.0,0.1595982286508133,0.2884666666666651
pseudosphere_patch,mean_curvature,2,0.005,2,3,0.8252136154521081,1.4296667085381825,15.220363836527358,3.1433333333333335,3.988734135035826,13.0,0.24641262932100122,0.690733333333335
