surface,curvature,subdivision_level,perturbation_scale,repetition,seed,noise_model,scale_reference,vertex_count,face_count,characteristic_length,reference_median_edge_length,normalized_mean_edge_length,realized_coordinate_std,vertex_displacement_rms,median_vertex_displacement,maximum_vertex_displacement,curvature_reference_error_l1,curvature_reference_error_l2,curvature_reference_error_linf,curvature_reference_error_bias,ecc_reference_error_l1,ecc_reference_error_l2,ecc_reference_error_linf,secc_reference_error_l2,secc_reference_error_linf,curvature_baseline_l1,curvature_baseline_l2,curvature_baseline_linf,curvature_baseline_bias,ecc_baseline_l1,ecc_baseline_l2,ecc_baseline_linf,secc_baseline_l2,secc_baseline_linf,minimum_angle_degrees,angle_q01_degrees,angle_q05_degrees,normal_reversal_fraction,degenerate_face_fraction,ecc_exact_jump_count,ecc_exact_total_variation,ecc_sampled_jump_count,ecc_sampled_total_variation
doubly_elliptic_torus,gaussian_curvature,0,0.0,0,832425784310900309,centered_standardized_gaussian_coordinates,unperturbed_median_edge_length,64,128,9.706388206475465,1.796189158632215,0.1815779529757719,0.0,0.0,0.0,0.0,3.5360596553832986,6.894583464208,35.773612815254765,1.6235879309542378,0.6200000000000001,1.2596295751794124,4.0,0.16496012562212556,0.2971111111111113,0.0,0.0,0.0,0.0,0.0,0.0,0.0,0.0,0.0,8.905337059337631,8.905337059337642,8.905337059337715,0.0,0.0,13,16,6,16.0
doubly_elliptic_torus,gaussian_curvature,0,0.0001,0,6427088599215832370,centered_standardized_gaussian_coordinates,unperturbed_median_edge_length,64,128,9.706388206475465,1.796189158632215,0.1815766690552855,0.00010000000000000002,0.00017320508075688773,0.000146702930514828,0.0003583318679239567,3.5396407348969294,6.894584706146091,35.80527977117005,1.6219380660668916,0.6200000000000001,1.2596295751794124,4.0,0.16496012562212556,0.2971111111111113,0.01905094434565129,0.02374430106562766,0.07260305892887686,-0.001555582674343314,0.0,0.0,0.0,0.0,0.0,8.899141611023717,8.900848016268545,8.913017409696117,0.0,0.0,16,16,6,16.0
doubly_elliptic_torus,gaussian_curvature,0,0.0001,1,4324990013131787071,centered_standardized_gaussian_coordinates,unperturbed_median_edge_length,64,128,9.706388206475465,1.796189158632215,0.18157984614343362,9.999999999999999e-05,0.00017320508075688773,0.00016141369783602213,0.00033250182941906427,3.5368757437638534,6.895813484315524,35.79967459934028,1.6250923618987105,0.6200000000000001,1.2596295751794124,4.0,0.16496012562212556,0.2971111111111113,0.013423122180227261,0.018500485024947683,0.07720991284681133,0.001379961176399969,0.0,0.0,0.0,0.0,0.0,8.900556067203413,8.90405092971466,8.91218476443767,0.0,0.0,16,16,6,16.0
doubly_elliptic_torus,gaussian_curvature,0,0.0001,2,5138333881245311819,centered_standardized_gaussian_coordinates,unperturbed_median_edge_length,64,128,9.706388206475465,1.796189158632215,0.18157876535244616,0.0001,0.00017320508075688773,0.00013966370575285123,0.0003475425212107175,3.5374176314500225,6.892111944428361,35.777145763144546,1.6229715634065864,0.6200000000000001,1.2596295751794124,4.0,0.16496012562212556,0.2971111111111113,0.01584205578747816,0.021356533861350415,0.0574014877238227,-0.0006424251562090872,0.0,0.0,0.0,0.0,0.0,8.897734405989752,8.89933036860814,8.908951956781653,0.0,0.0,16,16,6,16.0
doubly_elliptic_torus,gaussian_curvature,0,0.0001,3,2080689598371734802,centered_standardized_gaussian_coordinates,unperturbed_median_edge_length,64,128,9.706388206475465,1.796189158632215,0.1815795555012833,0.0001,0.00017320508075688773,0.00014809111859051625,0.00028855673118756794,3.5418367217012277,6.893466686655932,35.75081462754524,1.6235565556148637,0.6200000000000001,1.2596295751794124,4.0,0.16496012562212556,0.2971111111111113,0.017507598748446554,0.021510728150604293,0.061190820110816446,-9.051670589468007e-06,0.0,0.0,0.0,0.0,0.0,8.89897378970337,8.900630745575908,8.90786549687979,0.0,0.0,16,16,6,16.0
doubly_elliptic_torus,gaussian_curvature,0,0.001325,0,3772440573692026917,centered_standardized_gaussian_coordinates,unperturbed_median_edge_length,64,128,9.706388206475465,1.796189158632215,0.18156035822450328,0.0013250000000000004,0.002294967320028763,0.002182307041635915,0.003780634903584815,3.632531731917939,6.915163355127272,36.61882116476333,1.6232818481630857,0.6166666666666668,1.2449899597988734,4.0,0.16433641878504746,0.29573333333333357,0.2999504438196818,0.3730486171182887,1.294280303837553,-0.002520181734098556,0.030000000000000054,0.2081665999466136,2.0,0.004046308585455305,0.007677777777779227,8.792303357085336,8.83371478954988,9.03853721815242,0.0,0.0,16,16,8,16.0
doubly_elliptic_torus,gaussian_curvature,0,0.001325,1,13282936916019683154,centered_standardized_gaussian_coordinates,unperturbed_median_edge_length,64,128,9.706388206475465,1.796189158632215,0.18155749989643022,0.0013250000000000002,0.002294967320028763,0.0019988645363930952,0.005309106850816621,3.6224084099384215,6.920947322366516,36.35213191790395,1.6116417847853581,0.6266666666666668,1.2489995996796799,4.0,0.16965713014989786,0.3025111111111113,0.28967729953867,0.36732554683610447,1.131912280686663,-0.01156062714439817,0.026666666666666658,0.19999999999999993,2.0,0.005498492124014926,0.010888888888887005,8.866855369937756,8.925333683271234,8.9917735009666,0.0,0.0,16,16,9,16.0
doubly_elliptic_torus,gaussian_curvature,0,0.001325,2,2449947024693591357,centered_standardized_gaussian_coordinates,unperturbed_median_edge_length,64,128,9.706388206475465,1.796189158632215,0.18156378293510295,0.0013250000000000002,0.002294967320028763,0.0020785535268883905,0.004750553474033003,3.575093973554549,6.870729887670312,36.25713671103385,1.6229615495704526,0.6333333333333334,1.2649110640673518,4.0,0.16516481355863893,0.29777777777777803,0.2349979743456313,0.30086917441144767,0.7494162739916018,-0.003626736627798128,0.01333333333333335,0.11547005383792522,1.0,0.0016068013877231415,0.004422222222223049,8.789240077690824,8.872557954829267,8.966004256442613,0.0,0.0,16,16,10,16.0
doubly_elliptic_torus,gaussian_curvature,0,0.001325,3,6123770280661254708,centered_standardized_gaussian_coordinates,unperturbed_median_edge_length,64,128,9.706388206475465,1.796189158632215,0.18157055623011606,0.0013250000000000002,0.0022949673200287624,0.0020958531792993756,0.004297145004448117,3.5861041600440853,6.9023759680601495,35.99495474708594,1.6388757855153588,0.6366666666666668,1.263592761401658,4.0,0.16879826936535983,0.3019000000000003,0.2647791250673495,0.3259655737866027,0.8069861687686363,0.013455248517927837,0.0233333333333334,0.19148542155126794,2.0,0.005224185997986316,0.008188888888888135,8.809937964086565,8.840816867170359,8.973092193611313,0.0,0.0,16,16,9,16.0
doubly_elliptic_torus,gaussian_curvature,0,0.00255,0,15884722302454583920,centered_standardized_gaussian_coordinates,unperturbed_median_edge_length,64,128,9.706388206475465,1.796189158632215,0.1815537673723536,0.00255,0.004416729559300637,0.0038329698470415193,0.008336690894307266,3.7314587701739574,6.970572905840539,35.72320967131462,1.652422482116779,0.6133333333333335,1.2220201853215578,4.0,0.16537195785393713,0.29533333333333356,0.4380860629999761,0.5625949001045436,1.5156649448376254,0.021652194340602466,0.03999999999999984,0.25819888974716027,3.0,0.0024072079689466943,0.011288888888888016,8.797700476911654,8.820601428861387,9.060074431063898,0.0,0.0,16,16,12,16.0
doubly_elliptic_torus,gaussian_curvature,0,0.00255,1,16125217824241575743,centered_standardized_gaussian_coordinates,unperturbed_median_edge_length,64,128,9.706388206475465,1.796189158632215,0.1816287169859489,0.0025500000000000006,0.004416729559300638,0.004141338219184855,0.007280539181298954,3.6159170307443667,6.829740191358516,34.499906072141286,1.611047099632494,0.6300000000000001,1.252996408614167,4.0,0.16707959790781454,0.29426666666666684,0.5568420135753155,0.6871572349857145,1.4534865944232254,-0.013055212083702361,0.04999999999999993,0.29999999999999977,2.0,0.004695863252613301,0.010766666666667389,8.712727735680298,8.854100144377073,8.959174915797997,0.0,0.0,16,16,10,16.0
doubly_elliptic_torus,gaussian_curvature,0,0.00255,2,12620465804430238548,centered_standardized_gaussian_coordinates,unperturbed_median_edge_length,64,128,9.706388206475465,1.796189158632215,0.18162377555706483,0.00255,0.0044167295593006365,0.0038229675382075562,0.009184891015805342,3.6535992510008413,6.8374697982993045,35.18550225816385,1.6174730753222744,0.6033333333333335,1.2315302134607446,4.0,0.15999314497918052,0.2923000000000002,0.5005818735260653,0.6777945493841178,2.3991537644830103,-0.005123418295988842,0.030000000000000027,0.19148542155126766,2.0,0.00863186864929108,0.014344444444445936,8.708124834740213,8.796458434661682,9.052139556710253,0.0,0.0,16,16,10,16.0
doubly_elliptic_torus,gaussian_curvature,0,0.00255,3,8809629469871905456,centered_standardized_gaussian_coordinates,unperturbed_median_edge_length,64,128,9.706388206475465,1.796189158632215,0.18157507801977732,0.00255,0.004416729559300637,0.004112470063434631,0.007756182413230219,3.711294032433762,6.881055437902529,34.81990358892098,1.6323125222916328,0.6166666666666667,1.2449899597988734,4.0,0.15909226358730702,0.2907666666666669,0.6432173741607841,0.8324140834161857,3.045352672839819,0.003228161859293553,0.043333333333333335,0.23804761428476173,2.0,0.008495286759100985,0.01645555555555757,8.682535065860376,8.739061111687459,8.95388371788279,0.0,0.0,16,16,9,16.0
doubly_elliptic_torus,gaussian_curvature,0,0.003775,0,14880058091485886285,centered_standardized_gaussian_coordinates,unperturbed_median_edge_length,64,128,9.706388206475465,1.796189158632215,0.1815642605743306,0.003775000000000001,0.006538491798572512,0.005532881601349874,0.012649846120027942,3.588217417733364,6.818853231995122,37.048149673797425,1.6172052572689464,0.6433333333333335,1.250333288900737,4.0,0.16829154651862194,0.29560000000000025,0.7892329441799897,1.0396212523255757,2.894549235485334,0.0003412304212376772,0.05666666666666671,0.2645751311064593,2.0,0.005713144543605339,0.012055555555555264,8.658762011590186,8.681362942345638,9.258877666318293,0.0,0.0,16,16,12,16.0
doubly_elliptic_torus,gaussian_curvature,0,0.003775,1,7114540290951994971,centered_standardized_gaussian_coordinates,unperturbed_median_edge_length,64,128,9.706388206475465,1.796189158632215,0.18160204273181837,0.003775,0.006538491798572512,0.005835515776398421,0.011836363732883994,3.650685401897249,6.77312208083328,35.218530486051165,1.6377270468154983,0.6100000000000003,1.2206555615733707,4.0,0.15943681263190795,0.2887000000000002,0.5695006227824378,0.7185142219386076,2.2732823620895033,0.012782855188897296,0.06333333333333326,0.2999999999999999,2.0,0.0096249044674863,0.018944444444445763,8.527441791972292,8.696262124131753,9.12856484466371,0.0,0.0,16,16,14,16.0
doubly_elliptic_torus,gaussian_curvature,0,0.003775,2,15685156760122413082,centered_standardized_gaussian_coordinates,unperturbed_median_edge_length,64,128,9.706388206475465,1.796189158632215,0.18157812880747823,0.003775,0.006538491798572512,0.00586488917068218,0.013339924682392935,3.649195954157454,6.877678015076009,35.880344616293385,1.5985524340149548,0.6266666666666668,1.2596295751794124,4.0,0.15949634153472897,0.2920000000000002,0.6089451043224021,0.8183395046856957,2.55176115360981,-0.02963049455055946,0.05333333333333351,0.30550504633039005,3.0,0.013088212898345965,0.026200000000000334,8.593327177163022,8.658655698051362,9.313497891074384,0.0,0.0,16,16,12,16.0
doubly_elliptic_torus,gaussian_curvature,0,0.003775,3,15657347117309462666,centered_standardized_gaussian_coordinates,unperturbed_median_edge_length,64,128,9.706388206475465,1.796189158632215,0.18164339353131173,0.003775,0.006538491798572513,0.006348984505214815,0.012087691228330298,3.587588822203457,6.819385470955649,35.540762704393984,1.6385681105034084,0.6366666666666667,1.252996408614167,4.0,0.1654955223618166,0.2945555555555558,0.5777597529444417,0.7649271637438539,2.1803153117835947,0.016430066879210635,0.0366666666666666,0.22360679774997852,2.0,0.00477286784750098,0.009755555555555077,8.616172634723306,8.712936574765164,9.183542546503366,0.0,0.0,16,16,13,16.0
doubly_elliptic_torus,gaussian_curvature,0,0.005,0,887633783432190676,centered_standardized_gaussian_coordinates,unperturbed_median_edge_length,64,128,9.706388206475465,1.796189158632215,0.18151855740952738,0.005,0.008660254037844388,0.007503661168575155,0.018848318188880744,3.6486180617406982,6.646888820702769,34.30756069845815,1.649009920046565,0.5766666666666669,1.1846237095944578,4.0,0.14772041249431161,0.27004444444444464,0.9803430596466249,1.2554135117108287,4.69387835140266,0.02525821451694346,0.08999999999999991,0.36968455021364693,2.0,0.020486304267765487,0.029222222222222215,8.48688325437753,8.58838046362581,9.079389679476954,0.0,0.0,16,16,13,16.0
doubly_elliptic_torus,gaussian_curvature,0,0.005,1,15943002966546118842,centered_standardized_gaussian_coordinates,unperturbed_median_edge_length,64,128,9.706388206475465,1.796189158632215,0.18157798834942196,0.005,0.008660254037844387,0.00735550969009382,0.016261908965695532,3.7760918643957315,6.894988422727463,35.99836617034603,1.6803113112010746,0.6166666666666669,1.2124355652982144,4.0,0.14878516266627384,0.27910000000000024,0.8564319187987286,1.3102100232990948,6.2148913548303355,0.053356078470841464,0.08333333333333334,0.31091263510296047,2.0,0.020389352603466582,0.030588888888889547,8.51506352506863,8.688895474860193,9.08563153661936,0.0,0.0,16,16,13,16.0
doubly_elliptic_torus,gaussian_curvature,0,0.005,2,11248991777148894163,centered_standardized_gaussian_coordinates,unperturbed_median_edge_length,64,128,9.706388206475465,1.796189158632215,0.18149493940579295,0.005,0.008660254037844388,0.007286594963424185,0.017992448101859876,3.8262808882779202,7.13730268420986,38.88658950091582,1.634994318649519,0.6033333333333335,1.1986103064243472,4.0,0.1605794400407041,0.2908333333333336,0.880119765058925,1.1174255618449673,3.1129766856610814,0.0034148465642489245,0.07666666666666654,0.3214550253664312,3.0,0.005823849433340032,0.01699999999999999,8.325608321661276,8.624871587395315,8.947805778950356,0.0,0.0,16,16,13,16.0
doubly_elliptic_torus,gaussian_curvature,0,0.005,3,1177072514713547381,centered_standardized_gaussian_coordinates,unperturbed_median_edge_length,64,128,9.706388206475465,1.796189158632215,0.1815443560901997,0.005,0.008660254037844387,0.007922664708889988,0.01643968583032988,3.755725908619589,6.635983345568998,34.22480395178846,1.6107716331023765,0.5866666666666669,1.1888369666751344,4.0,0.15522362601767142,0.2720000000000002,0.9774571221485366,1.2637415256467888,5.464176589300237,-0.023951965043287157,0.07999999999999984,0.38297084310253443,4.0,0.013395239004345617,0.027111111111111103,8.363800251367,8.466087478544756,8.898354203434435,0.0,0.0,16,16,12,16.0
doubly_elliptic_torus,gaussian_curvature,1,0.0,0,6492836840571365242,centered_standardized_gaussian_coordinates,unperturbed_median_edge_length,256,512,9.706388206475465,0.9334801028002744,0.09262787762998352,0.0,0.0,0.0,0.0,0.8663854808334284,1.654292906525074,12.30660593478305,0.35903170974762977,0.1933333333333334,0.6831300510639734,4.0,0.06859535131641345,0.11566666666666664,0.0,0.0,0.0,0.0,0.0,0.0,0.0,0.0,0.0,8.216103648926683,8.216103648926694,9.438492567533961,0.0,0.0,13,16,6,16.0
doubly_elliptic_torus,gaussian_curvature,1,0.0001,0,18319357537494394627,centered_standardized_gaussian_coordinates,unperturbed_median_edge_length,256,512,9.706388206475465,0.9334801028002744,0.09262758296904199,0.0001,0.00017320508075688773,0.00015231902788731018,0.0004143224683712262,0.8699113861231864,1.655579836106515,12.302040209940557,0.35837111596346505,0.1933333333333334,0.6831300510639734,4.0,0.06859535131641345,0.11566666666666664,0.03356204814763004,0.04572745123534366,0.18339104691840902,-0.0006325662130765052,0.0,0.0,0.0,0.0,0.0,8.209199763044989,8.216395019294216,9.433742154431986,0.0,0.0,16,16,6,16.0
doubly_elliptic_torus,gaussian_curvature,1,0.0001,1,10708631311582757551,centered_standardized_gaussian_coordinates,unperturbed_median_edge_length,256,512,9.706388206475465,0.9334801028002744,0.09262771163313566,0.00010000000000000002,0.00017320508075688773,0.00015175928053758872,0.00038811737775664963,0.8718234500445408,1.653847189833037,12.375066046644093,0.35852259930035246,0.19666666666666677,0.6855654600401045,4.0,0.07012569329484246,0.11828888888888889,0.03206611131772168,0.046436101885815394,0.23194531813480523,-0.0004943249621777366,0.003333333333333334,0.05773502691896258,1.0,0.0016129172507026268,0.0029555555555555862,8.208148630724507,8.220179560880696,9.433429051197997,0.0,0.0,16,16,7,16.0
doubly_elliptic_torus,gaussian_curvature,1,0.0001,2,14413759069442712191,centered_standardized_gaussian_coordinates,unperturbed_median_edge_length,256,512,9.706388206475465,0.9334801028002744,0.09262822581296563,9.999999999999999e-05,0.00017320508075688773,0.0001456159789691459,0.0003954741838891902,0.8688529155287585,1.6514486062862674,12.325396601883583,0.359115327828022,0.1933333333333334,0.6831300510639734,4.0,0.06859535131641345,0.11566666666666664,0.035492199130502416,0.04712298414433534,0.21364139035984664,8.980008848505827e-05,0.0,0.0,0.0,0.0,0.0,8.211339992050958,8.21809185234822,9.436438127249938,0.0,0.0,16,16,6,16.0
doubly_elliptic_torus,gaussian_curvature,1,0.0001,3,12039448538485633760,centered_standardized_gaussian_coordinates,unperturbed_median_edge_length,256,512,9.706388206475465,0.9334801028002744,0.09262786898532334,9.999999999999999e-05,0.00017320508075688773,0.00015059260562112292,0.0003549737827751916,0.8740006580350801,1.6554962028873237,12.359336282219445,0.3591830255943216,0.20000000000000007,0.6879922480183432,4.0,0.07061510173180065,0.11866666666666663,0.03385790810835959,0.04978244520346759,0.25191473905758244,0.00014791892272362952,0.006666666666666633,0.0816496580927724,1.0,0.002268953095184674,0.0033333333333334103,8.20431919777142,8.214766056676751,9.433455396465611,0.0,0.0,16,16,8,16.0
doubly_elliptic_torus,gaussian_curvature,1,0.001325,0,4876391779970248580,centered_standardized_gaussian_coordinates,unperturbed_median_edge_length,256,512,9.706388206475465,0.9334801028002744,0.0926285275177799,0.001325,0.002294967320028763,0.0019627044713354707,0.006134919814776386,1.0279188740951306,1.8335632497319818,13.971096106107424,0.3611023425843939,0.21333333333333346,0.6831300510639733,4.0,0.07862073256131201,0.13053333333333328,0.48376020514597506,0.671224611536518,2.380286579217966,0.002197512662515196,0.033333333333333444,0.23094010767585063,2.0,0.010546573176217934,0.015866666666666675,8.182405166488453,8.261901160038715,9.408522096595595,0.0,0.0,18,18,11,16.0
doubly_elliptic_torus,gaussian_curvature,1,0.001325,1,11596996233871918400,centered_standardized_gaussian_coordinates,unperturbed_median_edge_length,256,512,9.706388206475465,0.9334801028002744,0.09262729987060728,0.001325,0.002294967320028763,0.0019639186654245777,0.004430910779562454,1.0275279573882439,1.7959075141872696,13.772705571460378,0.35835640847910055,0.20000000000000007,0.648074069840786,4.0,0.07104939914834994,0.1205333333333333,0.4905740652151869,0.670130400241136,2.820245398778468,-0.000717490671821995,0.04,0.21602468994692853,2.0,0.003484084920983083,0.006488888888889099,8.176315249097117,8.283221148060852,9.420017178177366,0.0,0.0,16,16,11,16.0
doubly_elliptic_torus,gaussian_curvature,1,0.001325,2,6572468228576560955,centered_standardized_gaussian_coordinates,unperturbed_median_edge_length,256,512,9.706388206475465,0.9334801028002744,0.0926252324183714,0.001325,0.002294967320028763,0.0019568934737033434,0.006550706801449331,1.0307807001614342,1.7986533187696145,13.389001548453791,0.3520052138169715,0.21666666666666684,0.6855654600401045,4.0,0.06877814051839941,0.11361111111111108,0.44687058193154594,0.621829681207886,2.378314565380748,-0.0062024598035535505,0.0500000000000001,0.2645751311064593,2.0,0.0033334104929335627,0.008166666666666648,8.135971339933123,8.26658973335096,9.376866572008844,0.0,0.0,18,18,12,18.0
doubly_elliptic_torus,gaussian_curvature,1,0.001325,3,11628848130122517884,centered_standardized_gaussian_coordinates,unperturbed_median_edge_length,256,512,9.706388206475465,0.9334801028002744,0.09262433528957584,0.0013250000000000002,0.002294967320028763,0.0020207067076360137,0.004879116928230289,0.992769987654948,1.7566660767593612,12.014901574923101,0.35650639440733956,0.1966666666666667,0.6454972243679028,4.0,0.0640922773864067,0.10936666666666665,0.41222686117110185,0.5777480933386319,2.5032872654019585,-0.0023419342477127326,0.030000000000000034,0.1732050807568878,1.0,0.005288867491397286,0.007622222222221087,8.107289703778294,8.262264925229895,9.380318559449417,0.0,0.0,18,18,12,18.0
doubly_elliptic_torus,gaussian_curvature,1,0.00255,0,12613957689911866229,centered_standardized_gaussian_coordinates,unperturbed_median_edge_length,256,512,9.706388206475465,0.9334801028002744,0.09262804424907194,0.00255,0.004416729559300638,0.0039355863950027315,0.009403953560495306,1.3642805254937147,2.1716357836282834,15.167817267028568,0.3579882505187192,0.2833333333333334,0.7325753658611973,3.0,0.06929254869411818,0.13677777777777775,0.9848629588675942,1.3517078459132974,5.677280266061395,-0.001187309419859419,0.12999999999999995,0.4358898943540675,3.0,0.016910089641608124,0.03305555555555363,8.04017557097965,8.303982183424258,9.325239869214323,0.0,0.0,26,26,18,22.0
doubly_elliptic_torus,gaussian_curvature,1,0.00255,1,610061238710544903,centered_standardized_gaussian_coordinates,unperturbed_median_edge_length,256,512,9.706388206475465,0.9334801028002744,0.09263136288517426,0.00255,0.004416729559300637,0.003950473585706553,0.010166466469259238,1.209822092877907,2.0528274764502816,16.16284762050732,0.35976744774211794,0.20333333333333328,0.6350852961085881,4.0,0.06356419732105435,0.1237333333333333,0.8781371268956616,1.2730099701620041,5.844866803422349,0.0014131438417795562,0.08333333333333343,0.36968455021364754,3.0,0.01661165055484776,0.036622222222221286,7.979847994536252,8.309833825110676,9.439321380044923,0.0,0.0,16,16,12,16.0
doubly_elliptic_torus,gaussian_curvature,1,0.00255,2,10474644437753178252,centered_standardized_gaussian_coordinates,unperturbed_median_edge_length,256,512,9.706388206475465,0.9334801028002744,0.0926310442229622,0.00255,0.004416729559300637,0.003907052205689553,0.009326078945456605,1.214389283709084,1.9610552960868488,12.64842408923947,0.3571417439252277,0.1700000000000001,0.6191391873668907,5.0,0.04550173175377609,0.08343333333333329,0.7647983666610304,1.1082101338491865,6.485194874387474,-0.002237682042574636,0.08333333333333348,0.34156502553198714,3.0,0.02631133047018131,0.036766666666665726,8.223725351515597,8.302542249676966,9.380962572125291,0.0,0.0,20,20,14,18.0
doubly_elliptic_torus,gaussian_curvature,1,0.00255,3,3151873704168059142,centered_standardized_gaussian_coordinates,unperturbed_median_edge_length,256,512,9.706388206475465,0.9334801028002744,0.09262654396167326,0.0025499999999999997,0.0044167295593006365,0.0039600660202037926,0.00932692651123625,1.2876785672262123,2.0793507342333553,12.740773852054375,0.36796844223287356,0.18666666666666665,0.6164414002968975,4.0,0.05479762393094579,0.10195555555555552,0.9139387997109447,1.236647695526027,5.104045114898518,0.008834232679720826,0.08000000000000003,0.33665016461206937,2.0,0.0211551023138492,0.03135555555555414,7.920834520243739,8.198365207236426,9.246054524248379,0.0,0.0,18,18,15,16.0
doubly_elliptic_torus,gaussian_curvature,1,0.003775,0,335285543045974144,centered_standardized_gaussian_coordinates,unperturbed_median_edge_length,256,512,9.706388206475465,0.9334801028002744,0.0926344533401913,0.003775000000000001,0.006538491798572512,0.006142069867614976,0.013381741657812845,1.5206966538821474,2.4385125684567437,16.57577987253609,0.35654571343411207,0.19000000000000017,0.6082762530298225,4.0,0.030090567339257267,0.06518888888888888,1.2019171542292386,1.696427422623709,7.884769143407979,-0.0019955036628991896,0.15666666666666682,0.5131601439446889,4.0,0.05396959153726764,0.06905555555555443,7.7793211638157835,8.26565159257251,9.409439638385624,0.0,0.0,24,24,17,20.0
doubly_elliptic_torus,gaussian_curvature,1,0.003775,1,13970935818658576213,centered_standardized_gaussian_coordinates,unperturbed_median_edge_length,256,512,9.706388206475465,0.9334801028002744,0.09262965048901259,0.0037749999999999997,0.0065384917985725115,0.005811107891844124,0.013248732770510219,1.6417131062033694,2.449881666677156,14.076332236784367,0.3534878584591756,0.22000000000000022,0.6683312551921143,4.0,0.04852294947253753,0.09877777777777776,1.3127263032742968,1.7825882476030064,6.1222446296875255,-0.00462006653144572,0.10000000000000016,0.3741657386773944,2.0,0.02671527668264733,0.04355555555555335,7.931032782916649,8.288248301985337,9.370894949574941,0.0,0.0,22,22,20,22.0
doubly_elliptic_torus,gaussian_curvature,1,0.003775,2,1771629932790455760,centered_standardized_gaussian_coordinates,unperturbed_median_edge_length,256,512,9.706388206475465,0.9334801028002744,0.09262705033914698,0.0037749999999999997,0.006538491798572512,0.005656807235501321,0.014869908365393371,1.5410723912427573,2.342521706492256,16.443866047933568,0.35285614642752594,0.20666666666666667,0.6271629240742261,4.0,0.05619143059602574,0.11124444444444441,1.2321451567124333,1.6399657333934368,8.122840005147324,-0.006188644130379076,0.0733333333333333,0.29439202887759497,2.0,0.013711258177973282,0.020133333333333003,7.964418408134179,8.34681276124619,9.291169299276909,0.0,0.0,24,24,18,20.0
doubly_elliptic_torus,gaussian_curvature,1,0.003775,3,586815111535639773,centered_standardized_gaussian_coordinates,unperturbed_median_edge_length,256,512,9.706388206475465,0.9334801028002744,0.09263552800104308,0.0037749999999999997,0.0065384917985725115,0.005564568691740275,0.015868145186404396,1.690996526369128,2.4713777641908976,15.287237379321098,0.3378950962541557,0.28333333333333344,0.7895146188218009,4.0,0.05447130573199226,0.11673333333333333,1.3885082556845707,1.8547203481685206,8.15185807890424,-0.01917761742885965,0.13666666666666671,0.5,4.0,0.03199722499541699,0.06923333333333093,8.220883204271862,8.397053813570386,9.361870475708503,0.0,0.0,26,26,21,24.0
doubly_elliptic_torus,gaussian_curvature,1,0.005,0,14210390898574331224,centered_standardized_gaussian_coordinates,unperturbed_median_edge_length,256,512,9.706388206475465,0.9334801028002744,0.09263304803230901,0.005,0.008660254037844387,0.007741042593555398,0.018050874574039314,1.7634882781113923,2.7123247119268186,19.591208265705987,0.3391887291538663,0.28666666666666685,0.7702813338860899,4.0,0.0432506942307339,0.09102222222222221,1.4250780140836146,2.100466351986633,11.57348536888302,-0.02048334971668682,0.17333333333333345,0.535412613473634,4.0,0.056822861712244016,0.08691111111111183,7.775903750684484,8.319276013250963,9.217383612548064,0.0,0.0,28,28,23,26.0
doubly_elliptic_torus,gaussian_curvature,1,0.005,1,429757261676718315,centered_standardized_gaussian_coordinates,unperturbed_median_edge_length,256,512,9.706388206475465,0.9334801028002744,0.09264006215151634,0.005000000000000001,0.008660254037844388,0.007337684352735635,0.020907319478327382,1.8408997228388988,2.6183003764780253,15.455115999837332,0.3609402569340958,0.26,0.7348469228349536,5.0,0.04649524866207432,0.09079999999999998,1.5585839966762949,2.0443765357339148,7.1783165987003485,0.0032004189817205556,0.1600000000000001,0.5099019513592787,4.0,0.032564374990448536,0.0712000000000006,7.854233805628316,8.270082732526268,9.407144508365056,0.0,0.0,28,28,19,22.0
doubly_elliptic_torus,gaussian_curvature,1,0.005,2,5506219572454612446,centered_standardized_gaussian_coordinates,unperturbed_median_edge_length,256,512,9.706388206475465,0.9334801028002744,0.09262072079391917,0.005,0.008660254037844387,0.007727643509408182,0.02010241826411129,2.1375005849445503,3.22128517777889,18.19860012312772,0.3624002122368518,0.29666666666666675,0.7937253933193774,4.0,0.06771313265041956,0.1334333333333333,1.8379201613536917,2.6591124396784545,12.373581883203059,0.004563686622605603,0.15000000000000002,0.5066228051190225,4.0,0.018638674448178325,0.049233333333332796,7.895321504990576,8.440198427708676,9.448646354271458,0.0,0.0,30,30,23,26.0
doubly_elliptic_torus,gaussian_curvature,1,0.005,3,4498024413993326316,centered_standardized_gaussian_coordinates,unperturbed_median_edge_length,256,512,9.706388206475465,0.9334801028002744,0.09262698506491594,0.005,0.008660254037844387,0.0077090478135205115,0.021149378876430903,1.9747675716420088,2.942727252429797,14.47810688258997,0.3612637956311865,0.31333333333333346,0.7702813338860897,4.0,0.041529538300351436,0.08071111111111111,1.6655193202918714,2.3481013663485046,9.296496095404112,0.0014016791715212445,0.20666666666666678,0.5830951894845302,3.0,0.057761353078550834,0.11008888888888868,7.956078980872236,8.408175669947596,9.340153389862943,0.0,0.0,28,28,26,28.0
doubly_elliptic_torus,gaussian_curvature,2,0.0,0,126592199287930771,centered_standardized_gaussian_coordinates,unperturbed_median_edge_length,1024,2048,9.706388206475465,0.4675209719774793,0.046549410757176744,0.0,0.0,0.0,0.0,0.2594484428032157,0.4543092351691049,3.406559640607057,0.08669087831760927,0.07333333333333338,0.4472135954999579,4.0,0.017549283924283555,0.03122222222222223,0.0,0.0,0.0,0.0,0.0,0.0,0.0,0.0,0.0,8.207368177384408,8.511285837911071,9.319612215281076,0.0,0.0,16,16,6,16.0
doubly_elliptic_torus,gaussian_curvature,2,0.0001,0,10412271004234899380,centered_standardized_gaussian_coordinates,unperturbed_median_edge_length,1024,2048,9.706388206475465,0.4675209719774793,0.0465493602321215,0.0001,0.0001732050807568877,0.00015263169742842032,0.00047769981193621563,0.271359150765649,0.4633581330205943,3.6492602621637644,0.08669234284011434,0.07333333333333338,0.4472135954999579,4.0,0.017549283924283555,0.03122222222222223,0.06607005655577962,0.09327316268392873,0.5291160205381829,1.0027730763349373e-06,0.0,0.0,0.0,0.0,0.0,8.198965015700352,8.510887767631313,9.323835570502746,0.0,0.0,16,16,6,16.0
doubly_elliptic_torus,gaussian_curvature,2,0.0001,1,3279152457890013885,centered_standardized_gaussian_coordinates,unperturbed_median_edge_length,1024,2048,9.706388206475465,0.4675209719774793,0.046549373639536436,0.0001,0.0001732050807568877,0.00015373652348329932,0.0004489103693106518,0.27154309542658617,0.4625525503686217,3.538590004175745,0.08665196640523178,0.07000000000000002,0.4358898943540673,4.0,0.01656536684172206,0.03101111111111112,0.06854616664087783,0.09429367163770487,0.41844576255016364,-4.082832105610154e-05,0.003333333333333355,0.05773502691896276,1.0,0.0017961607432609961,0.0031777777777758434,8.198576497356111,8.512302780599503,9.325974732737054,0.0,0.0,16,16,7,16.0
doubly_elliptic_torus,gaussian_curvature,2,0.0001,2,17575513331264963599,centered_standardized_gaussian_coordinates,unperturbed_median_edge_length,1024,2048,9.706388206475465,0.4675209719774793,0.04654941256832074,0.0001,0.00017320508075688773,0.00015371348065486678,0.0003784503249777638,0.2722087981886706,0.4642796661820527,3.315718067529886,0.0867756172119026,0.07000000000000008,0.42031734043061664,4.0,0.017139378407079665,0.03101111111111112,0.06512321722669957,0.09066311154468569,0.416535043750514,8.858300807757197e-05,0.0033333333333332993,0.05773502691896228,1.0,0.000964951650210378,0.001733333333330589,8.20353347261928,8.513504708587616,9.327076554018735,0.0,0.0,16,16,7,16.0
doubly_elliptic_torus,gaussian_curvature,2,0.0001,3,15563247041496713389,centered_standardized_gaussian_coordinates,unperturbed_median_edge_length,1024,2048,9.706388206475465,0.4675209719774793,0.04654942079709325,0.0001,0.00017320508075688773,0.00015161425627477815,0.00037485976426551373,0.2715487663291233,0.4642783836125341,3.774392203028441,0.08667892434548785,0.08,0.4546060565661951,4.0,0.020273185679935246,0.03444444444444446,0.070075028129187,0.09564631922725135,0.5152715457655361,-7.877122030200932e-06,0.00666666666666663,0.08164965809277237,1.0,0.003138765975961215,0.003333333333333355,8.199086086029787,8.513699403446958,9.33255108528267,0.0,0.0,18,18,8,16.0
doubly_elliptic_torus,gaussian_curvature,2,0.001325,0,3059818130820061499,centered_standardized_gaussian_coordinates,unperturbed_median_edge_length,1024,2048,9.706388206475465,0.4675209719774793,0.04654969217081166,0.0013249999999999996,0.002294967320028762,0.002015727066515282,0.0058001393602160915,0.944885857096118,1.3028927849158944,5.538590163866999,0.08560361821709467,0.13666666666666666,0.4725815626252612,4.0,0.018505435193133742,0.04222222222222305,0.9085058964319271,1.2329378482118305,5.246508944958244,-0.0011439830766327333,0.13666666666666658,0.48648398397754755,3.0,0.029013039852477,0.045333333333331116,8.147737465497373,8.45722327029207,9.36824362791854,0.0,0.0,48,48,21,30.0
doubly_elliptic_torus,gaussian_curvature,2,0.001325,1,5591424411061862682,centered_standardized_gaussian_coordinates,unperturbed_median_edge_length,1024,2048,9.706388206475465,0.4675209719774793,0.046549589858940775,0.001325,0.002294967320028763,0.002007674232474061,0.0050203035866510076,0.958092527234382,1.3551353469330645,10.150052718522943,0.08874830823707552,0.16666666666666682,0.5597618541248893,4.0,0.029833398855020753,0.0653333333333318,0.9140753505631887,1.268143311661175,7.562558797448347,0.002095662845462325,0.15333333333333354,0.5477225575051667,4.0,0.038441629098367125,0.06888888888888511,8.186127305089505,8.510021903264546,9.362633160903945,0.0,0.0,46,46,29,40.0
doubly_elliptic_torus,gaussian_curvature,2,0.001325,2,2031560291310658778,centered_standardized_gaussian_coordinates,unperturbed_median_edge_length,1024,2048,9.706388206475465,0.4675209719774793,0.0465493865494563,0.0013249999999999996,0.002294967320028762,0.0020275005969156053,0.006469638152054644,0.9478299317441612,1.3618169007520686,11.212517280655305,0.08751065845640493,0.23000000000000004,0.7047458170621993,5.0,0.07657623343276383,0.1247555555555575,0.916320201489444,1.2936276712266936,7.805957640049627,0.0009158565394149585,0.25000000000000017,0.7047458170621995,4.0,0.08989310627381536,0.12786666666666557,8.138697629912631,8.470716748611972,9.333749750721726,0.0,0.0,60,60,31,46.0
doubly_elliptic_torus,gaussian_curvature,2,0.001325,3,18057449973823187645,centered_standardized_gaussian_coordinates,unperturbed_median_edge_length,1024,2048,9.706388206475465,0.4675209719774793,0.04655013488718065,0.001325,0.002294967320028763,0.0020449557725203907,0.0053463034056974775,0.9159818997199196,1.298960135374489,9.5346880019883,0.08507289475061773,0.11333333333333359,0.5537749241945396,6.0,0.01992979241021846,0.04457777777777794,0.8699679526368727,1.225061121384503,7.073229030324924,-0.0016513633447022436,0.10666666666666691,0.4618802153517015,5.0,0.029285867882190127,0.047688888888886005,8.128408081899295,8.490742293237675,9.357807604069542,0.0,0.0,46,46,26,34.0
doubly_elliptic_torus,gaussian_curvature,2,0.00255,0,12143544816782880184,centered_standardized_gaussian_coordinates,unperturbed_median_edge_length,1024,2048,9.706388206475465,0.4675209719774793,0.04655055192032273,0.0025500000000000006,0.004416729559300639,0.003877549412428554,0.010492540177072827,1.8649992623357092,2.6070812250786983,14.484558215988216,0.08646952392427139,0.6399999999999999,1.2355835328567086,5.0,0.1728689386756586,0.3106666666666712,1.840916308473758,2.565403869044819,13.199175647344006,-0.00036591751774835493,0.6400000000000001,1.224744871391589,5.0,0.18531837469608972,0.3140000000000016,8.018729779223737,8.414862810963202,9.357531753586441,0.0,0.0,120,120,59,82.0
doubly_elliptic_torus,gaussian_curvature,2,0.00255,1,12253858699151787539,centered_standardized_gaussian_coordinates,unperturbed_median_edge_length,1024,2048,9.706388206475465,0.4675209719774793,0.04655045144144338,0.0025499999999999997,0.004416729559300637,0.0040132619167345404,0.0100902492728098,1.8243185645513798,2.596673618289782,19.910402649679938,0.08849421107063339,0.69,1.3503086067019396,8.0,0.20915641974802227,0.38061111111111245,1.798579922652527,2.55564711719751,17.849845053491208,0.0016836859970098764,0.7033333333333334,1.2948616399703354,7.0,0.2211769595323685,0.38405555555555404,8.039657964526654,8.480077717259652,9.328437487852476,0.0,0.0,108,108,61,74.0
doubly_elliptic_torus,gaussian_curvature,2,0.00255,2,6096419283599558598,centered_standardized_gaussian_coordinates,unperturbed_median_edge_length,1024,2048,9.706388206475465,0.4675209719774793,0.04655010099691051,0.002550000000000001,0.00441672955930064,0.003955861514702784,0.011247724822037848,1.7970582751675679,2.5636552083697812,13.09067433156828,0.08831958763360845,0.6000000000000003,1.1575836902790233,5.0,0.16652418354012055,0.2926666666666665,1.7885282370674678,2.523534496981469,12.022105804888767,0.0017180996959441294,0.6133333333333337,1.1747340124470738,6.0,0.17952674984376138,0.2961111111111081,7.917280119756502,8.455203430885891,9.399870106355065,0.0,0.0,105,106,59,76.0
doubly_elliptic_torus,gaussian_curvature,2,0.00255,3,9736201320757052508,centered_standardized_gaussian_coordinates,unperturbed_median_edge_length,1024,2048,9.706388206475465,0.4675209719774793,0.04654964279642794,0.002550000000000001,0.00441672955930064,0.003944402446192999,0.010329791058645208,1.7921796802213104,2.572217951676082,15.79806767665638,0.08956377613067767,0.6966666666666667,1.416568624058385,7.0,0.22234205343182656,0.3537111111111153,1.7775254059242538,2.5372989448334557,15.229685603079048,0.0029047134253525966,0.7166666666666668,1.4212670403551895,5.0,0.23483614776327952,0.35693333333333455,8.014155460228094,8.483387481256752,9.393090487810216,0.0,0.0,108,108,54,74.0
doubly_elliptic_torus,gaussian_curvature,2,0.003775,0,14046546543831631878,centered_standardized_gaussian_coordinates,unperturbed_median_edge_length,1024,2048,9.706388206475465,0.4675209719774793,0.04655104551560411,0.0037750000000000014,0.006538491798572514,0.005770398855490841,0.016081018189526005,2.6217954398300534,3.630039823064278,20.362016953299474,0.08950166957537299,0.99,1.758787461103056,6.0,0.25063679162659513,0.46115555555555754,2.6058327525244733,3.605901867751341,19.990575445839767,0.0036866927162488294,0.9766666666666669,1.7663521732655698,7.0,0.2616114357060504,0.4643777777777768,8.012484633323691,8.408198867230116,9.316371006399097,0.0,0.0,173,176,76,114.0
doubly_elliptic_torus,gaussian_curvature,2,0.003775,1,14608034854304796298,centered_standardized_gaussian_coordinates,unperturbed_median_edge_length,1024,2048,9.706388206475465,0.4675209719774793,0.046552235097599814,0.003775000000000001,0.006538491798572513,0.005868911506229342,0.014460859604804005,2.6257438159780584,3.6827431008699207,19.296721902018277,0.09012001252759165,1.3133333333333332,2.213594362117866,11.0,0.35153740834372293,0.5918222222222245,2.604239104904983,3.6543389752822755,18.514221603327528,0.0029873523242671795,1.3133333333333332,2.2166040091395067,11.0,0.36440461740376573,0.5952666666666661,7.950959381061856,8.453810389316674,9.379081275502129,0.0,0.0,168,170,83,122.0
doubly_elliptic_torus,gaussian_curvature,2,0.003775,2,15519907423306774847,centered_standardized_gaussian_coordinates,unperturbed_median_edge_length,1024,2048,9.706388206475465,0.4675209719774793,0.04654980467931768,0.003774999999999999,0.00653849179857251,0.005746749050162105,0.015765912462485324,2.500982264921009,3.5490645548673507,25.747316217226853,0.081030502005944,1.1133333333333333,2.084866102814919,10.0,0.28895559372338353,0.5192444444444446,2.4909696384912277,3.5194899383876614,23.686758621038123,-0.0051733489430822455,1.1333333333333337,2.084866102814919,10.0,0.3015436864117933,0.5224666666666639,7.944306157922958,8.383196460498205,9.320665167160097,0.0,0.0,194,198,87,130.0
doubly_elliptic_torus,gaussian_curvature,2,0.003775,3,4865513271596332185,centered_standardized_gaussian_coordinates,unperturbed_median_edge_length,1024,2048,9.706388206475465,0.4675209719774793,0.046551680380737,0.003775000000000001,0.006538491798572513,0.005967924181956646,0.016268117298844965,2.5438935235193485,3.530856116484093,29.375593945989806,0.08332973831060514,1.315,1.997081203490067,8.0,0.40351219911595204,0.5490000000000028,2.536232720192018,3.501463240616195,25.969034305384127,-0.0024957501191292114,1.3350000000000002,2.0203135070247558,6.0,0.4179820434690359,0.5523333333333332,7.822753746316736,8.463644908914588,9.426941786368792,0.0,0.0,172,174,76,99.0
doubly_elliptic_torus,gaussian_curvature,2,0.005,0,17331113168814707342,centered_standardized_gaussian_coordinates,unperturbed_median_edge_length,1024,2048,9.706388206475465,0.4675209719774793,0.04655364263973316,0.004999999999999999,0.008660254037844383,0.0076651052112931654,0.022604825339821777,3.4929495618692297,4.842298376550501,23.809002831401777,0.08503014238092552,2.0816666666666666,3.124899998399949,9.0,0.5854889157385251,0.9587555555555549,3.4821245558379177,4.821450885903135,23.723143549254473,0.0006014467856304967,2.0683333333333334,3.1270326722522963,10.0,0.5975310623328897,0.9619999999999963,7.685395532970874,8.466870977839141,9.312509257615107,0.0,0.0,231,234,105,155.0
doubly_elliptic_torus,gaussian_curvature,2,0.005,1,17785108606038450150,centered_standardized_gaussian_coordinates,unperturbed_median_edge_length,1024,2048,9.706388206475465,0.4675209719774793,0.04655327778491052,0.004999999999999999,0.008660254037844385,0.007711991298731126,0.018147834580740454,3.4928734652763387,4.873040976604308,30.215657376140584,0.09228315080780715,2.119999999999999,3.0940803695659445,10.0,0.6053838270940181,0.9961777777777832,3.484209205395404,4.856569698304132,28.155099779951854,0.00709825131323983,2.1399999999999997,3.139001964531614,10.0,0.6183755953079245,0.9999555555555583,7.884642017396697,8.41996896956302,9.399326584641589,0.0,0.0,257,260,109,152.0
doubly_elliptic_torus,gaussian_curvature,2,0.005,2,16434389801523648824,centered_standardized_gaussian_coordinates,unperturbed_median_edge_length,1024,2048,9.706388206475465,0.4675209719774793,0.046552410504203244,0.005,0.008660254037844387,0.007573173528071423,0.02119184282080427,3.7092454326036632,5.257751656562806,32.685611743589455,0.08715416311882171,1.9583333333333335,3.1488092987667575,11.0,0.5438832030119353,0.9593333333333385,3.7057327754359535,5.241473225204534,30.625054147400725,0.0016287456404392164,1.978333333333333,3.148809298766758,11.0,0.5556051598595473,0.9626666666666689,8.066917782547673,8.408946236687164,9.41412920773108,0.0,0.0,236,238,100,151.0
doubly_elliptic_torus,gaussian_curvature,2,0.005,3,9846041501225595575,centered_standardized_gaussian_coordinates,unperturbed_median_edge_length,1024,2048,9.706388206475465,0.4675209719774793,0.04655218351009557,0.005,0.008660254037844387,0.007794789207829607,0.019849304685653595,3.461780533451673,4.962750219598037,31.83015939217489,0.08767515390164218,1.8516666666666666,2.569370869817486,8.0,0.4652676840253934,0.7749999999999997,3.456890685258937,4.9386429764553945,28.71001515054651,0.001033057148709729,1.898333333333333,2.5926177247459115,8.0,0.47813237454975843,0.7783333333333301,7.8596922396268445,8.44270710381029,9.35719136588785,0.0,0.0,213,214,87,123.0
doubly_elliptic_torus,mean_curvature,0,0.0,0,832425784310900309,centered_standardized_gaussian_coordinates,unperturbed_median_edge_length,64,128,9.706388206475465,1.796189158632215,0.1815779529757719,0.0,0.0,0.0,0.0,0.8229360883267935,1.358303693090928,4.761623675161863,-0.26227028140288977,1.2466666666666666,2.1633307652783933,6.0,0.4228398466142638,0.7138444444444444,0.0,0.0,0.0,0.0,0.0,0.0,0.0,0.0,0.0,8.905337059337631,8.905337059337642,8.905337059337715,0.0,0.0,15,16,6,16.0
doubly_elliptic_torus,mean_curvature,0,0.0001,0,6427088599215832370,centered_standardized_gaussian_coordinates,unperturbed_median_edge_length,64,128,9.706388206475465,1.796189158632215,0.1815766690552855,0.00010000000000000002,0.00017320508075688773,0.000146702930514828,0.0003583318679239567,0.823004222634538,1.358873912888817,4.769251439077522,-0.2624317059506317,1.2433333333333334,2.1610182784974308,6.0,0.42194968692034923,0.7129222222222206,0.003738817564124637,0.004660151855671414,0.011654281736451999,-0.0001459986055554331,0.003333333333333355,0.05773502691896276,1.0,0.001173796555588456,0.0023333333333330764,8.899141611023717,8.900848016268545,8.913017409696117,0.0,0.0,16,16,7,16.0
doubly_elliptic_torus,mean_curvature,0,0.0001,1,4324990013131787071,centered_standardized_gaussian_coordinates,unperturbed_median_edge_length,64,128,9.706388206475465,1.796189158632215,0.18157984614343362,9.999999999999999e-05,0.00017320508075688773,0.00016141369783602213,0.00033250182941906427,0.8234459335296798,1.3591405746419716,4.7718605377669405,-0.2627855147635206,1.2466666666666666,2.1633307652783933,6.0,0.4228398466142638,0.7138444444444444,0.0028209899979696283,0.00354658801293434,0.010236862605097485,-0.0003862225261311113,0.0,0.0,0.0,0.0,0.0,8.900556067203413,8.90405092971466,8.91218476443767,0.0,0.0,16,16,6,16.0
doubly_elliptic_torus,mean_curvature,0,0.0001,2,5138333881245311819,centered_standardized_gaussian_coordinates,unperturbed_median_edge_length,64,128,9.706388206475465,1.796189158632215,0.18157876535244616,0.0001,0.00017320508075688773,0.00013966370575285123,0.0003475425212107175,0.8235063501869138,1.3584170511496436,4.767256155412884,-0.26211922434943946,1.2466666666666666,2.1633307652783933,6.0,0.4228398466142638,0.7138444444444444,0.0036198456570823356,0.004410936586549406,0.011502366575941725,4.603050756901055e-05,0.0,0.0,0.0,0.0,0.0,8.897734405989752,8.89933036860814,8.908951956781653,0.0,0.0,16,16,6,16.0
doubly_elliptic_torus,mean_curvature,0,0.0001,3,2080689598371734802,centered_standardized_gaussian_coordinates,unperturbed_median_edge_length,64,128,9.706388206475465,1.796189158632215,0.1815795555012833,0.0001,0.00017320508075688773,0.00014809111859051625,0.00028855673118756794,0.8227497860661792,1.3585363631836125,4.767843952973385,-0.2624944140356388,1.25,2.164101045083924,6.0,0.4246988085254789,0.7147666666666628,0.002857582923631714,0.0037344876714487155,0.010346157900588793,-0.00024959388758053624,0.016666666666666705,0.17320508075688798,2.0,0.0037431446254770737,0.009322222222222232,8.89897378970337,8.900630745575908,8.90786549687979,0.0,0.0,16,16,7,16.0
doubly_elliptic_torus,mean_curvature,0,0.001325,0,3772440573692026917,centered_standardized_gaussian_coordinates,unperturbed_median_edge_length,64,128,9.706388206475465,1.796189158632215,0.18156035822450328,0.0013250000000000004,0.002294967320028763,0.002182307041635915,0.003780634903584815,0.8334944418296877,1.3806741191865524,4.928568034473827,-0.2604528712663086,1.2366666666666668,2.129945226212793,6.0,0.4240817341294265,0.7087333333333313,0.052409326358190525,0.06260446605219451,0.16694435931196594,0.002532220562259415,0.056666666666666705,0.3316624790355402,3.0,0.007949098610803602,0.017422222222221007,8.792303357085336,8.83371478954988,9.03853721815242,0.0,0.0,16,16,13,16.0
doubly_elliptic_torus,mean_curvature,0,0.001325,1,13282936916019683154,centered_standardized_gaussian_coordinates,unperturbed_median_edge_length,64,128,9.706388206475465,1.796189158632215,0.18155749989643022,0.0013250000000000002,0.002294967320028763,0.0019988645363930952,0.005309106850816621,0.8313834657709708,1.366986811701996,4.8715470307145985,-0.26384708441148647,1.2566666666666668,2.1610182784974308,6.0,0.4219799969173338,0.7119444444444417,0.05951591118021466,0.07462369334702673,0.1774826474468325,-0.0008952141590270381,0.043333333333333425,0.2645751311064595,3.0,0.0038325790991766374,0.009788888888891636,8.866855369937756,8.925333683271234,8.9917735009666,0.0,0.0,16,16,12,16.0
doubly_elliptic_torus,mean_curvature,0,0.001325,2,2449947024693591357,centered_standardized_gaussian_coordinates,unperturbed_median_edge_length,64,128,9.706388206475465,1.796189158632215,0.18156378293510295,0.0013250000000000002,0.002294967320028763,0.0020785535268883905,0.004750553474033003,0.8263826744647597,1.3609148611645965,4.860319750859571,-0.26398198696860276,1.2633333333333334,2.1656407827707715,6.0,0.4251743137321595,0.7142777777777761,0.045469556608660866,0.057531855535802354,0.14376472335920898,-0.0010321937096676307,0.030000000000000047,0.19148542155126771,2.0,0.003088892219555202,0.008222222222221132,8.789240077690824,8.872557954829267,8.966004256442613,0.0,0.0,16,16,12,16.0
doubly_elliptic_torus,mean_curvature,0,0.001325,3,6123770280661254708,centered_standardized_gaussian_coordinates,unperturbed_median_edge_length,64,128,9.706388206475465,1.796189158632215,0.18157055623011606,0.0013250000000000002,0.0022949673200287624,0.0020958531792993756,0.004297145004448117,0.8258346657561975,1.3597578124550325,4.825021233809926,-0.26366046066370774,1.2566666666666668,2.1656407827707715,6.0,0.42375974968450525,0.7135999999999983,0.05009427868260535,0.06071652402422984,0.16238096658419643,-0.00027450847724785183,0.010000000000000023,0.10000000000000012,1.0,0.0012344922816340921,0.00401111111111091,8.809937964086565,8.840816867170359,8.973092193611313,0.0,0.0,16,16,8,16.0
doubly_elliptic_torus,mean_curvature,0,0.00255,0,15884722302454583920,centered_standardized_gaussian_coordinates,unperturbed_median_edge_length,64,128,9.706388206475465,1.796189158632215,0.1815537673723536,0.00255,0.004416729559300637,0.0038329698470415193,0.008336690894307266,0.8524807802473333,1.3919936431922022,5.108828827233689,-0.2599454715331271,1.2533333333333334,2.118175315375634,6.0,0.43035908606994977,0.7094666666666649,0.08537458693871773,0.1084929902867987,0.3472051520718349,0.0025234305235324454,0.08000000000000007,0.39157800414902455,4.0,0.014001792948094303,0.028666666666665952,8.797700476911654,8.820601428861387,9.060074431063898,0.0,0.0,16,16,14,16.0
doubly_elliptic_torus,mean_curvature,0,0.00255,1,16125217824241575743,centered_standardized_gaussian_coordinates,unperturbed_median_edge_length,64,128,9.706388206475465,1.796189158632215,0.1816287169859489,0.0025500000000000006,0.004416729559300638,0.004141338219184855,0.007280539181298954,0.8293042529810412,1.344817207608838,4.816097669496061,-0.2710990408114188,1.23,2.103172207246314,6.0,0.41850227578281046,0.6973333333333334,0.10282123929249856,0.12367321058745577,0.27385642026558443,-0.009713836808184731,0.07666666666666666,0.3605551275463989,3.0,0.007416460671296496,0.017233333333333226,8.712727735680298,8.854100144377073,8.959174915797997,0.0,0.0,16,16,14,16.0
doubly_elliptic_torus,mean_curvature,0,0.00255,2,12620465804430238548,centered_standardized_gaussian_coordinates,unperturbed_median_edge_length,64,128,9.706388206475465,1.796189158632215,0.18162377555706483,0.00255,0.0044167295593006365,0.0038229675382075562,0.009184891015805342,0.8308755216214939,1.3661295255412025,4.9092467793454,-0.27778126233700684,1.29,2.1946905628508695,6.0,0.42857614333728417,0.7223888888888883,0.09611443557068142,0.11571161119605337,0.30783694435266673,-0.012671613815490248,0.08333333333333345,0.4041451884327385,3.0,0.008752068538562793,0.018699999999999828,8.708124834740213,8.796458434661682,9.052139556710253,0.0,0.0,16,16,11,16.0
doubly_elliptic_torus,mean_curvature,0,0.00255,3,8809629469871905456,centered_standardized_gaussian_coordinates,unperturbed_median_edge_length,64,128,9.706388206475465,1.796189158632215,0.18157507801977732,0.00255,0.004416729559300637,0.004112470063434631,0.007756182413230219,0.8086140321894699,1.3275540917892632,4.730863762142192,-0.2500825321028559,1.2133333333333334,2.0800641015763595,5.0,0.4165240432445915,0.6912222222222202,0.10060313016901691,0.12112825065767241,0.3116705680603489,0.010744363556594545,0.07999999999999999,0.39157800414902433,3.0,0.010030365419698898,0.022622222222224125,8.682535065860376,8.739061111687459,8.95388371788279,0.0,0.0,18,18,18,18.0
doubly_elliptic_torus,mean_curvature,0,0.003775,0,14880058091485886285,centered_standardized_gaussian_coordinates,unperturbed_median_edge_length,64,128,9.706388206475465,1.796189158632215,0.1815642605743306,0.003775000000000001,0.006538491798572512,0.005532881601349874,0.012649846120027942,0.8604801580360429,1.3960050627170602,5.128936585468207,-0.2803497958556481,1.3,2.1740898478827106,6.0,0.43231116746436615,0.7220444444444435,0.12753403929147067,0.16790911678472456,0.5348204406734376,-0.01524556928500671,0.08,0.33665016461206926,2.0,0.012073693472755638,0.025999999999999357,8.658762011590186,8.681362942345638,9.258877666318293,0.0,0.0,16,16,13,16.0
doubly_elliptic_torus,mean_curvature,0,0.003775,1,7114540290951994971,centered_standardized_gaussian_coordinates,unperturbed_median_edge_length,64,128,9.706388206475465,1.796189158632215,0.18160204273181837,0.003775,0.006538491798572512,0.005835515776398421,0.011836363732883994,0.8377224317857629,1.3486347894588275,5.082562128731096,-0.26232498472657906,1.2333333333333334,2.1023796041628637,6.0,0.41360086871381474,0.6833777777777753,0.11849157678078664,0.1633602213540612,0.4332342791475847,-0.0006020770400191324,0.10666666666666673,0.3915780041490244,2.0,0.01143707781608679,0.037022222222224774,8.527441791972292,8.696262124131753,9.12856484466371,0.0,0.0,16,16,15,16.0
doubly_elliptic_torus,mean_curvature,0,0.003775,2,15685156760122413082,centered_standardized_gaussian_coordinates,unperturbed_median_edge_length,64,128,9.706388206475465,1.796189158632215,0.18157812880747823,0.003775,0.006538491798572512,0.00586488917068218,0.013339924682392935,0.8328904444091711,1.3194960912810159,4.818335678725354,-0.26360456133190135,1.22,2.1023796041628637,6.0,0.4126240976069195,0.683866666666663,0.13918202256423015,0.17308745647350698,0.518085326060417,-0.001622655115787385,0.10000000000000003,0.43969686527576396,3.0,0.013542601582163189,0.03077777777778147,8.593327177163022,8.658655698051362,9.313497891074384,0.0,0.0,18,18,13,16.0
doubly_elliptic_torus,mean_curvature,0,0.003775,3,15657347117309462666,centered_standardized_gaussian_coordinates,unperturbed_median_edge_length,64,128,9.706388206475465,1.796189158632215,0.18164339353131173,0.003775,0.006538491798572513,0.006348984505214815,0.012087691228330298,0.831434517307194,1.3244583911553531,4.966875039693948,-0.25912367919488205,1.2233333333333334,2.0663978319771825,5.0,0.4161527788315452,0.6835777777777748,0.15024981522301703,0.2129243722711607,0.7646661415289451,-0.0017116944936054533,0.1233333333333333,0.4203173404306163,2.0,0.01034824193334943,0.036166666666669664,8.616172634723306,8.712936574765164,9.183542546503366,0.0,0.0,16,16,16,16.0
doubly_elliptic_torus,mean_curvature,0,0.005,0,887633783432190676,centered_standardized_gaussian_coordinates,unperturbed_median_edge_length,64,128,9.706388206475465,1.796189158632215,0.18151855740952738,0.005,0.008660254037844388,0.007503661168575155,0.018848318188880744,0.8209216008215455,1.3359500486550853,4.832670263537482,-0.24668145520838713,1.24,2.083266665599966,5.0,0.4236069889295481,0.698666666666665,0.2082544380952277,0.25853054243929174,0.5767146420854958,0.010958987349457387,0.13333333333333325,0.42426406871192823,3.0,0.00963442046067993,0.024577777777777587,8.48688325437753,8.58838046362581,9.079389679476954,0.0,0.0,16,16,16,16.0
doubly_elliptic_torus,mean_curvature,0,0.005,1,15943002966546118842,centered_standardized_gaussian_coordinates,unperturbed_median_edge_length,64,128,9.706388206475465,1.796189158632215,0.18157798834942196,0.005,0.008660254037844387,0.00735550969009382,0.016261908965695532,0.824780247442777,1.3159757935853704,4.929172232593908,-0.2287093119505595,1.24,2.073644135332772,5.0,0.42107672477607627,0.6911999999999976,0.17086030686526543,0.24343659695769157,0.8740324980270326,0.024869113454510566,0.14,0.42426406871192857,2.0,0.008037770917168282,0.028577777777780186,8.51506352506863,8.688895474860193,9.08563153661936,0.0,0.0,18,18,15,16.0
doubly_elliptic_torus,mean_curvature,0,0.005,2,11248991777148894163,centered_standardized_gaussian_coordinates,unperturbed_median_edge_length,64,128,9.706388206475465,1.796189158632215,0.18149493940579295,0.005,0.008660254037844388,0.007286594963424185,0.017992448101859876,0.8855409218866207,1.3986158186339452,5.036551358776681,-0.24533168508502065,1.2633333333333332,2.101586702153082,5.0,0.4324353907592082,0.7131666666666641,0.17240259040760775,0.21433307382155498,0.6189946845629621,0.01518553932425349,0.10333333333333342,0.4509249752822897,4.0,0.01676183998955289,0.0375555555555539,8.325608321661276,8.624871587395315,8.947805778950356,0.0,0.0,18,18,17,18.0
doubly_elliptic_torus,mean_curvature,0,0.005,3,1177072514713547381,centered_standardized_gaussian_coordinates,unperturbed_median_edge_length,64,128,9.706388206475465,1.796189158632215,0.1815443560901997,0.005,0.008660254037844387,0.007922664708889988,0.01643968583032988,0.851566717842697,1.384966423513444,5.067627089251063,-0.23153317916678437,1.3233333333333333,2.1733231083604054,6.0,0.4440937183048872,0.7294222222222223,0.1908915472530376,0.2306886875224149,0.5996355451446891,0.027963601049852686,0.10333333333333336,0.3872983346207417,2.0,0.024117831884620355,0.04266666666666652,8.363800251367,8.466087478544756,8.898354203434435,0.0,0.0,16,16,15,16.0
doubly_elliptic_torus,mean_curvature,1,0.0,0,6492836840571365242,centered_standardized_gaussian_coordinates,unperturbed_median_edge_length,256,512,9.706388206475465,0.9334801028002744,0.09262787762998352,0.0,0.0,0.0,0.0,0.20503985024775423,0.32514106969383455,1.6433651370402327,-0.04155437204843967,0.5133333333333334,1.3711309200802089,4.0,0.1675455338883309,0.2780666666666658,0.0,0.0,0.0,0.0,0.0,0.0,0.0,0.0,0.0,8.216103648926683,8.216103648926694,9.438492567533961,0.0,0.0,20,20,7,20.0
doubly_elliptic_torus,mean_curvature,1,0.0001,0,18319357537494394627,centered_standardized_gaussian_coordinates,unperturbed_median_edge_length,256,512,9.706388206475465,0.9334801028002744,0.09262758296904199,0.0001,0.00017320508075688773,0.00015231902788731018,0.0004143224683712262,0.20522098804001257,0.3246345714120686,1.6507774749295354,-0.041493665130320524,0.5266666666666666,1.3832329280830953,4.0,0.1694486034705116,0.2797111111111086,0.007775216303622779,0.010131976620489813,0.041518532823980436,6.302507794804025e-05,0.013333333333333308,0.1825741858350552,3.0,0.0031868298940579205,0.0071111111111128444,8.209199763044989,8.216395019294216,9.433742154431986,0.0,0.0,20,20,9,20.0
doubly_elliptic_torus,mean_curvature,1,0.0001,1,10708631311582757551,centered_standardized_gaussian_coordinates,unperturbed_median_edge_length,256,512,9.706388206475465,0.9334801028002744,0.09262771163313566,0.00010000000000000002,0.00017320508075688773,0.00015175928053758872,0.00038811737775664963,0.20562908424293982,0.3255929494656004,1.6732108511044235,-0.04144510821715669,0.5066666666666667,1.3540064007726602,4.0,0.17058687829158242,0.281955555555553,0.006791467152831428,0.008629940600745626,0.029845714064206774,0.00010254595595580329,0.019999999999999934,0.24494897427831752,4.0,0.0049991933505691265,0.010088888888890146,8.208148630724507,8.220179560880696,9.433429051197997,0.0,0.0,22,22,9,20.0
doubly_elliptic_torus,mean_curvature,1,0.0001,2,14413759069442712191,centered_standardized_gaussian_coordinates,unperturbed_median_edge_length,256,512,9.706388206475465,0.9334801028002744,0.09262822581296563,9.999999999999999e-05,0.00017320508075688773,0.0001456159789691459,0.0003954741838891902,0.20505623918519403,0.3254847014962966,1.6879738393390777,-0.04163472897963146,0.5266666666666666,1.3711309200802089,4.0,0.1721557047171742,0.2828000000000007,0.007767385964219684,0.010065488816629697,0.04460870229884506,-7.551564528688508e-05,0.02666666666666659,0.23094010767585002,3.0,0.0063965847368971495,0.013466666666667404,8.211339992050958,8.21809185234822,9.436438127249938,0.0,0.0,20,20,12,20.0
doubly_elliptic_torus,mean_curvature,1,0.0001,3,12039448538485633760,centered_standardized_gaussian_coordinates,unperturbed_median_edge_length,256,512,9.706388206475465,0.9334801028002744,0.09262786898532334,9.999999999999999e-05,0.00017320508075688773,0.00015059260562112292,0.0003549737827751916,0.20478746625471336,0.324659832292452,1.659012904555608,-0.04141508729141853,0.5166666666666666,1.3650396819628847,4.0,0.17005652370651222,0.28068888888888555,0.0077999122517867295,0.010462923388735536,0.03962130081081128,0.00012370570480066222,0.009999999999999953,0.09999999999999977,1.0,0.0029004079463307705,0.005022222222222927,8.20431919777142,8.214766056676751,9.433455396465611,0.0,0.0,20,20,10,20.0
doubly_elliptic_torus,mean_curvature,1,0.001325,0,4876391779970248580,centered_standardized_gaussian_coordinates,unperturbed_median_edge_length,256,512,9.706388206475465,0.9334801028002744,0.0926285275177799,0.001325,0.002294967320028763,0.0019627044713354707,0.006134919814776386,0.2429498372425991,0.35525760918950106,1.7759735596206276,-0.040900624862941035,0.4933333333333333,1.2884098726725126,4.0,0.17127294607617707,0.2801333333333317,0.10789175356147676,0.14086263072420674,0.5772695861776498,0.0006537725696173281,0.09333333333333327,0.4242640687119282,4.0,0.008348110355167788,0.016555555555557655,8.182405166488453,8.261901160038715,9.408522096595595,0.0,0.0,24,24,18,22.0
doubly_elliptic_torus,mean_curvature,1,0.001325,1,11596996233871918400,centered_standardized_gaussian_coordinates,unperturbed_median_edge_length,256,512,9.706388206475465,0.9334801028002744,0.09262729987060728,0.001325,0.002294967320028763,0.0019639186654245777,0.004430910779562454,0.2277302834802988,0.3506735104281927,2.0143605946081085,-0.04204613030688569,0.5066666666666667,1.2754084313139327,4.0,0.17139711475547587,0.2831777777777754,0.09186035194154338,0.11938694383510061,0.5396098205269642,-0.00037831034609399003,0.12000000000000002,0.43204937989385733,3.0,0.010218348702493838,0.02502222222222375,8.176315249097117,8.283221148060852,9.420017178177366,0.0,0.0,20,20,17,20.0
doubly_elliptic_torus,mean_curvature,1,0.001325,2,6572468228576560955,centered_standardized_gaussian_coordinates,unperturbed_median_edge_length,256,512,9.706388206475465,0.9334801028002744,0.0926252324183714,0.001325,0.002294967320028763,0.0019568934737033434,0.006550706801449331,0.23204287430500303,0.34841599839483606,2.0277320269037578,-0.041712829565627205,0.5333333333333333,1.321615173439934,4.0,0.17373328738049132,0.2922222222222188,0.10462416313256728,0.1394683313005514,0.46651546022438595,-2.289372078787162e-05,0.13333333333333336,0.5163977794943222,4.0,0.01635213078072502,0.023311111111110838,8.135971339933123,8.26658973335096,9.376866572008844,0.0,0.0,24,24,16,22.0
doubly_elliptic_torus,mean_curvature,1,0.001325,3,11628848130122517884,centered_standardized_gaussian_coordinates,unperturbed_median_edge_length,256,512,9.706388206475465,0.9334801028002744,0.09262433528957584,0.0013250000000000002,0.002294967320028763,0.0020207067076360137,0.004879116928230289,0.2340443822016231,0.3423377921592182,1.8161163381162773,-0.04176621742239203,0.51,1.2974333637352378,4.0,0.1694051109781335,0.2724444444444403,0.0961871555943119,0.12918079747999825,0.5277280998337206,-7.426825763006848e-05,0.10999999999999997,0.4654746681256314,3.0,0.013098648345434631,0.028055555555555056,8.107289703778294,8.262264925229895,9.380318559449417,0.0,0.0,28,28,16,22.0
doubly_elliptic_torus,mean_curvature,1,0.00255,0,12613957689911866229,centered_standardized_gaussian_coordinates,unperturbed_median_edge_length,256,512,9.706388206475465,0.9334801028002744,0.09262804424907194,0.00255,0.004416729559300638,0.0039355863950027315,0.009403953560495306,0.32200945776296214,0.4331377284462612,2.4575820359687004,-0.045866778565217925,0.5133333333333333,1.230176139149729,4.0,0.14691124808813902,0.2567333333333327,0.22110270712669997,0.27113413486235177,0.8142168989284837,-0.0037942928963077484,0.24000000000000005,0.6582805886043833,4.0,0.03135696508368207,0.0600000000000005,8.04017557097965,8.303982183424258,9.325239869214323,0.0,0.0,30,30,24,30.0
doubly_elliptic_torus,mean_curvature,1,0.00255,1,610061238710544903,centered_standardized_gaussian_coordinates,unperturbed_median_edge_length,256,512,9.706388206475465,0.9334801028002744,0.09263136288517426,0.00255,0.004416729559300637,0.003950473585706553,0.010166466469259238,0.2949317432419343,0.43165282423004814,1.9558003878010872,-0.04757316211362496,0.48999999999999994,1.2423096769056148,5.0,0.15882656567137265,0.27369999999999944,0.19633926299955567,0.2573058401086307,0.9534824255640562,-0.005784847356870683,0.19000000000000006,0.5507570547286103,3.0,0.027727660343926906,0.05600000000000138,7.979847994536252,8.309833825110676,9.439321380044923,0.0,0.0,26,26,21,24.0
doubly_elliptic_torus,mean_curvature,1,0.00255,2,10474644437753178252,centered_standardized_gaussian_coordinates,unperturbed_median_edge_length,256,512,9.706388206475465,0.9334801028002744,0.0926310442229622,0.00255,0.004416729559300637,0.003907052205689553,0.009326078945456605,0.2663825683325557,0.3901559614398979,1.704374912342848,-0.040389934391685506,0.48,1.243650540411842,4.0,0.15831026602598233,0.2636888888888843,0.1730094571182709,0.23793204377685984,1.2905951217191465,0.0009098693180830857,0.13999999999999996,0.4898979485566355,3.0,0.015572731258445655,0.03595555555555685,8.223725351515597,8.302542249676966,9.380962572125291,0.0,0.0,26,26,21,24.0
doubly_elliptic_torus,mean_curvature,1,0.00255,3,3151873704168059142,centered_standardized_gaussian_coordinates,unperturbed_median_edge_length,256,512,9.706388206475465,0.9334801028002744,0.09262654396167326,0.0025499999999999997,0.0044167295593006365,0.0039600660202037926,0.00932692651123625,0.31533174761294447,0.46527929851356914,2.037499839479459,-0.03955864238909029,0.47000000000000003,1.1030261405182866,4.0,0.13683296724812197,0.22323333333333065,0.22995455547496688,0.31874538640011874,1.2173468318047291,0.0020076105672054865,0.27,0.7325753658611969,5.0,0.0364582384125754,0.08730000000000189,7.920834520243739,8.198365207236426,9.246054524248379,0.0,0.0,32,32,23,28.0
doubly_elliptic_torus,mean_curvature,1,0.003775,0,335285543045974144,centered_standardized_gaussian_coordinates,unperturbed_median_edge_length,256,512,9.706388206475465,0.9334801028002744,0.0926344533401913,0.003775000000000001,0.006538491798572512,0.006142069867614976,0.013381741657812845,0.3668395227615482,0.5356890739843152,2.9047124219363916,-0.03980827998870038,0.5866666666666666,1.222020185321557,5.0,0.17212186681835845,0.29733333333333156,0.2951173613019431,0.39415281128198426,1.8746456392421393,0.0009698088561888524,0.41333333333333344,0.9018499505645791,5.0,0.04358810575103014,0.07413333333333494,7.7793211638157835,8.26565159257251,9.409439638385624,0.0,0.0,30,30,26,28.0
doubly_elliptic_torus,mean_curvature,1,0.003775,1,13970935818658576213,centered_standardized_gaussian_coordinates,unperturbed_median_edge_length,256,512,9.706388206475465,0.9334801028002744,0.09262965048901259,0.0037749999999999997,0.0065384917985725115,0.005811107891844124,0.013248732770510219,0.3630614633051844,0.4932162037325085,2.091275870226049,-0.03811346639750354,0.43333333333333335,0.9797958971132713,5.0,0.08617222825139625,0.15293333333333362,0.2891885444073194,0.4037910898850922,2.4339383214802,0.003135557916002285,0.3400000000000001,0.7745966692414835,4.0,0.0855764957538829,0.1385777777777767,7.931032782916649,8.288248301985337,9.370894949574941,0.0,0.0,24,24,20,22.0
doubly_elliptic_torus,mean_curvature,1,0.003775,2,1771629932790455760,centered_standardized_gaussian_coordinates,unperturbed_median_edge_length,256,512,9.706388206475465,0.9334801028002744,0.09262705033914698,0.0037749999999999997,0.006538491798572512,0.005656807235501321,0.014869908365393371,0.33743827136057464,0.4505516870130834,2.0307101697059835,-0.04287590485955965,0.4799999999999999,1.163328557774343,4.0,0.13967522145932454,0.2489111111111075,0.2665941633702106,0.3342688073218282,1.2330175514701143,-0.0012384503240447774,0.27333333333333343,0.7348469228349536,4.0,0.04810316930431337,0.09400000000000142,7.964418408134179,8.34681276124619,9.291169299276909,0.0,0.0,32,32,25,28.0
doubly_elliptic_torus,mean_curvature,1,0.003775,3,586815111535639773,centered_standardized_gaussian_coordinates,unperturbed_median_edge_length,256,512,9.706388206475465,0.9334801028002744,0.09263552800104308,0.0037749999999999997,0.0065384917985725115,0.005564568691740275,0.015868145186404396,0.3983581245762224,0.5316634257926224,2.138034136613978,-0.04083133060434929,0.4166666666666666,1.0279429296739515,5.0,0.10541641950881014,0.17022222222221983,0.31766804090473744,0.4319311440423308,2.4537974902359423,0.0008238917575217105,0.2966666666666667,0.7047458170621993,4.0,0.06672702283282061,0.11661111111111268,8.220883204271862,8.397053813570386,9.361870475708503,0.0,0.0,26,26,23,26.0
doubly_elliptic_torus,mean_curvature,1,0.005,0,14210390898574331224,centered_standardized_gaussian_coordinates,unperturbed_median_edge_length,256,512,9.706388206475465,0.9334801028002744,0.09263304803230901,0.005,0.008660254037844387,0.007741042593555398,0.018050874574039314,0.39597573580119316,0.5502011777814071,2.9249825899106057,-0.03270498196348066,0.34333333333333316,0.7979139469057214,5.0,0.05535787515397927,0.09944444444444053,0.3420691354817677,0.4764829073094981,2.1240130855477055,0.00858251399932215,0.4166666666666667,0.9643650760992956,6.0,0.11616422398551454,0.18901111111111168,7.775903750684484,8.319276013250963,9.217383612548064,0.0,0.0,35,36,30,34.0
doubly_elliptic_torus,mean_curvature,1,0.005,1,429757261676718315,centered_standardized_gaussian_coordinates,unperturbed_median_edge_length,256,512,9.706388206475465,0.9334801028002744,0.09264006215151634,0.005000000000000001,0.008660254037844388,0.007337684352735635,0.020907319478327382,0.45128646367618047,0.5996239444458472,2.69158141695031,-0.037207256942147854,0.5966666666666667,1.2922847983320085,4.0,0.14939818373904984,0.273144444444445,0.3794958267420288,0.48753406231969504,1.673464535831446,0.003750211041010946,0.27000000000000013,0.6557438524302004,3.0,0.03352884177022337,0.07758888888888982,7.854233805628316,8.270082732526268,9.407144508365056,0.0,0.0,32,32,29,32.0
doubly_elliptic_torus,mean_curvature,1,0.005,2,5506219572454612446,centered_standardized_gaussian_coordinates,unperturbed_median_edge_length,256,512,9.706388206475465,0.9334801028002744,0.09262072079391917,0.005,0.008660254037844387,0.007727643509408182,0.02010241826411129,0.45930207001820417,0.593814555373921,2.080295561673732,-0.04215413353183804,0.53,1.1561430130683084,5.0,0.08207247186395839,0.1685666666666682,0.4071946642289102,0.5305740543571413,1.901900641464593,-0.0001477183731230852,0.35666666666666663,0.8185352771872448,4.0,0.09113733373773245,0.15943333333333243,7.895321504990576,8.440198427708676,9.448646354271458,0.0,0.0,36,36,25,30.0
doubly_elliptic_torus,mean_curvature,1,0.005,3,4498024413993326316,centered_standardized_gaussian_coordinates,unperturbed_median_edge_length,256,512,9.706388206475465,0.9334801028002744,0.09262698506491594,0.005,0.008660254037844387,0.0077090478135205115,0.021149378876430903,0.4727881589093818,0.6571690087243792,2.961271601703345,-0.049288588004856894,0.5066666666666665,1.1888369666751337,6.0,0.1192889896229633,0.2135555555555554,0.40520561100910923,0.5711595254110132,2.3530748075672,-0.007162605899659174,0.33333333333333326,0.848528137423857,5.0,0.0604660058221341,0.1316666666666677,7.956078980872236,8.408175669947596,9.340153389862943,0.0,0.0,36,36,29,32.0
doubly_elliptic_torus,mean_curvature,2,0.0,0,126592199287930771,centered_standardized_gaussian_coordinates,unperturbed_median_edge_length,1024,2048,9.706388206475465,0.4675209719774793,0.046549410757176744,0.0,0.0,0.0,0.0,0.05827627320467785,0.08955391283518213,0.44000157584329713,-0.009597441791940638,0.13999999999999996,0.7211102550927979,4.0,0.050888003388703446,0.08666666666666303,0.0,0.0,0.0,0.0,0.0,0.0,0.0,0.0,0.0,8.207368177384408,8.511285837911071,9.319612215281076,0.0,0.0,20,20,7,20.0
doubly_elliptic_torus,mean_curvature,2,0.0001,0,10412271004234899380,centered_standardized_gaussian_coordinates,unperturbed_median_edge_length,1024,2048,9.706388206475465,0.4675209719774793,0.0465493602321215,0.0001,0.0001732050807568877,0.00015263169742842032,0.00047769981193621563,0.06113425008640143,0.09189234525485201,0.46986540449246306,-0.009564873820534411,0.12999999999999992,0.6608075867199669,4.0,0.04758432086929934,0.07733333333333026,0.01590466660235908,0.021398168996234947,0.10631519352495822,3.265454987647727e-05,0.02333333333333338,0.22360679774997932,3.0,0.005235438359374733,0.009333333333332777,8.198965015700352,8.510887767631313,9.323835570502746,0.0,0.0,22,22,11,20.0
doubly_elliptic_torus,mean_curvature,2,0.0001,1,3279152457890013885,centered_standardized_gaussian_coordinates,unperturbed_median_edge_length,1024,2048,9.706388206475465,0.4675209719774793,0.046549373639536436,0.0001,0.0001732050807568877,0.00015373652348329932,0.0004489103693106518,0.061209043355270505,0.09169668671513245,0.45084574793716214,-0.009580065117544214,0.1333333333333333,0.6782329983125269,4.0,0.04957190811411119,0.08333333333332962,0.016361700734853508,0.02229144073484053,0.10932132115597248,1.7240699019643646e-05,0.013333333333333336,0.14142135623730948,2.0,0.002701165729142984,0.0033333333333334103,8.198576497356111,8.512302780599503,9.325974732737054,0.0,0.0,20,20,10,20.0
doubly_elliptic_torus,mean_curvature,2,0.0001,2,17575513331264963599,centered_standardized_gaussian_coordinates,unperturbed_median_edge_length,1024,2048,9.706388206475465,0.4675209719774793,0.04654941256832074,0.0001,0.00017320508075688773,0.00015371348065486678,0.0003784503249777638,0.060850734907678894,0.09238331067661451,0.46001098959709097,-0.009615162575845713,0.1499999999999999,0.7234178138070235,4.0,0.05048171673269109,0.0835555555555527,0.0153168766672122,0.0202077100811665,0.08880007620036778,-1.7578622590670235e-05,0.016666666666666663,0.17320508075688765,2.0,0.002950918807879655,0.00573333333333248,8.20353347261928,8.513504708587616,9.327076554018735,0.0,0.0,22,22,9,20.0
doubly_elliptic_torus,mean_curvature,2,0.0001,3,15563247041496713389,centered_standardized_gaussian_coordinates,unperturbed_median_edge_length,1024,2048,9.706388206475465,0.4675209719774793,0.04654942079709325,0.0001,0.00017320508075688773,0.00015161425627477815,0.00037485976426551373,0.061564148901718296,0.09250432856816082,0.5123445885245843,-0.009579340879832709,0.15333333333333327,0.7164728420068227,4.0,0.05353291207189174,0.08919999999999642,0.016617462597059,0.021773437547300514,0.11841071886318488,1.7400426550413984e-05,0.026666666666666616,0.21602468994692847,2.0,0.004339890575320912,0.009844444444442768,8.199086086029787,8.513699403446958,9.33255108528267,0.0,0.0,26,26,11,22.0
doubly_elliptic_torus,mean_curvature,2,0.001325,0,3059818130820061499,centered_standardized_gaussian_coordinates,unperturbed_median_edge_length,1024,2048,9.706388206475465,0.4675209719774793,0.04654969217081166,0.0013249999999999996,0.002294967320028762,0.002015727066515282,0.0058001393602160915,0.2229444222786258,0.2935193783735376,1.5284105231022185,-0.00996161727373655,0.32000000000000006,0.8246211251235323,4.0,0.06305687484343636,0.11139999999999939,0.21511151492946723,0.2807724773989777,1.4798226473731262,-0.00033066406364479044,0.3800000000000001,0.9521904571390469,4.0,0.10825457802121648,0.1641777777777782,8.147737465497373,8.45722327029207,9.36824362791854,0.0,0.0,76,76,32,44.0
doubly_elliptic_torus,mean_curvature,2,0.001325,1,5591424411061862682,centered_standardized_gaussian_coordinates,unperturbed_median_edge_length,1024,2048,9.706388206475465,0.4675209719774793,0.046549589858940775,0.001325,0.002294967320028763,0.002007674232474061,0.0050203035866510076,0.2303468833759835,0.3186599013186146,1.8821662450312253,-0.010062660814259479,0.3833333333333333,0.8582928793055821,5.0,0.059455923606078466,0.10223333333333362,0.22221414116045163,0.30631491318246906,1.6812157701290236,-0.0004582814001337669,0.4166666666666668,0.9327379053088818,5.0,0.10744909302824378,0.14483333333332876,8.186127305089505,8.510021903264546,9.362633160903945,0.0,0.0,78,78,51,64.0
doubly_elliptic_torus,mean_curvature,2,0.001325,2,2031560291310658778,centered_standardized_gaussian_coordinates,unperturbed_median_edge_length,1024,2048,9.706388206475465,0.4675209719774793,0.0465493865494563,0.0013249999999999996,0.002294967320028762,0.0020275005969156053,0.006469638152054644,0.21862225219689832,0.2960927557293344,2.043781644466833,-0.009179358722404475,0.43666666666666665,0.9146948489341495,4.0,0.08504820093030421,0.1516999999999986,0.21092647155570943,0.28414643611100066,1.6037800686235357,0.00044692370305329365,0.4899999999999999,1.0181682899534175,4.0,0.1334594493830581,0.20469999999999744,8.138697629912631,8.470716748611972,9.333749750721726,0.0,0.0,72,72,45,58.0
doubly_elliptic_torus,mean_curvature,2,0.001325,3,18057449973823187645,centered_standardized_gaussian_coordinates,unperturbed_median_edge_length,1024,2048,9.706388206475465,0.4675209719774793,0.04655013488718065,0.001325,0.002294967320028763,0.0020449557725203907,0.0053463034056974775,0.20926275097349872,0.2771277390642343,1.6723696554585832,-0.010446662810297304,0.24999999999999986,0.6757711644237763,5.0,0.04587770399965541,0.0790888888888912,0.20031608607801626,0.2627439872046887,1.3195761030107622,-0.000867811422242167,0.29000000000000004,0.7767453465154032,5.0,0.0944204532709137,0.1347111111111119,8.128408081899295,8.490742293237675,9.357807604069542,0.0,0.0,78,78,44,56.0
doubly_elliptic_torus,mean_curvature,2,0.00255,0,12143544816782880184,centered_standardized_gaussian_coordinates,unperturbed_median_edge_length,1024,2048,9.706388206475465,0.4675209719774793,0.04655055192032273,0.0025500000000000006,0.004416729559300639,0.003877549412428554,0.010492540177072827,0.43196579936771984,0.5854614364386903,3.1146637356034006,-0.010158610428541257,1.725,2.4313919195939326,8.0,0.3722574550765674,0.717111111111113,0.42617780528397065,0.5766262406147215,3.300182442583349,-0.0006165611407863685,1.8050000000000002,2.49098374141623,8.0,0.41692331179943604,0.7704444444444452,8.018729779223737,8.414862810963202,9.357531753586441,0.0,0.0,202,206,102,139.0
doubly_elliptic_torus,mean_curvature,2,0.00255,1,12253858699151787539,centered_standardized_gaussian_coordinates,unperturbed_median_edge_length,1024,2048,9.706388206475465,0.4675209719774793,0.04655045144144338,0.0025499999999999997,0.004416729559300637,0.0040132619167345404,0.0100902492728098,0.4133505483207245,0.5476576509402621,2.3147908671010065,-0.010437528229113192,1.2033333333333338,1.931320791582797,7.0,0.14791647605621433,0.3494333333333324,0.4081449338773791,0.5420987799005504,2.538322607502433,-0.0008286252433112457,1.2233333333333336,1.965536398374076,7.0,0.1902282006783758,0.4024333333333312,8.039657964526654,8.480077717259652,9.328437487852476,0.0,0.0,186,190,91,126.0
doubly_elliptic_torus,mean_curvature,2,0.00255,2,6096419283599558598,centered_standardized_gaussian_coordinates,unperturbed_median_edge_length,1024,2048,9.706388206475465,0.4675209719774793,0.04655010099691051,0.002550000000000001,0.00441672955930064,0.003955861514702784,0.011247724822037848,0.4214225908544381,0.5611235011555521,2.373401873925884,-0.00988249325811119,1.4449999999999998,2.162174831043965,10.0,0.3837028035882486,0.6731999999999998,0.4187505177805231,0.5570043319044565,2.3155878593343795,-0.0002577507758382146,1.5450000000000002,2.3025348350604093,10.0,0.4310813560751089,0.7285333333333319,7.917280119756502,8.455203430885891,9.399870106355065,0.0,0.0,188,190,91,125.0
doubly_elliptic_torus,mean_curvature,2,0.00255,3,9736201320757052508,centered_standardized_gaussian_coordinates,unperturbed_median_edge_length,1024,2048,9.706388206475465,0.4675209719774793,0.04654964279642794,0.002550000000000001,0.00441672955930064,0.003944402446192999,0.010329791058645208,0.4129440682276282,0.5547066864392599,3.044073301100596,-0.010162166455679057,1.2600000000000002,1.8565200420859098,7.0,0.281408533188744,0.5465555555555557,0.40912400687044354,0.5479928403455571,2.707103396948243,-0.0004756738835818945,1.3133333333333335,1.9235384061671348,7.0,0.3256528043349122,0.5988888888888879,8.014155460228094,8.483387481256752,9.393090487810216,0.0,0.0,182,184,110,144.0
doubly_elliptic_torus,mean_curvature,2,0.003775,0,14046546543831631878,centered_standardized_gaussian_coordinates,unperturbed_median_edge_length,1024,2048,9.706388206475465,0.4675209719774793,0.04655104551560411,0.0037750000000000014,0.006538491798572514,0.005770398855490841,0.016081018189526005,0.6394032762395594,0.8455743987694974,4.194335526665592,-0.010010625439406815,3.166666666666667,3.980787191833629,10.0,0.8570653175333365,1.3908000000000014,0.6368108812856491,0.8422367950550215,3.93360743131821,-0.00021581912573260522,3.26,4.106093033529562,10.0,0.9034122651042205,1.4464666666666668,8.012484633323691,8.408198867230116,9.316371006399097,0.0,0.0,292,300,127,192.0
doubly_elliptic_torus,mean_curvature,2,0.003775,1,14608034854304796298,centered_standardized_gaussian_coordinates,unperturbed_median_edge_length,1024,2048,9.706388206475465,0.4675209719774793,0.046552235097599814,0.003775000000000001,0.006538491798572513,0.005868911506229342,0.014460859604804005,0.6240042991839337,0.8222946209250581,4.128308402301046,-0.012264321163004296,2.3016666666666667,3.232388178009154,11.0,0.540669066305128,1.1146666666666654,0.6202447164521196,0.8167344926183537,3.8162075098537933,-0.002605743254915277,2.368333333333334,3.305802978601921,11.0,0.5793325597744471,1.1679999999999975,7.950959381061856,8.453810389316674,9.379081275502129,0.0,0.0,266,270,119,159.0
doubly_elliptic_torus,mean_curvature,2,0.003775,2,15519907423306774847,centered_standardized_gaussian_coordinates,unperturbed_median_edge_length,1024,2048,9.706388206475465,0.4675209719774793,0.04654980467931768,0.003774999999999999,0.00653849179857251,0.005746749050162105,0.015765912462485324,0.5871411004064416,0.7747377640657018,2.867672248670905,-0.010487670499365838,2.1466666666666665,3.1272991542223774,11.0,0.43522336718237503,0.859422222222223,0.5827997216351466,0.7682690761033889,2.802325299260392,-0.0008727225068641629,2.2199999999999998,3.203123475609393,11.0,0.47610374876541045,0.9114222222222219,7.944306157922958,8.383196460498205,9.320665167160097,0.0,0.0,251,258,120,172.0
doubly_elliptic_torus,mean_curvature,2,0.003775,3,4865513271596332185,centered_standardized_gaussian_coordinates,unperturbed_median_edge_length,1024,2048,9.706388206475465,0.4675209719774793,0.046551680380737,0.003775000000000001,0.006538491798572513,0.005967924181956646,0.016268117298844965,0.6106648288457442,0.8116532161704754,4.3059411945440385,-0.011531950647247755,2.5500000000000003,3.1984371183438953,10.0,0.5830329971285849,1.1019666666666665,0.6053700111813471,0.8058711341593572,4.082409454142612,-0.0016789519755586804,2.6433333333333335,3.3371644650311545,10.0,0.6273471838416683,1.155633333333332,7.822753746316736,8.463644908914588,9.426941786368792,0.0,0.0,277,286,124,182.0
doubly_elliptic_torus,mean_curvature,2,0.005,0,17331113168814707342,centered_standardized_gaussian_coordinates,unperturbed_median_edge_length,1024,2048,9.706388206475465,0.4675209719774793,0.04655364263973316,0.004999999999999999,0.008660254037844383,0.0076651052112931654,0.022604825339821777,0.839982961674901,1.0876631840783355,5.161507550417047,-0.012214880478865712,3.661666666666666,4.887569266346343,13.0,0.8871775792474369,1.674800000000001,0.8367334924515757,1.0840390937580207,4.993600478058696,-0.0016832736067831332,3.7749999999999995,5.0074943834217125,13.0,0.9296522275990273,1.7284666666666664,7.685395532970874,8.466870977839141,9.312509257615107,0.0,0.0,366,374,141,221.0
doubly_elliptic_torus,mean_curvature,2,0.005,1,17785108606038450150,centered_standardized_gaussian_coordinates,unperturbed_median_edge_length,1024,2048,9.706388206475465,0.4675209719774793,0.04655327778491052,0.004999999999999999,0.008660254037844385,0.007711991298731126,0.018147834580740454,0.8098561123938536,1.111042588593311,5.789317132951826,-0.011786360198987732,4.3549999999999995,5.563721775933804,16.0,1.1649821792469464,2.0745666666666676,0.8080968821264518,1.1099019875553249,5.588366658049624,-0.0018681209962907678,4.468333333333333,5.6469755917068865,16.0,1.207582856370526,2.128233333333333,7.884642017396697,8.41996896956302,9.399326584641589,0.0,0.0,385,394,146,227.0
doubly_elliptic_torus,mean_curvature,2,0.005,2,16434389801523648824,centered_standardized_gaussian_coordinates,unperturbed_median_edge_length,1024,2048,9.706388206475465,0.4675209719774793,0.046552410504203244,0.005,0.008660254037844387,0.007573173528071423,0.02119184282080427,0.8186753899236133,1.0630095836086968,4.920152641180664,-0.01073543929402563,4.159999999999999,5.274150800523878,13.0,1.0349060324831238,2.0013666666666667,0.8141708390674685,1.059605949663175,4.868394140319403,-0.0005125805235572031,4.273333333333333,5.358171329847525,13.0,1.0779974764719231,2.0550333333333324,8.066917782547673,8.408946236687164,9.41412920773108,0.0,0.0,385,396,140,224.0
doubly_elliptic_torus,mean_curvature,2,0.005,3,9846041501225595575,centered_standardized_gaussian_coordinates,unperturbed_median_edge_length,1024,2048,9.706388206475465,0.4675209719774793,0.04655218351009557,0.005,0.008660254037844387,0.007794789207829607,0.019849304685653595,0.8253051477449234,1.1086510937361012,5.234845006389502,-0.011905583258625155,3.486666666666667,4.278629063925345,11.0,0.9287369433584766,1.6093333333333317,0.8191468576024139,1.101919228149917,5.674846582232728,-0.0019455819807710321,3.5733333333333337,4.3848223073080925,11.0,0.9719807367818012,1.6609999999999974,7.8596922396268445,8.44270710381029,9.35719136588785,0.0,0.0,341,350,151,216.0
ellipsoid,gaussian_curvature,0,0.0,0,10882095251598634639,centered_standardized_gaussian_coordinates,unperturbed_median_edge_length,58,112,5.062132363850605,0.835987840009618,0.17051173501655306,0.0,0.0,0.0,0.0,1.3068898898226717,1.4582601571959197,2.663829663994619,1.2161893907000567,0.1533333333333334,0.5537749241945384,2.0,0.027394639167983667,0.05071111111111058,0.0,0.0,0.0,0.0,0.0,0.0,0.0,0.0,0.0,15.375780036137657,15.375780036137657,15.375780036137682,0.0,0.0,5,6,3,6.0
ellipsoid,gaussian_curvature,0,0.0001,0,18173634703625000706,centered_standardized_gaussian_coordinates,unperturbed_median_edge_length,58,112,5.062132363850605,0.835987840009618,0.17051110622436128,0.0001,0.00017320508075688773,0.0001573324272195113,0.00035155812108987475,1.309747295596531,1.4620473415848667,2.686457929356415,1.216414855919845,0.1533333333333334,0.5537749241945384,2.0,0.027394639167983667,0.05071111111111058,0.011021780768525584,0.014577953160082327,0.05308717304800581,0.00023074254841879004,0.0,0.0,0.0,0.0,0.0,15.370719762640176,15.37125507343097,15.378730377375108,0.0,0.0,6,6,3,6.0
ellipsoid,gaussian_curvature,0,0.0001,1,17643851174787298633,centered_standardized_gaussian_coordinates,unperturbed_median_edge_length,58,112,5.062132363850605,0.835987840009618,0.1705106010426636,0.0001,0.00017320508075688773,0.0001677539832838757,0.0002890968852706006,1.3050552709353087,1.456708784319896,2.6780416770508175,1.2158739730818424,0.1533333333333334,0.5537749241945384,2.0,0.027394639167983667,0.05071111111111058,0.011888237523730614,0.01574406298296262,0.06343811975109048,-0.00033249491255994706,0.0,0.0,0.0,0.0,0.0,15.370719733837916,15.375028576725017,15.380945939598616,0.0,0.0,6,6,3,6.0
ellipsoid,gaussian_curvature,0,0.0001,2,9850132398866442906,centered_standardized_gaussian_coordinates,unperturbed_median_edge_length,58,112,5.062132363850605,0.835987840009618,0.17051014474629855,0.00010000000000000002,0.00017320508075688773,0.0001531849496641311,0.0002829067663959497,1.3087408803875593,1.4604948211070894,2.682042037768454,1.2165691056030385,0.15666666666666673,0.5567764362830023,2.0,0.027540344143738186,0.051466666666666494,0.013848031057669076,0.016751918020425503,0.03418711375160299,0.00039726118082051534,0.003333333333333327,0.05773502691896252,1.0,0.0011083391348594587,0.0022111111111119963,15.368218900848781,15.36918755279211,15.382216924958438,0.0,0.0,6,6,4,6.0
ellipsoid,gaussian_curvature,0,0.0001,3,7156677465491316825,centered_standardized_gaussian_coordinates,unperturbed_median_edge_length,58,112,5.062132363850605,0.835987840009618,0.1705114548978573,0.00010000000000000002,0.00017320508075688773,0.00013974903032754472,0.00035935315131306047,1.303799991804664,1.4551456812729,2.6779628486393676,1.2163003786182214,0.15666666666666673,0.5567764362830023,2.0,0.027540344143738186,0.051466666666666494,0.014139611021687053,0.01825283501735662,0.05454690884897673,6.572111867388382e-05,0.003333333333333327,0.05773502691896252,1.0,0.0011083391348594587,0.0022111111111119963,15.368230310883202,15.372302022628332,15.378378914347739,0.0,0.0,6,6,4,6.0
ellipsoid,gaussian_curvature,0,0.001325,0,17676115671763654908,centered_standardized_gaussian_coordinates,unperturbed_median_edge_length,58,112,5.062132363850605,0.835987840009618,0.17047822249488293,0.001325,0.002294967320028763,0.002064944095840828,0.004159421346410361,1.3259242970707283,1.4961724678161552,2.923476098438954,1.2198274315528037,0.15666666666666668,0.5322906474223771,2.0,0.029698747046494414,0.058155555555554406,0.1490838090707622,0.194312482610926,0.6786228249176425,0.003972239745581338,0.030000000000000006,0.17320508075688776,1.0,0.005041843431244295,0.009133333333332702,15.254993726886658,15.325308330019723,15.450791338338142,0.0,0.0,6,6,6,6.0
ellipsoid,gaussian_curvature,0,0.001325,1,7839605968196036468,centered_standardized_gaussian_coordinates,unperturbed_median_edge_length,58,112,5.062132363850605,0.835987840009618,0.1704877022004695,0.001325,0.002294967320028762,0.002066643935563774,0.004309662663749365,1.299710233518415,1.4581148195288918,2.800777219193037,1.2238159501095938,0.14666666666666675,0.5416025603090642,2.0,0.024402246405395265,0.04853333333333332,0.12785224427839745,0.1596085699502387,0.34848372498295177,0.007479252684281108,0.019999999999999962,0.19999999999999982,2.0,0.00846582575779349,0.012844444444444547,15.257290614479,15.303016995977146,15.444648472535293,0.0,0.0,6,6,3,6.0
ellipsoid,gaussian_curvature,0,0.001325,2,15547590988882735044,centered_standardized_gaussian_coordinates,unperturbed_median_edge_length,58,112,5.062132363850605,0.835987840009618,0.17051966530520085,0.001325,0.0022949673200287624,0.0020266716881006,0.0042156684448020915,1.3068362649900358,1.4778732232150171,2.5721204726189484,1.211088172282194,0.16666666666666669,0.5537749241945384,2.0,0.028694934383254267,0.05439999999999989,0.20762446386916145,0.26091953072561225,0.6227404563786152,-0.005092789880521666,0.0333333333333333,0.19999999999999987,2.0,0.002753105242696917,0.010977777777776823,15.28998832998509,15.315914681750979,15.392656553411,0.0,0.0,6,6,5,6.0
ellipsoid,gaussian_curvature,0,0.001325,3,2304088407435121702,centered_standardized_gaussian_coordinates,unperturbed_median_edge_length,58,112,5.062132363850605,0.835987840009618,0.17050358024211595,0.001325,0.002294967320028763,0.0020102293052820385,0.004010694872303735,1.3045873602851272,1.4622321631176198,2.8599385974776546,1.2195653796903967,0.16666666666666677,0.5656854249492381,2.0,0.027671231216500714,0.05439999999999989,0.16504424655348413,0.20257507699496602,0.4275442678525927,0.003543611169738679,0.026666666666666672,0.19999999999999996,2.0,0.006719592384266561,0.012088888888889038,15.30453342364374,15.332002320406934,15.44472388454387,0.0,0.0,6,6,5,6.0
ellipsoid,gaussian_curvature,0,0.00255,0,1109078693534023999,centered_standardized_gaussian_coordinates,unperturbed_median_edge_length,58,112,5.062132363850605,0.835987840009618,0.1704935592849426,0.00255,0.004416729559300637,0.003920226345127778,0.008965435829493195,1.2658422401843104,1.475652275308894,3.1273971064008528,1.2251159423459244,0.11666666666666667,0.43588989435406733,2.0,0.01908817799305778,0.03555555555555545,0.32446647294920417,0.46844394227529496,1.6585661791033957,0.008918469047201498,0.05000000000000005,0.23804761428476187,2.0,0.020697158410157596,0.036822222222222784,15.232983221893132,15.283996888131766,15.38204767423692,0.0,0.0,6,6,6,6.0
ellipsoid,gaussian_curvature,0,0.00255,1,8846473102431492711,centered_standardized_gaussian_coordinates,unperturbed_median_edge_length,58,112,5.062132363850605,0.835987840009618,0.17050193121262325,0.00255,0.004416729559300637,0.003968881500216296,0.009767412446824811,1.36480607179817,1.5411980138359862,3.088193268539097,1.223043318642212,0.17333333333333334,0.5715476066494082,2.0,0.033728282450148944,0.06946666666666634,0.288891468880413,0.33738655850351784,0.8091602947141006,0.007192929474917752,0.04666666666666662,0.27080128015453175,2.0,0.009520197286747831,0.02044444444444464,15.193158271060158,15.279397817368507,15.48888112873372,0.0,0.0,6,6,5,6.0
ellipsoid,gaussian_curvature,0,0.00255,2,8604258221868409887,centered_standardized_gaussian_coordinates,unperturbed_median_edge_length,58,112,5.062132363850605,0.835987840009618,0.17056603021609495,0.00255,0.004416729559300637,0.004060213586931004,0.008664938442767531,1.3461349882629665,1.549407873191467,3.106071559091969,1.2103477078832658,0.17,0.5686240703077328,2.0,0.03786946743467537,0.07424444444444281,0.2761048198506599,0.3552236405586475,1.0113388491660764,-0.006161006846178759,0.04333333333333328,0.26457513110645886,2.0,0.01593324874712716,0.025222222222221105,15.229985094661806,15.246032441032405,15.39574495099223,0.0,0.0,6,6,4,6.0
ellipsoid,gaussian_curvature,0,0.00255,3,6309937948052612084,centered_standardized_gaussian_coordinates,unperturbed_median_edge_length,58,112,5.062132363850605,0.835987840009618,0.17048349099005278,0.0025500000000000006,0.004416729559300637,0.004215764267987155,0.007859810620606339,1.3402915753854732,1.5434035819900103,3.348760053319623,1.2354486035863348,0.18000000000000002,0.5773502691896258,2.0,0.031127576330810747,0.0583111111111112,0.2876661422447917,0.3643295306677701,0.8505633133201869,0.02017389455811036,0.033333333333333326,0.19999999999999996,2.0,0.004498815573435538,0.008888888888888391,15.222118610701362,15.286687659441311,15.471363195734236,0.0,0.0,6,6,5,6.0
ellipsoid,gaussian_curvature,0,0.003775,0,18105999912632645947,centered_standardized_gaussian_coordinates,unperturbed_median_edge_length,58,112,5.062132363850605,0.835987840009618,0.170445274831956,0.003775,0.0065384917985725115,0.006186845348477336,0.011593306902993648,1.3108515268175038,1.5919103866243183,3.47430939458523,1.242259230598058,0.18333333333333338,0.5627314338711378,2.0,0.034323528805028605,0.06883333333333336,0.6102345188789405,0.7578894952047381,1.8360385710758003,0.02625204676302591,0.09666666666666668,0.37859388972001823,2.0,0.03209328641510232,0.048188888888889114,15.21437813781084,15.236703570642675,15.372221557307558,0.0,0.0,6,6,6,6.0
ellipsoid,gaussian_curvature,0,0.003775,1,10123285784413815855,centered_standardized_gaussian_coordinates,unperturbed_median_edge_length,58,112,5.062132363850605,0.835987840009618,0.17051332448997528,0.003775,0.006538491798572512,0.00592381726345807,0.013097119892655365,1.3027587687219935,1.5195142097427452,3.3088225132902647,1.2043257779562937,0.15666666666666673,0.5196152422706632,2.0,0.026008527012621307,0.05026666666666674,0.43920530836292176,0.5498576065611075,1.3424372443878454,-0.012433794648617772,0.056666666666666726,0.2645751311064592,2.0,0.016863992980883293,0.02920000000000028,15.038897261676576,15.141985627467953,15.523533399176898,0.0,0.0,6,6,5,6.0
ellipsoid,gaussian_curvature,0,0.003775,2,741374455950249892,centered_standardized_gaussian_coordinates,unperturbed_median_edge_length,58,112,5.062132363850605,0.835987840009618,0.170490871975069,0.003775,0.006538491798572512,0.005740868642337816,0.01507052309496029,1.3300376870516677,1.6098332676689318,3.928073740124834,1.224015115818955,0.15,0.4932882862316248,2.0,0.024269607490369823,0.04537777777777724,0.511134190928725,0.6413146048218692,1.4199207428825034,0.009030870161084358,0.0633333333333333,0.26457513110645897,2.0,0.010710466593488345,0.017888888888890342,15.02818124755491,15.053223336600457,15.400397927389616,0.0,0.0,6,6,6,6.0
ellipsoid,gaussian_curvature,0,0.003775,3,7492585910683501657,centered_standardized_gaussian_coordinates,unperturbed_median_edge_length,58,112,5.062132363850605,0.835987840009618,0.1704945729502429,0.0037749999999999997,0.0065384917985725115,0.006010452810425856,0.012372284014894567,1.3357979381391458,1.5304482151691527,3.538168274222244,1.212795145966158,0.16999999999999998,0.5567764362830021,2.0,0.029797551823097294,0.055377777777777304,0.38199368238513,0.4542982048486239,1.1236870951958977,-0.002094623788380825,0.03,0.17320508075688773,1.0,0.0029002802475626235,0.008888888888887891,15.166124373258414,15.229609243187097,15.467656566772972,0.0,0.0,6,6,5,6.0
ellipsoid,gaussian_curvature,0,0.005,0,10950934293910016439,centered_standardized_gaussian_coordinates,unperturbed_median_edge_length,58,112,5.062132363850605,0.835987840009618,0.17063649023502875,0.004999999999999999,0.008660254037844387,0.0072295566566127675,0.018878487239570536,1.4114252746189317,1.747970006199392,4.091263041066167,1.2092669791610537,0.20666666666666672,0.5537749241945384,2.0,0.036719357203192235,0.07979999999999955,0.6903296884146451,0.8550928752633482,2.6176682073633515,-0.006318783241873814,0.12666666666666665,0.38297084310253526,2.0,0.015589360094248548,0.03626666666666672,15.201717038541327,15.268444218620662,15.447408133666668,0.0,0.0,6,6,5,6.0
ellipsoid,gaussian_curvature,0,0.005,1,9541074346594260116,centered_standardized_gaussian_coordinates,unperturbed_median_edge_length,58,112,5.062132363850605,0.835987840009618,0.17045521346116047,0.004999999999999999,0.008660254037844387,0.007684323517272418,0.016630412317356475,1.454092735136231,1.7627489255998454,4.008376483600859,1.2390034086006998,0.22000000000000006,0.5715476066494083,2.0,0.04126163833821766,0.08893333333333256,0.6407100429229647,0.8201498235117441,2.598882788981342,0.024669223992170565,0.11999999999999998,0.3559026084010437,2.0,0.020537255116899494,0.045399999999999725,15.047132465100294,15.094857546139014,15.459373638662154,0.0,0.0,9,10,8,8.0
ellipsoid,gaussian_curvature,0,0.005,2,3569331701811546308,centered_standardized_gaussian_coordinates,unperturbed_median_edge_length,58,112,5.062132363850605,0.835987840009618,0.1706322790729375,0.004999999999999999,0.008660254037844385,0.007745418093052405,0.0157863736162323,1.4297647023830957,1.7604718242841195,4.489721260433633,1.2305039266517115,0.20333333333333337,0.574456264653803,2.0,0.04096015855044117,0.0837777777777758,0.6352515384317768,0.8529933364980334,2.826391245406544,0.0159253345685789,0.09,0.3214550253664318,2.0,0.01897689140526887,0.04066666666666518,14.836974395244802,15.258462919894304,15.385323377676379,0.0,0.0,6,6,6,6.0
ellipsoid,gaussian_curvature,0,0.005,3,16556795473784049626,centered_standardized_gaussian_coordinates,unperturbed_median_edge_length,58,112,5.062132363850605,0.835987840009618,0.17048582975083207,0.004999999999999999,0.008660254037844387,0.0077552224784839235,0.015376405930786445,1.433225862491689,1.787236806944036,4.334797902330283,1.2281220812468316,0.2333333333333334,0.6164414002968978,2.0,0.03831660504562216,0.07286666666666566,0.7382678676303283,0.9608025101390689,2.6917299656816027,0.014143001695558335,0.11333333333333336,0.37416573867739417,2.0,0.013286578518349877,0.02848888888888839,15.138250156144368,15.28037904921281,15.602804656282752,0.0,0.0,6,6,5,6.0
ellipsoid,gaussian_curvature,1,0.0,0,14049466650199397632,centered_standardized_gaussian_coordinates,unperturbed_median_edge_length,226,448,5.062132363850605,0.423749525398978,0.0874001285465749,0.0,0.0,0.0,0.0,0.3619973911423199,0.47669739818825746,1.3104649739246277,0.2991880746032672,0.07333333333333338,0.3829708431025354,2.0,0.02735788869913036,0.04913333333333133,0.0,0.0,0.0,0.0,0.0,0.0,0.0,0.0,0.0,14.369708393674909,14.921334037486725,15.664873422249137,0.0,0.0,6,6,3,6.0
ellipsoid,gaussian_curvature,1,0.0001,0,7163483692724290304,centered_standardized_gaussian_coordinates,unperturbed_median_edge_length,226,448,5.062132363850605,0.423749525398978,0.08740017132561591,0.00010000000000000002,0.00017320508075688776,0.00015630857782913374,0.00038050667526305204,0.3631818977990279,0.4791847770319779,1.37444594230859,0.2992445174895708,0.07333333333333338,0.3829708431025354,2.0,0.02735788869913036,0.04913333333333133,0.02224425073738451,0.028087081242262918,0.10702379502985337,5.948499119604671e-05,0.0,0.0,0.0,0.0,0.0,14.36563365625379,14.91503559612131,15.667713516883868,0.0,0.0,6,6,3,6.0
ellipsoid,gaussian_curvature,1,0.0001,1,5434935280696405572,centered_standardized_gaussian_coordinates,unperturbed_median_edge_length,226,448,5.062132363850605,0.423749525398978,0.0874000701475734,9.999999999999999e-05,0.00017320508075688773,0.0001545612294908108,0.00035717121954437377,0.3634320869422132,0.4798316287818616,1.3702996935805594,0.29931422652759854,0.07000000000000008,0.3605551275463991,2.0,0.028004184358123553,0.04917777777777717,0.02290432885644871,0.030095982042149652,0.13037540096537015,0.00013569885015689525,0.010000000000000009,0.10000000000000005,1.0,0.0011872869096234593,0.003099999999998604,14.364726711075027,14.914146362516318,15.665509585054032,0.0,0.0,6,6,5,6.0
ellipsoid,gaussian_curvature,1,0.0001,2,9313488064997781014,centered_standardized_gaussian_coordinates,unperturbed_median_edge_length,226,448,5.062132363850605,0.423749525398978,0.08740015734962678,0.0001,0.00017320508075688773,0.0001479915614411057,0.0003841747545659007,0.36172344559982855,0.47758352325159703,1.3611848910276052,0.29917606028380705,0.07666666666666673,0.3872983346207418,2.0,0.02902612736757741,0.05202222222222169,0.01995504461538209,0.02596093181126739,0.09928231043584645,-6.00038065930598e-06,0.003333333333333355,0.05773502691896276,1.0,0.001721762184675703,0.003088888888890362,14.369473971286261,14.916433776068855,15.665128666062655,0.0,0.0,6,6,4,6.0
ellipsoid,gaussian_curvature,1,0.0001,3,2155024126856049996,centered_standardized_gaussian_coordinates,unperturbed_median_edge_length,226,448,5.062132363850605,0.423749525398978,0.08739997241937017,0.0001,0.00017320508075688776,0.00015473282606800424,0.0004019726991755165,0.3612839217274715,0.4769220586380722,1.3042228365361765,0.299142761785702,0.07333333333333338,0.3829708431025354,2.0,0.02735788869913036,0.04913333333333133,0.021543395840455476,0.026997070278203292,0.07446474388551749,-4.7297407361966064e-05,0.0,0.0,0.0,0.0,0.0,14.358627865434896,14.918036106171753,15.66503514253226,0.0,0.0,6,6,3,6.0
ellipsoid,gaussian_curvature,1,0.001325,0,16796153715254148288,centered_standardized_gaussian_coordinates,unperturbed_median_edge_length,226,448,5.062132363850605,0.423749525398978,0.08739809894933394,0.0013250000000000002,0.002294967320028763,0.0020567662205225583,0.005562377304687813,0.46169652768531966,0.6155110694127253,2.464715522275643,0.29845948652318355,0.08333333333333338,0.38729833462074187,3.0,0.014599823128755095,0.03416666666666559,0.30110794863546064,0.40386359387093224,2.147933840101828,-0.0008826495107499763,0.04999999999999996,0.3109126351029604,3.0,0.021309854460303444,0.02951111111111071,14.2570161758831,14.90470013688438,15.692041268133071,0.0,0.0,12,12,7,8.0
ellipsoid,gaussian_curvature,1,0.001325,1,7948319575188058790,centered_standardized_gaussian_coordinates,unperturbed_median_edge_length,226,448,5.062132363850605,0.423749525398978,0.0874000215813906,0.001325,0.002294967320028762,0.0019699427124582588,0.005118354021870796,0.43252221916324884,0.548729731731273,1.8029113095667952,0.2975792258657042,0.08000000000000003,0.3559026084010438,2.0,0.015658731901838308,0.035777777777776916,0.26417433977559746,0.3386927420277776,1.4295604862629538,-0.0015401202996890191,0.05999999999999997,0.31622776601683783,3.0,0.015714492275911696,0.02295555555555556,14.336125857436183,14.851732402326169,15.647611446485556,0.0,0.0,15,16,9,12.0
ellipsoid,gaussian_curvature,1,0.001325,2,7676862616841104442,centered_standardized_gaussian_coordinates,unperturbed_median_edge_length,226,448,5.062132363850605,0.423749525398978,0.08740612507539323,0.001325,0.002294967320028762,0.0020332828516488374,0.00524071273990352,0.47908380438873166,0.6400209405867527,2.450082549172521,0.29773292336779467,0.08333333333333336,0.4281744192888377,4.0,0.02188443318063925,0.043077777777777784,0.2979361374254755,0.4005319941878731,1.5486562732868663,-0.0013710809152477684,0.10333333333333333,0.5131601439446883,5.0,0.04211429505211455,0.05314444444444444,14.314191308237278,14.811399620254353,15.653808452249281,0.0,0.0,20,22,9,14.0
ellipsoid,gaussian_curvature,1,0.001325,3,13746898202787724625,centered_standardized_gaussian_coordinates,unperturbed_median_edge_length,226,448,5.062132363850605,0.423749525398978,0.08739597748679302,0.0013249999999999996,0.002294967320028762,0.0020011828526694817,0.004405709691408892,0.452315033013249,0.5943987547812198,2.4808485568039025,0.29968753271535126,0.036666666666666695,0.20816659994661335,2.0,0.010559084205519372,0.021233333333332445,0.3270870035415184,0.43336974822541385,2.127531688631649,0.0005085804402168211,0.056666666666666726,0.28867513459481303,2.0,0.01809213559451573,0.027899999999998884,14.317216302807141,14.904843487806582,15.654302285106608,0.0,0.0,9,10,4,6.0
ellipsoid,gaussian_curvature,1,0.00255,0,13892741105598108633,centered_standardized_gaussian_coordinates,unperturbed_median_edge_length,226,448,5.062132363850605,0.423749525398978,0.08740354275318565,0.00255,0.004416729559300637,0.003896387706502193,0.010031906570480673,0.6952703014340814,0.9248007539816844,3.945674024221063,0.29781114615794557,0.26,0.752772652709081,5.0,0.06247921596806047,0.1221777777777778,0.5756852324289712,0.7507568780660895,3.3396530880162913,-0.0014061661639315215,0.22000000000000003,0.7257180352359082,5.0,0.04244003273562491,0.07644444444444645,14.223848154531813,14.884104931265458,15.730186208927757,0.0,0.0,22,22,15,18.0
ellipsoid,gaussian_curvature,1,0.00255,1,3150399581830684900,centered_standardized_gaussian_coordinates,unperturbed_median_edge_length,226,448,5.062132363850605,0.423749525398978,0.087397657110866,0.00255,0.004416729559300637,0.0039454544530225285,0.009449235104610654,0.6416674923074805,0.849935071612377,3.425926516993421,0.2966732495979193,0.19666666666666677,0.7141428428542852,5.0,0.03620514622493194,0.0768666666666667,0.575170536424628,0.7551480471673404,2.3533924443980254,-0.0022324475381267847,0.1766666666666667,0.7325753658611971,7.0,0.03407093212164668,0.08713333333333334,14.369357878224168,14.843515955012014,15.690397128590435,0.0,0.0,32,32,16,22.0
ellipsoid,gaussian_curvature,1,0.00255,2,2522215628189002714,centered_standardized_gaussian_coordinates,unperturbed_median_edge_length,226,448,5.062132363850605,0.423749525398978,0.08740005704403589,0.00255,0.004416729559300637,0.003917572772794555,0.01034473305945116,0.6368742714271591,0.8058206337481536,3.05363725000036,0.29608094334578305,0.2333333333333334,0.7874007874011811,7.0,0.03515099703554031,0.07266666666666667,0.5311751639266482,0.6522881674474506,2.070673388268588,-0.002809061685173468,0.17333333333333334,0.7527726527090811,7.0,0.03902290875123727,0.08353333333333333,14.284593379452815,14.880188464435609,15.714437997176336,0.0,0.0,29,30,16,22.0
ellipsoid,gaussian_curvature,1,0.00255,3,2488886744541976305,centered_standardized_gaussian_coordinates,unperturbed_median_edge_length,226,448,5.062132363850605,0.423749525398978,0.08739667038653635,0.0025500000000000006,0.004416729559300638,0.0038067867369999103,0.009743625474429772,0.6523759330042809,0.8474927539500833,2.5833300398265315,0.2978025170760785,0.20999999999999996,0.6806859285554046,6.0,0.024263242958181525,0.0632888888888889,0.5559360085601119,0.7448113907447856,3.305721669783942,-0.00124583746510264,0.21666666666666662,0.7000000000000001,6.0,0.04527076587377643,0.07315555555555556,14.32023721353116,14.912592566000285,15.65109623154454,0.0,0.0,23,24,14,20.0
ellipsoid,gaussian_curvature,1,0.003775,0,2980141579048217289,centered_standardized_gaussian_coordinates,unperturbed_median_edge_length,226,448,5.062132363850605,0.423749525398978,0.0874014755030229,0.0037749999999999997,0.006538491798572511,0.005842097122925237,0.015145249250702469,0.8921553792414844,1.1821121462135813,4.368435420942589,0.30172643033913604,0.3666666666666667,1.2489995996796797,10.0,0.0924118599090604,0.21000000000000002,0.8161504606587484,1.0849959489732786,3.6692047669757137,0.0025272576641405496,0.31333333333333335,1.243650540411842,10.0,0.104859574528844,0.22066666666666668,14.372683134724673,14.834901268280781,15.64786534444731,0.0,0.0,32,34,22,28.0
ellipsoid,gaussian_curvature,1,0.003775,1,15975643320339899545,centered_standardized_gaussian_coordinates,unperturbed_median_edge_length,226,448,5.062132363850605,0.423749525398978,0.0874113202544593,0.0037749999999999997,0.00653849179857251,0.005845925482340926,0.014187030160365252,0.9860839987227179,1.4157135061292812,6.666279530604349,0.2980236181256627,0.36000000000000004,1.026320287889377,9.0,0.05005264964640255,0.13191111111111115,0.9220250656072881,1.3194475859684927,7.033723476752655,-0.00014866018879802767,0.3,0.9797958971132713,9.0,0.05189528709859154,0.1429777777777778,14.166660078601266,14.774558365650384,15.713903200995645,0.0,0.0,44,46,25,36.0
ellipsoid,gaussian_curvature,1,0.003775,2,9711346092128430970,centered_standardized_gaussian_coordinates,unperturbed_median_edge_length,226,448,5.062132363850605,0.423749525398978,0.08741092152102246,0.0037749999999999997,0.0065384917985725115,0.0058964762023274815,0.012615023623376562,0.8753236427511879,1.161974688301194,4.759116903060892,0.2931533668879196,0.28333333333333327,1.0246950765959597,7.0,0.09184271993882547,0.17136666666666672,0.8189567301404184,1.0889550237387084,4.8657983717890545,-0.005925432071810028,0.3566666666666667,1.1239810200058242,7.0,0.11384300548175734,0.18223333333333336,14.461684445811494,14.814646429355587,15.628673726802745,0.0,0.0,42,42,21,32.0
ellipsoid,gaussian_curvature,1,0.003775,3,2020283187777629728,centered_standardized_gaussian_coordinates,unperturbed_median_edge_length,226,448,5.062132363850605,0.423749525398978,0.08739556319670358,0.003775,0.006538491798572512,0.005921761055155508,0.015660156049016324,0.9466807519116538,1.2515519876068528,4.980177107428993,0.3006429303546891,0.49333333333333335,1.1775681155103797,7.0,0.05325090930269419,0.14891111111111113,0.8547790157594386,1.159150849161139,3.7646708422599513,0.0017738751489489585,0.4333333333333333,1.1547005383792517,7.0,0.05023348775648643,0.15897777777777777,14.076784293586122,14.651925248077845,15.679470226764115,0.0,0.0,37,38,27,34.0
ellipsoid,gaussian_curvature,1,0.005,0,5629540604717970439,centered_standardized_gaussian_coordinates,unperturbed_median_edge_length,226,448,5.062132363850605,0.423749525398978,0.08742184410979488,0.004999999999999999,0.008660254037844385,0.007753917010592871,0.018141406521178415,1.2984017493221287,1.749481644567235,5.894212704552743,0.2904607605606322,0.53,1.3844373104863459,9.0,0.11425788795023169,0.24717777777777777,1.246968464261851,1.6796048233179266,5.356649451948421,-0.007611844070792427,0.48333333333333334,1.374772708486752,9.0,0.12912914110418416,0.2586111111111111,14.101659119132792,14.722595364120279,15.657846509140262,0.0,0.0,52,52,35,38.0
ellipsoid,gaussian_curvature,1,0.005,1,3933993477320549349,centered_standardized_gaussian_coordinates,unperturbed_median_edge_length,226,448,5.062132363850605,0.423749525398978,0.08741439888875459,0.005,0.008660254037844387,0.007630034891807523,0.01975068913514645,1.2054445310808923,1.6031589488626041,6.79502823187816,0.2959866981770246,0.4133333333333334,0.941629792788369,6.0,0.07324956832131732,0.13893333333333335,1.1459547757456159,1.514740757169722,5.812064370146516,-0.002988259817340015,0.40666666666666673,0.9626352718795768,6.0,0.0897642137718261,0.15120000000000006,14.05322870107296,14.747071126334232,15.64694505697612,0.0,0.0,50,52,34,36.0
ellipsoid,gaussian_curvature,1,0.005,2,3419659512547372182,centered_standardized_gaussian_coordinates,unperturbed_median_edge_length,226,448,5.062132363850605,0.423749525398978,0.08738143634768535,0.005,0.008660254037844385,0.007697841444391355,0.01747187363775761,1.0690362260514035,1.4242676631509883,4.860416857552428,0.3085285287415429,0.3733333333333334,1.1661903789690602,9.0,0.08809282608833958,0.20435555555555562,1.047812902398271,1.4096407456804319,4.543113108184267,0.009528709571293394,0.3866666666666667,1.2000000000000002,9.0,0.10574573783353486,0.21542222222222226,14.108640268262805,14.687185891401175,15.656628633913112,0.0,0.0,49,50,26,34.0
ellipsoid,gaussian_curvature,1,0.005,3,10972098146858352944,centered_standardized_gaussian_coordinates,unperturbed_median_edge_length,226,448,5.062132363850605,0.423749525398978,0.08740763927865124,0.005000000000000001,0.008660254037844387,0.007641247387291348,0.020091504252253995,1.188390097793705,1.6771080496812631,10.030097767860617,0.30445050514262995,0.71,1.7368553960150703,11.0,0.10221124226457452,0.30488888888888893,1.1273031755439151,1.5862033465963221,8.80111155033773,0.006579975649008682,0.6766666666666667,1.7597348285087349,13.0,0.11622541644573056,0.3155555555555556,13.957831194357004,14.648460644375236,15.624412257750379,0.0,0.0,52,52,32,46.0
ellipsoid,gaussian_curvature,2,0.0,0,12070765791912644614,centered_standardized_gaussian_coordinates,unperturbed_median_edge_length,898,1792,5.062132363850605,0.21257533663366107,0.043975074123137156,0.0,0.0,0.0,0.0,0.12138007350188673,0.18930862691655034,1.0618126097410965,0.0744320218168642,0.06000000000000007,0.3464101615137756,2.0,0.028439966372039566,0.0444444444444429,0.0,0.0,0.0,0.0,0.0,0.0,0.0,0.0,0.0,14.119516038306188,14.72363124257571,15.99526288565273,0.0,0.0,13,14,3,6.0
ellipsoid,gaussian_curvature,2,0.0001,0,379540869497918671,centered_standardized_gaussian_coordinates,unperturbed_median_edge_length,898,1792,5.062132363850605,0.21257533663366107,0.04397506918129099,0.0001,0.00017320508075688773,0.00014966587548003628,0.0004444205369335659,0.1344577244100798,0.20297253186902123,0.9983430923607415,0.07443056001111717,0.060000000000000046,0.3559026084010438,3.0,0.021786451409545937,0.04022222222222002,0.04551210786546575,0.0629876428957291,0.2956802005976087,-1.6944103387693662e-06,0.020000000000000025,0.29439202887759497,5.0,0.01004976915567291,0.016,14.117235435693603,14.726700393980924,15.993798743205696,0.0,0.0,22,22,5,12.0
ellipsoid,gaussian_curvature,2,0.0001,1,6906248111147991165,centered_standardized_gaussian_coordinates,unperturbed_median_edge_length,898,1792,5.062132363850605,0.21257533663366107,0.043975092629073086,9.999999999999998e-05,0.0001732050807568877,0.00015467832320938338,0.0004199938277946982,0.13208559435934025,0.19785706712587184,1.137058721244827,0.07443008660941226,0.05666666666666674,0.3109126351029607,2.0,0.02285956094829855,0.04044444444444449,0.042409247653803946,0.05765185404231515,0.2957811324603412,-1.4556168206373513e-06,0.023333333333333373,0.20816659994661338,3.0,0.0065595985649521205,0.010399999999999576,14.110753144581395,14.72516298758464,15.985123417732389,0.0,0.0,21,22,9,12.0
ellipsoid,gaussian_curvature,2,0.0001,2,14706321601925698641,centered_standardized_gaussian_coordinates,unperturbed_median_edge_length,898,1792,5.062132363850605,0.21257533663366107,0.04397507355513733,0.00010000000000000005,0.00017320508075688778,0.00015150748960353542,0.00040515852119891137,0.12838530018265343,0.19513127557147414,1.0442203603934033,0.07444376737461283,0.0533333333333334,0.3265986323710906,2.0,0.026200197907083313,0.04399999999999869,0.0399619793902775,0.054870256458453115,0.23949029087646778,9.875997233516585e-06,0.006666666666666668,0.11547005383792516,2.0,0.0035735770139868873,0.006333333333333337,14.116703720616725,14.730085882010359,15.991037645050497,0.0,0.0,16,18,3,6.0
ellipsoid,gaussian_curvature,2,0.0001,3,9674876498049779771,centered_standardized_gaussian_coordinates,unperturbed_median_edge_length,898,1792,5.062132363850605,0.21257533663366107,0.043975155151817415,0.00010000000000000002,0.00017320508075688778,0.00015488497797698782,0.00039133564236597707,0.13082165077965646,0.19774371932977183,1.013488504864796,0.07441831233737947,0.05666666666666672,0.32145502536643195,2.0,0.022674084207531083,0.04044444444444449,0.04199917235285386,0.05484454422909138,0.22899990310457596,-1.271927193982603e-05,0.023333333333333352,0.2516611478423584,4.0,0.00737765645817176,0.012833333333333332,14.115197855582778,14.725347112370919,15.995736121946596,0.0,0.0,20,20,8,12.0
ellipsoid,gaussian_curvature,2,0.001325,0,9080475005301156851,centered_standardized_gaussian_coordinates,unperturbed_median_edge_length,898,1792,5.062132363850605,0.21257533663366107,0.043974999066664446,0.0013250000000000004,0.0022949673200287632,0.002057221959071481,0.005257503456935828,0.5966682562112535,0.7907746063410018,4.625626621971236,0.07397715609524215,0.9033333333333334,3.071915797457129,23.0,0.1418592678411543,0.4227333333333334,0.5790804842781431,0.7604955995241763,3.5638140122308286,-0.0004268527722891477,0.9233333333333336,3.125699921617557,24.0,0.16340544295098772,0.43140000000000006,14.045881343649485,14.696515625439913,16.009242670405957,0.0,0.0,184,188,44,90.0
ellipsoid,gaussian_curvature,2,0.001325,1,17713185763273308837,centered_standardized_gaussian_coordinates,unperturbed_median_edge_length,898,1792,5.062132363850605,0.21257533663366107,0.04397572208455014,0.0013250000000000002,0.0022949673200287624,0.0020366232824090163,0.00548773537384585,0.610017974931093,0.8210574998598748,4.576816736574806,0.0743566020173711,0.8200000000000001,3.074627348693388,30.0,0.09647521654501497,0.3778000000000001,0.5893158721521261,0.7865280012995526,3.5150041268343983,-9.417260733595237e-05,0.8800000000000001,3.139001964531614,30.0,0.11707670518561482,0.3863555555555556,14.062889354839378,14.708998417335925,15.932138911639685,0.0,0.0,182,188,40,112.0
ellipsoid,gaussian_curvature,2,0.001325,2,2578014074419697589,centered_standardized_gaussian_coordinates,unperturbed_median_edge_length,898,1792,5.062132363850605,0.21257533663366107,0.04397444855066726,0.0013249999999999998,0.0022949673200287624,0.002081984424511048,0.006069407025363405,0.5870068174764855,0.7983835055176504,3.505463859008806,0.07468575680977005,0.72,2.6832815729997477,23.0,0.10428040585492393,0.3496222222222223,0.5816255162642168,0.7768774234927956,3.520658783814401,0.00026571472133993766,0.7733333333333334,2.764054992217051,23.0,0.126337736005893,0.3581777777777778,14.037161142435481,14.704096802571602,15.963011361694788,0.0,0.0,187,194,43,98.0
ellipsoid,gaussian_curvature,2,0.001325,3,12396195232368644842,centered_standardized_gaussian_coordinates,unperturbed_median_edge_length,898,1792,5.062132363850605,0.21257533663366107,0.043975307800784444,0.0013250000000000002,0.002294967320028763,0.002055061844509952,0.005464414823006341,0.6066051864909769,0.8092217947694523,3.7654378443836762,0.07481912417295025,0.9033333333333335,3.3531080109852316,25.0,0.09981177934640925,0.4567333333333333,0.5928407875284422,0.7865231466734132,3.8500175464690685,0.0004257980064180881,0.9100000000000001,3.404408906109841,27.0,0.11619267744647652,0.46540000000000004,14.040209578532515,14.755466979372935,15.957121030496635,0.0,0.0,175,180,38,98.0
ellipsoid,gaussian_curvature,2,0.00255,0,16432311618889170377,centered_standardized_gaussian_coordinates,unperturbed_median_edge_length,898,1792,5.062132363850605,0.21257533663366107,0.04397432961389477,0.0025499999999999997,0.0044167295593006365,0.003940680516960793,0.011697207099375832,1.0829555135864048,1.4630548883247958,9.142092298548107,0.07511297673785743,2.0733333333333333,4.839421453025144,27.0,0.2384801409198865,0.8410222222222224,1.074578751429144,1.443085833803211,8.08027968880701,0.0008473318794851789,2.1333333333333333,4.877841052487599,27.0,0.25704198100699416,0.8498000000000002,13.873612764942342,14.592224246988494,15.942905634175064,0.0,0.0,287,288,77,150.0
ellipsoid,gaussian_curvature,2,0.00255,1,2386287282244058189,centered_standardized_gaussian_coordinates,unperturbed_median_edge_length,898,1792,5.062132363850605,0.21257533663366107,0.04397514773597498,0.0025499999999999997,0.0044167295593006365,0.00397508487883909,0.009758244366863626,1.19105810552066,1.597043291919508,7.082554639268167,0.07390933836765033,2.1383333333333336,5.0890405120546385,27.0,0.2258875544221032,0.8858000000000001,1.1767870166799452,1.573309750957159,7.245950585827451,-0.00036380489731062393,2.185,5.132088593675419,27.0,0.23995964955724955,0.8948000000000002,13.830878760094063,14.651031403324764,15.963567985611311,0.0,0.0,311,318,87,157.0
ellipsoid,gaussian_curvature,2,0.00255,2,12872965739737329921,centered_standardized_gaussian_coordinates,unperturbed_median_edge_length,898,1792,5.062132363850605,0.21257533663366107,0.04397512276385638,0.0025500000000000006,0.004416729559300637,0.003919889987837133,0.011035978404185038,1.1191756687764867,1.4665361535299843,5.6423746568194275,0.07451832908656884,2.2583333333333333,5.694002692892467,32.0,0.2081987002505257,0.9182,1.109151902880206,1.44883085618849,5.395211120805197,0.00010961599529653396,2.3116666666666665,5.72901969508455,32.0,0.21897517912784986,0.9268666666666667,14.007689658883207,14.736199102676999,15.922779057215221,0.0,0.0,310,320,87,167.0
ellipsoid,gaussian_curvature,2,0.00255,3,6024591959300870444,centered_standardized_gaussian_coordinates,unperturbed_median_edge_length,898,1792,5.062132363850605,0.21257533663366107,0.04397555536438505,0.0025500000000000006,0.004416729559300638,0.0038984420345374612,0.01019179270476404,1.1393300429296065,1.4848184980803665,5.533556568760773,0.07344340167400874,2.3066666666666666,5.554277630799527,31.0,0.2287116633642623,0.8968555555555557,1.1396306030967698,1.473415539213403,5.54918584945294,-0.0009170922000630473,2.333333333333334,5.585397628340051,31.0,0.22260186224305067,0.9056333333333335,13.991244350526806,14.667129920476459,15.908497418148585,0.0,0.0,301,306,75,148.0
ellipsoid,gaussian_curvature,2,0.003775,0,7914671196581937292,centered_standardized_gaussian_coordinates,unperturbed_median_edge_length,898,1792,5.062132363850605,0.21257533663366107,0.04397680407263336,0.003775,0.006538491798572512,0.005920203699377742,0.01690336731560222,1.6817239263389836,2.2200429994655195,10.13468882583659,0.07309229461902457,4.675,8.54702677348484,32.0,0.4434610394595203,1.4766666666666666,1.6820733393320126,2.2167797940310066,10.3319103185368,-0.0010690405603260358,4.721666666666667,8.570394778927437,32.0,0.4342095392448138,1.4855555555555555,13.924247236941754,14.623824822529437,15.90631267234192,0.0,0.0,384,398,109,191.0
ellipsoid,gaussian_curvature,2,0.003775,1,14013099119919168516,centered_standardized_gaussian_coordinates,unperturbed_median_edge_length,898,1792,5.062132363850605,0.21257533663366107,0.04397557474740684,0.003774999999999999,0.00653849179857251,0.005718617289617509,0.015079192679767137,1.6855882477753183,2.2677371653039704,10.906530451538302,0.07304016897202611,3.996666666666667,8.158839786799755,35.0,0.4921546290016355,1.4497777777777778,1.6848834079353563,2.2649696812007405,10.743134504979018,-0.0011561335206506929,4.043333333333334,8.203657720797475,35.0,0.5112960148630293,1.4586666666666668,13.908871947720645,14.66794629837187,15.94698634453362,0.0,0.0,385,400,102,216.0
ellipsoid,gaussian_curvature,2,0.003775,2,14920540288785999298,centered_standardized_gaussian_coordinates,unperturbed_median_edge_length,898,1792,5.062132363850605,0.21257533663366107,0.043976604279427615,0.003774999999999999,0.00653849179857251,0.005751308988844168,0.015925626161666175,1.7225543202217084,2.284259155774567,11.154631462600307,0.07305462338623564,3.6599999999999997,7.699134150452677,37.0,0.39549980217254077,1.4243333333333335,1.724213709321949,2.2817709648495224,10.907467926586076,-0.001429429294180648,3.7133333333333334,7.724204381898069,37.0,0.4062989448831598,1.4334444444444445,14.015025887764644,14.704537740580607,15.9007175142158,0.0,0.0,404,422,111,210.0
ellipsoid,gaussian_curvature,2,0.003775,3,16552112606026472298,centered_standardized_gaussian_coordinates,unperturbed_median_edge_length,898,1792,5.062132363850605,0.21257533663366107,0.043978525186315065,0.003775,0.006538491798572512,0.005792719358235525,0.015689915152549767,1.733925278539166,2.373800157960037,11.17514471619669,0.07112937735666208,4.611666666666666,8.319354942942793,31.0,0.32803767900614195,1.3342222222222224,1.7215464306167603,2.35215293189024,10.113332106455594,-0.0028921268948272627,4.671666666666667,8.348952030045448,31.0,0.3267902753034764,1.3431111111111114,13.851632894580733,14.665524532555661,15.879317747909887,0.0,0.0,395,406,117,229.0
ellipsoid,gaussian_curvature,2,0.005,0,7078214706745462895,centered_standardized_gaussian_coordinates,unperturbed_median_edge_length,898,1792,5.062132363850605,0.21257533663366107,0.043975797692062585,0.005000000000000002,0.00866025403784439,0.007734653700318794,0.018148483169269584,2.2538328757815784,2.938436889297855,12.68241566292295,0.07306436230811256,5.15,9.146219619784631,37.0,0.5533613777661865,1.8586,2.248386264662989,2.9336048314439616,12.302620144932362,-0.0010391831180246586,5.196666666666667,9.17678229737054,37.0,0.5649010454151335,1.8676000000000001,13.81161894091409,14.631899528312607,15.93915368338312,0.0,0.0,424,440,112,210.0
ellipsoid,gaussian_curvature,2,0.005,1,18058953097674722652,centered_standardized_gaussian_coordinates,unperturbed_median_edge_length,898,1792,5.062132363850605,0.21257533663366107,0.043978500234853696,0.005000000000000003,0.008660254037844392,0.007862124503697583,0.018967141043263167,2.267167181372643,3.2160476429749396,17.033023735616496,0.07148010545692475,5.206666666666667,9.392727683337432,43.0,0.6916293567952932,1.9758777777777778,2.2653403874784317,3.2085562820061293,17.049183500697005,-0.00230620516160851,5.253333333333334,9.427442212321784,43.0,0.7073411546588214,1.9851,13.905032247335111,14.68765629481563,15.871321275600051,0.0,0.0,456,472,122,238.0
ellipsoid,gaussian_curvature,2,0.005,2,4984458926216240612,centered_standardized_gaussian_coordinates,unperturbed_median_edge_length,898,1792,5.062132363850605,0.21257533663366107,0.04397880025352875,0.005000000000000002,0.008660254037844388,0.007832528084055383,0.021116395205888396,2.3165993364629407,3.0810470094344176,15.30522336883466,0.07395768805831446,5.488333333333333,9.685814369478697,40.0,0.5518434098285431,1.8934666666666666,2.3153712887597617,3.069892425523103,15.150634348074064,-0.0008289845873608627,5.534999999999999,9.721539658579465,40.0,0.5600102953933095,1.9024666666666668,13.769647034745029,14.647753988624043,15.890338208376798,0.0,0.0,458,468,139,233.0
ellipsoid,gaussian_curvature,2,0.005,3,7550974243184058522,centered_standardized_gaussian_coordinates,unperturbed_median_edge_length,898,1792,5.062132363850605,0.21257533663366107,0.04397931688658052,0.004999999999999999,0.008660254037844387,0.007626782179294566,0.01962868831349336,2.1377391012361855,2.9394070756846014,17.77085556288062,0.0734630589613102,6.410000000000002,10.392304845413264,38.0,0.5171578755374926,1.8765999999999998,2.14180583254043,2.933971138224376,17.75469579780011,-0.001076437707319005,6.47,10.421132376090423,38.0,0.5272728817717175,1.8856,13.549831857351384,14.726113556456353,15.967994419156788,0.0,0.0,451,464,128,238.0
ellipsoid,mean_curvature,0,0.0,0,10882095251598634639,centered_standardized_gaussian_coordinates,unperturbed_median_edge_length,58,112,5.062132363850605,0.835987840009618,0.17051173501655306,0.0,0.0,0.0,0.0,0.17385734630612804,0.2504045109868723,0.9567751663653015,0.051399508533966756,0.34666666666666673,0.8326663997864532,2.0,0.15079588362590907,0.2573333333333344,0.0,0.0,0.0,0.0,0.0,0.0,0.0,0.0,0.0,15.375780036137657,15.375780036137657,15.375780036137682,0.0,0.0,6,6,3,6.0
ellipsoid,mean_curvature,0,0.0001,0,18173634703625000706,centered_standardized_gaussian_coordinates,unperturbed_median_edge_length,58,112,5.062132363850605,0.835987840009618,0.17051110622436128,0.0001,0.00017320508075688773,0.0001573324272195113,0.00035155812108987475,0.17382873505689536,0.2507206705487298,0.9612959936750167,0.051416383251743324,0.34666666666666673,0.8326663997864532,2.0,0.15079588362590907,0.2573333333333344,0.0018810810425628566,0.002306810912063944,0.006996815321055783,1.504362565599643e-05,0.0,0.0,0.0,0.0,0.0,15.370719762640176,15.37125507343097,15.378730377375108,0.0,0.0,6,6,3,6.0
ellipsoid,mean_curvature,0,0.0001,1,17643851174787298633,centered_standardized_gaussian_coordinates,unperturbed_median_edge_length,58,112,5.062132363850605,0.835987840009618,0.1705106010426636,0.0001,0.00017320508075688773,0.0001677539832838757,0.0002890968852706006,0.1740112102317301,0.25028278872001336,0.9587842753601539,0.051352960751688805,0.34666666666666673,0.8326663997864532,2.0,0.15079588362590907,0.2573333333333344,0.0018916976882465293,0.0022953187597173673,0.006354777886639962,-4.1307798738893266e-05,0.0,0.0,0.0,0.0,0.0,15.370719733837916,15.375028576725017,15.380945939598616,0.0,0.0,6,6,3,6.0
ellipsoid,mean_curvature,0,0.0001,2,9850132398866442906,centered_standardized_gaussian_coordinates,unperturbed_median_edge_length,58,112,5.062132363850605,0.835987840009618,0.17051014474629855,0.00010000000000000002,0.00017320508075688773,0.0001531849496641311,0.0002829067663959497,0.17396556954195858,0.2508554664109073,0.9589082467099432,0.051458800519759214,0.34666666666666673,0.8326663997864532,2.0,0.15079588362590907,0.2573333333333344,0.0025501994483766717,0.0032170944440440318,0.008188093610679736,6.008476092273373e-05,0.0,0.0,0.0,0.0,0.0,15.368218900848781,15.36918755279211,15.382216924958438,0.0,0.0,6,6,3,6.0
ellipsoid,mean_curvature,0,0.0001,3,7156677465491316825,centered_standardized_gaussian_coordinates,unperturbed_median_edge_length,58,112,5.062132363850605,0.835987840009618,0.1705114548978573,0.00010000000000000002,0.00017320508075688773,0.00013974903032754472,0.00035935315131306047,0.17376383444774382,0.2499380808497044,0.9530720556236965,0.05140371537804191,0.34666666666666673,0.8326663997864532,2.0,0.15079588362590907,0.2573333333333344,0.0025184062131007818,0.0029754898379629772,0.006431353039167753,-8.419309858121653e-07,0.0,0.0,0.0,0.0,0.0,15.368230310883202,15.372302022628332,15.378378914347739,0.0,0.0,6,6,3,6.0
ellipsoid,mean_curvature,0,0.001325,0,17676115671763654908,centered_standardized_gaussian_coordinates,unperturbed_median_edge_length,58,112,5.062132363850605,0.835987840009618,0.17047822249488293,0.001325,0.002294967320028763,0.002064944095840828,0.004159421346410361,0.1748600569819575,0.2538682802250316,1.016529533905059,0.05197005533982681,0.3533333333333334,0.8205689083394114,2.0,0.1509406140546466,0.2617333333333354,0.027340301473885727,0.03290784795847136,0.07925462519616833,0.0005559087999626416,0.033333333333333375,0.1825741858350555,1.0,0.005280229450058892,0.009199999999999986,15.254993726886658,15.325308330019723,15.450791338338142,0.0,0.0,6,6,6,6.0
ellipsoid,mean_curvature,0,0.001325,1,7839605968196036468,centered_standardized_gaussian_coordinates,unperturbed_median_edge_length,58,112,5.062132363850605,0.835987840009618,0.1704877022004695,0.001325,0.002294967320028762,0.002066643935563774,0.004309662663749365,0.1773842658523458,0.2510752085627953,0.932118763139596,0.052238571543144624,0.3333333333333334,0.8164965809277261,2.0,0.1482139294698345,0.2516000000000011,0.024232767629922436,0.029890036809378046,0.07408385946197615,0.0007831352495837614,0.013333333333333308,0.16329931618554505,2.0,0.0034426518632954804,0.006666666666666668,15.257290614479,15.303016995977146,15.444648472535293,0.0,0.0,6,6,3,6.0
ellipsoid,mean_curvature,0,0.001325,2,15547590988882735044,centered_standardized_gaussian_coordinates,unperturbed_median_edge_length,58,112,5.062132363850605,0.835987840009618,0.17051966530520085,0.001325,0.0022949673200287624,0.0020266716881006,0.0042156684448020915,0.17573641504566073,0.25374863599225866,1.0207012155276987,0.05080023464042473,0.3500000000000001,0.8225975119502045,2.0,0.15305097761520972,0.2571666666666681,0.035187625404685945,0.042108136812287866,0.11587473688280259,-0.0004936448824944344,0.023333333333333352,0.15275252316519472,1.0,0.003248060516576316,0.007333333333333039,15.28998832998509,15.315914681750979,15.392656553411,0.0,0.0,6,6,6,6.0
ellipsoid,mean_curvature,0,0.001325,3,2304088407435121702,centered_standardized_gaussian_coordinates,unperturbed_median_edge_length,58,112,5.062132363850605,0.835987840009618,0.17050358024211595,0.001325,0.002294967320028763,0.0020102293052820385,0.004010694872303735,0.17537234887755918,0.25288948589394106,0.9773293978620448,0.051931532386695296,0.3566666666666668,0.834665601703261,2.0,0.15175026681151685,0.25301111111111285,0.030389495034983675,0.037813742962530365,0.09146326993158338,0.0005129712830358934,0.03000000000000006,0.20816659994661363,2.0,0.00664305231297493,0.012222222222222578,15.30453342364374,15.332002320406934,15.44472388454387,0.0,0.0,6,6,6,6.0
ellipsoid,mean_curvature,0,0.00255,0,1109078693534023999,centered_standardized_gaussian_coordinates,unperturbed_median_edge_length,58,112,5.062132363850605,0.835987840009618,0.1704935592849426,0.00255,0.004416729559300637,0.003920226345127778,0.008965435829493195,0.1848839010833573,0.2529004786654653,0.9391671256918457,0.05250837459195074,0.33000000000000007,0.7852812659593165,2.0,0.14008311208772223,0.2388111111111128,0.053342552055029656,0.0714318363826462,0.19986094452296,0.0009426032371332144,0.049999999999999926,0.23804761428476137,2.0,0.012907869963548538,0.022399999999999587,15.232983221893132,15.283996888131766,15.38204767423692,0.0,0.0,6,6,6,6.0
ellipsoid,mean_curvature,0,0.00255,1,8846473102431492711,centered_standardized_gaussian_coordinates,unperturbed_median_edge_length,58,112,5.062132363850605,0.835987840009618,0.17050193121262325,0.00255,0.004416729559300637,0.003968881500216296,0.009767412446824811,0.18733509771703993,0.26599758597294604,0.9900183150507607,0.052143910634609845,0.3666666666666668,0.8366600265340757,2.0,0.14964701045001147,0.26191111111111304,0.05496801002476849,0.06603620175902936,0.16243762815815455,0.0007187380242108654,0.060000000000000116,0.29439202887759525,2.0,0.006331546206595562,0.014666666666666647,15.193158271060158,15.279397817368507,15.48888112873372,0.0,0.0,6,6,5,6.0
ellipsoid,mean_curvature,0,0.00255,2,8604258221868409887,centered_standardized_gaussian_coordinates,unperturbed_median_edge_length,58,112,5.062132363850605,0.835987840009618,0.17056603021609495,0.00255,0.004416729559300637,0.004060213586931004,0.008664938442767531,0.18203193919272284,0.2653272564606708,1.0139783046053417,0.05062356437922968,0.38333333333333336,0.8582928793055822,2.0,0.15866561008311011,0.27383333333333487,0.050424622152162014,0.06428534256897775,0.15486677455898068,-0.0007538245215806821,0.05,0.2645751311064591,2.0,0.009846727642597424,0.021777777777777646,15.229985094661806,15.246032441032405,15.39574495099223,0.0,0.0,6,6,5,6.0
ellipsoid,mean_curvature,0,0.00255,3,6309937948052612084,centered_standardized_gaussian_coordinates,unperturbed_median_edge_length,58,112,5.062132363850605,0.835987840009618,0.17048349099005278,0.0025500000000000006,0.004416729559300637,0.004215764267987155,0.007859810620606339,0.1831753406663845,0.26148826174229645,1.004770495405169,0.05442914133243863,0.3666666666666668,0.8366600265340757,2.0,0.1530414976403468,0.2546666666666684,0.052380699129038706,0.06849850160118391,0.1871413575108427,0.0028650278330545616,0.03333333333333336,0.18257418583505544,1.0,0.007028566051531432,0.013999999999999901,15.222118610701362,15.286687659441311,15.471363195734236,0.0,0.0,6,6,6,6.0
ellipsoid,mean_curvature,0,0.003775,0,18105999912632645947,centered_standardized_gaussian_coordinates,unperturbed_median_edge_length,58,112,5.062132363850605,0.835987840009618,0.170445274831956,0.003775,0.0065384917985725115,0.006186845348477336,0.011593306902993648,0.19425748694963124,0.27163669541489205,0.9906145236501374,0.054593252898076615,0.37666666666666676,0.8465616732800196,2.0,0.1436272310603313,0.23042222222222342,0.10703380568399297,0.12346129541930013,0.23738644841577639,0.0027814635624231884,0.0966666666666668,0.3958114029012642,2.0,0.018394786454979033,0.037700000000000206,15.21437813781084,15.236703570642675,15.372221557307558,0.0,0.0,6,6,5,6.0
ellipsoid,mean_curvature,0,0.003775,1,10123285784413815855,centered_standardized_gaussian_coordinates,unperturbed_median_edge_length,58,112,5.062132363850605,0.835987840009618,0.17051332448997528,0.003775,0.006538491798572512,0.00592381726345807,0.013097119892655365,0.19028718379293597,0.26856516681287407,0.973688029046957,0.04942466122472664,0.3766666666666667,0.8306623862918076,2.0,0.13057291996422413,0.2361222222222233,0.08680296227645107,0.10663090386316255,0.25988566144992453,-0.00173824937591328,0.10333333333333333,0.37859388972001823,2.0,0.02643067841196806,0.0472222222222222,15.038897261676576,15.141985627467953,15.523533399176898,0.0,0.0,8,8,7,8.0
ellipsoid,mean_curvature,0,0.003775,2,741374455950249892,centered_standardized_gaussian_coordinates,unperturbed_median_edge_length,58,112,5.062132363850605,0.835987840009618,0.170490871975069,0.003775,0.006538491798572512,0.005740868642337816,0.01507052309496029,0.19603035757877588,0.2698485060200838,1.0147740628357749,0.05275921878008582,0.3666666666666667,0.8124038404635961,2.0,0.1446769371105411,0.2456000000000015,0.08960503367409609,0.11121048452109344,0.24357781913289944,0.0014253835498062796,0.07999999999999999,0.29439202887759486,2.0,0.007901606858512999,0.018666666666666262,15.02818124755491,15.053223336600457,15.400397927389616,0.0,0.0,6,6,6,6.0
ellipsoid,mean_curvature,0,0.003775,3,7492585910683501657,centered_standardized_gaussian_coordinates,unperturbed_median_edge_length,58,112,5.062132363850605,0.835987840009618,0.1704945729502429,0.0037749999999999997,0.0065384917985725115,0.006010452810425856,0.012372284014894567,0.1954563713187256,0.26655463792777734,0.9974337237593742,0.051044960338093526,0.3733333333333334,0.8326663997864532,2.0,0.14473183376059337,0.2538666666666687,0.07656767495681269,0.09481864310613211,0.25712228750499655,-2.146395353240407e-05,0.060000000000000074,0.25819888974716126,2.0,0.009480428182234915,0.020266666666666662,15.166124373258414,15.229609243187097,15.467656566772972,0.0,0.0,8,8,8,8.0
ellipsoid,mean_curvature,0,0.005,0,10950934293910016439,centered_standardized_gaussian_coordinates,unperturbed_median_edge_length,58,112,5.062132363850605,0.835987840009618,0.17063649023502875,0.004999999999999999,0.008660254037844387,0.0072295566566127675,0.018878487239570536,0.21868078814281466,0.30575076230677295,1.1673501149655134,0.05030186610017813,0.41,0.8426149773176359,2.0,0.14852737931912643,0.2583333333333349,0.12282108759550851,0.1451024785575498,0.28612031776489744,-0.0012244941399870539,0.1366666666666666,0.40414518843273795,2.0,0.012829544895366357,0.03066666666666687,15.201717038541327,15.268444218620662,15.447408133666668,0.0,0.0,6,6,6,6.0
ellipsoid,mean_curvature,0,0.005,1,9541074346594260116,centered_standardized_gaussian_coordinates,unperturbed_median_edge_length,58,112,5.062132363850605,0.835987840009618,0.17045521346116047,0.004999999999999999,0.008660254037844387,0.007684323517272418,0.016630412317356475,0.2199121393465704,0.3047194330335946,1.1708820747007662,0.05463338147434305,0.45000000000000007,0.8888194417315589,3.0,0.14568048674447534,0.26261111111111274,0.11690346329246205,0.13704834165901092,0.3246209829411948,0.0031171548767977846,0.16333333333333336,0.4654746681256315,3.0,0.021524623185834882,0.04874444444444443,15.047132465100294,15.094857546139014,15.459373638662154,0.0,0.0,11,12,9,12.0
ellipsoid,mean_curvature,0,0.005,2,3569331701811546308,centered_standardized_gaussian_coordinates,unperturbed_median_edge_length,58,112,5.062132363850605,0.835987840009618,0.1706322790729375,0.004999999999999999,0.008660254037844385,0.007745418093052405,0.0157863736162323,0.21308111902625224,0.29673646487388106,1.1828269743215962,0.05363632540163068,0.37333333333333335,0.8286535263104036,2.0,0.14521887213115792,0.2616444444444464,0.11397876482397408,0.13782247372841097,0.344027422381465,0.001834004435126665,0.09333333333333341,0.3559026084010438,2.0,0.018448388690275583,0.04222222222222225,14.836974395244802,15.258462919894304,15.385323377676379,0.0,0.0,8,8,7,8.0
ellipsoid,mean_curvature,0,0.005,3,16556795473784049626,centered_standardized_gaussian_coordinates,unperturbed_median_edge_length,58,112,5.062132363850605,0.835987840009618,0.17048582975083207,0.004999999999999999,0.008660254037844387,0.0077552224784839235,0.015376405930786445,0.21923677625578902,0.3082473746241343,1.1776013752857581,0.05321648203937032,0.42000000000000015,0.8679477710861027,2.0,0.1501334791570029,0.2488444444444458,0.12874508340137814,0.15823206048986427,0.3763740470111072,0.002120027715868649,0.14000000000000007,0.46904157598234314,3.0,0.016641116217705802,0.037777777777777716,15.138250156144368,15.28037904921281,15.602804656282752,0.0,0.0,8,8,8,8.0
ellipsoid,mean_curvature,1,0.0,0,14049466650199397632,centered_standardized_gaussian_coordinates,unperturbed_median_edge_length,226,448,5.062132363850605,0.423749525398978,0.0874001285465749,0.0,0.0,0.0,0.0,0.08225729889116568,0.11981112591308193,0.4005372635234332,0.010957269759142931,0.21333333333333346,0.7118052168020875,4.0,0.08615816253375806,0.1274666666666673,0.0,0.0,0.0,0.0,0.0,0.0,0.0,0.0,0.0,14.369708393674909,14.921334037486725,15.664873422249137,0.0,0.0,14,14,5,14.0
ellipsoid,mean_curvature,1,0.0001,0,7163483692724290304,centered_standardized_gaussian_coordinates,unperturbed_median_edge_length,226,448,5.062132363850605,0.423749525398978,0.08740017132561591,0.00010000000000000002,0.00017320508075688776,0.00015630857782913374,0.00038050667526305204,0.08195202002349875,0.11996082593824167,0.4045400462092621,0.010959729965866008,0.21000000000000013,0.6806859285554047,4.0,0.08608110170042552,0.12710000000000132,0.004364776679372772,0.005368724090513043,0.017081977323452735,3.3206126579699684e-06,0.016666666666666698,0.15275252316519478,2.0,0.001390273384016296,0.003744444444444502,14.36563365625379,14.91503559612131,15.667713516883868,0.0,0.0,14,14,9,14.0
ellipsoid,mean_curvature,1,0.0001,1,5434935280696405572,centered_standardized_gaussian_coordinates,unperturbed_median_edge_length,226,448,5.062132363850605,0.423749525398978,0.0874000701475734,9.999999999999999e-05,0.00017320508075688773,0.0001545612294908108,0.00035717121954437377,0.08238520422059023,0.12023676929782871,0.40965254589047007,0.010978548117338168,0.20666666666666678,0.6879922480183432,4.0,0.08340970919789507,0.12413333333333398,0.004391903289107827,0.00547416053307369,0.016332813732409246,2.3000351396870156e-05,0.006666666666666689,0.08164965809277273,1.0,0.0029186501192363674,0.003333333333333334,14.364726711075027,14.914146362516318,15.665509585054032,0.0,0.0,14,14,7,14.0
ellipsoid,mean_curvature,1,0.0001,2,9313488064997781014,centered_standardized_gaussian_coordinates,unperturbed_median_edge_length,226,448,5.062132363850605,0.423749525398978,0.08740015734962678,0.0001,0.00017320508075688773,0.0001479915614411057,0.0003841747545659007,0.08233710740514073,0.12014845504111128,0.409127893022033,0.010955834339376459,0.19666666666666674,0.6658328118479394,4.0,0.08232772922897948,0.12563333333333507,0.0038712416146440432,0.004987766824957017,0.017888960682135524,-1.72094830849456e-07,0.01666666666666671,0.2081665999466135,3.0,0.004470812982475947,0.007888888888888841,14.369473971286261,14.916433776068855,15.665128666062655,0.0,0.0,16,16,6,14.0
ellipsoid,mean_curvature,1,0.0001,3,2155024126856049996,centered_standardized_gaussian_coordinates,unperturbed_median_edge_length,226,448,5.062132363850605,0.423749525398978,0.08739997241937017,0.0001,0.00017320508075688776,0.00015473282606800424,0.0004019726991755165,0.08239375163644586,0.11972963803359365,0.4030678204545577,0.010954773996627276,0.20666666666666678,0.6733003292241386,4.0,0.08482771646980533,0.12673333333333547,0.004337464605964543,0.005480880776897386,0.01529934444577652,-2.49348754916134e-06,0.013333333333333357,0.11547005383792526,1.0,0.0015778038599819377,0.0057777777777777775,14.358627865434896,14.918036106171753,15.66503514253226,0.0,0.0,16,16,9,14.0
ellipsoid,mean_curvature,1,0.001325,0,16796153715254148288,centered_standardized_gaussian_coordinates,unperturbed_median_edge_length,226,448,5.062132363850605,0.423749525398978,0.08739809894933394,0.0013250000000000002,0.002294967320028763,0.0020567662205225583,0.005562377304687813,0.10823547390995314,0.1418743498777385,0.41594641134745647,0.010815975435938721,0.23000000000000012,0.6608075867199671,3.0,0.054350891845897774,0.10400000000000056,0.05998869704975705,0.0752657695889112,0.2407973097922751,-0.0001687446246418818,0.16333333333333344,0.5859465277082317,3.0,0.04652024140180601,0.08377777777777776,14.2570161758831,14.90470013688438,15.692041268133071,0.0,0.0,22,22,14,16.0
ellipsoid,mean_curvature,1,0.001325,1,7948319575188058790,centered_standardized_gaussian_coordinates,unperturbed_median_edge_length,226,448,5.062132363850605,0.423749525398978,0.0874000215813906,0.001325,0.002294967320028762,0.0019699427124582588,0.005118354021870796,0.10294095283835655,0.13460595854303387,0.3915700644855453,0.010732111424461784,0.26333333333333336,0.7047458170621992,3.0,0.06499611400223104,0.113022222222223,0.052154245722054106,0.0655690606862362,0.23134683158317837,-0.0001980254103327232,0.16333333333333344,0.5802298395176405,4.0,0.03291310701177749,0.0671111111111111,14.336125857436183,14.851732402326169,15.647611446485556,0.0,0.0,23,24,21,24.0
ellipsoid,mean_curvature,1,0.001325,2,7676862616841104442,centered_standardized_gaussian_coordinates,unperturbed_median_edge_length,226,448,5.062132363850605,0.423749525398978,0.08740612507539323,0.001325,0.002294967320028762,0.0020332828516488374,0.00524071273990352,0.11163686036964807,0.14552121185199185,0.416093310620286,0.010751594282832412,0.31000000000000005,0.8504900548115384,5.0,0.05491768269353778,0.10996666666666666,0.0573049609864152,0.07234578647948167,0.2521216853678645,-0.0001828514390634895,0.22333333333333344,0.8103497187428814,6.0,0.08131802793148964,0.1313333333333333,14.314191308237278,14.811399620254353,15.653808452249281,0.0,0.0,29,30,21,24.0
ellipsoid,mean_curvature,1,0.001325,3,13746898202787724625,centered_standardized_gaussian_coordinates,unperturbed_median_edge_length,226,448,5.062132363850605,0.423749525398978,0.08739597748679302,0.0013249999999999996,0.002294967320028762,0.0020011828526694817,0.004405709691408892,0.10161057576668367,0.13628323494032116,0.48391767512098194,0.01096674677082201,0.24666666666666665,0.6633249580710799,3.0,0.07014526784340638,0.11137777777777966,0.06415683379647188,0.07894088847239236,0.247640354473865,1.1591008727501826e-05,0.1333333333333332,0.4618802153517003,3.0,0.023932953331003856,0.050888888888888845,14.317216302807141,14.904843487806582,15.654302285106608,0.0,0.0,19,20,14,16.0
ellipsoid,mean_curvature,1,0.00255,0,13892741105598108633,centered_standardized_gaussian_coordinates,unperturbed_median_edge_length,226,448,5.062132363850605,0.423749525398978,0.08740354275318565,0.00255,0.004416729559300637,0.003896387706502193,0.010031906570480673,0.15108615240546924,0.18980003696806483,0.6875851356271383,0.01059224250607729,0.4966666666666667,1.047218538160334,4.0,0.09253905292833206,0.15355555555555767,0.11215020560709252,0.13754978599334144,0.43569509489542946,-0.00036817054262260843,0.35,0.9398581453247788,5.0,0.0534974229216629,0.15066666666666653,14.223848154531813,14.884104931265458,15.730186208927757,0.0,0.0,22,22,16,18.0
ellipsoid,mean_curvature,1,0.00255,1,3150399581830684900,centered_standardized_gaussian_coordinates,unperturbed_median_edge_length,226,448,5.062132363850605,0.423749525398978,0.087397657110866,0.00255,0.004416729559300637,0.0039454544530225285,0.009449235104610654,0.1394821980417426,0.17486910166781391,0.6219509245942731,0.010566604046451678,0.48666666666666675,1.148912529307606,5.0,0.077260291708595,0.17922222222222214,0.1119542179499198,0.14189194759191254,0.39198359689692275,-0.0003283290356032101,0.34,1.0456258094238748,7.0,0.08745562684394088,0.19806666666666659,14.369357878224168,14.843515955012014,15.690397128590435,0.0,0.0,38,38,26,30.0
ellipsoid,mean_curvature,1,0.00255,2,2522215628189002714,centered_standardized_gaussian_coordinates,unperturbed_median_edge_length,226,448,5.062132363850605,0.423749525398978,0.08740005704403589,0.00255,0.004416729559300637,0.003917572772794555,0.01034473305945116,0.14082262935254902,0.17624722445383775,0.6151309984436422,0.01058875493338365,0.5233333333333334,1.2662279942148387,7.0,0.07751287759731122,0.18072222222222228,0.10865774436681283,0.133437426327864,0.3912675781231054,-0.0002892236027550825,0.4433333333333334,1.2662279942148387,7.0,0.07915364922216263,0.20933333333333337,14.284593379452815,14.880188464435609,15.714437997176336,0.0,0.0,27,28,22,28.0
ellipsoid,mean_curvature,1,0.00255,3,2488886744541976305,centered_standardized_gaussian_coordinates,unperturbed_median_edge_length,226,448,5.062132363850605,0.423749525398978,0.08739667038653635,0.0025500000000000006,0.004416729559300638,0.0038067867369999103,0.009743625474429772,0.14281447660023644,0.18505417003124616,0.589347361995785,0.010757929951973062,0.43333333333333335,1.1343133018115703,6.0,0.06528299332986415,0.16311111111111112,0.10893153529284212,0.13956573886342008,0.4488916390524098,-0.0001711435160732717,0.4066666666666667,1.1284207253207172,6.0,0.0816594327861937,0.18666666666666654,14.32023721353116,14.912592566000285,15.65109623154454,0.0,0.0,27,28,19,22.0
ellipsoid,mean_curvature,1,0.003775,0,2980141579048217289,centered_standardized_gaussian_coordinates,unperturbed_median_edge_length,226,448,5.062132363850605,0.423749525398978,0.0874014755030229,0.0037749999999999997,0.006538491798572511,0.005842097122925237,0.015145249250702469,0.1779032901206904,0.2245945935414561,0.6761979133249281,0.010939383847143769,0.73,1.772004514666935,9.0,0.1569151386601716,0.3927333333333333,0.15397071369705778,0.19456374753609476,0.7193263599757784,-4.211795984300926e-05,0.65,1.7682382946499793,9.0,0.20631384598535252,0.41177777777777796,14.372683134724673,14.834901268280781,15.64786534444731,0.0,0.0,44,46,33,40.0
ellipsoid,mean_curvature,1,0.003775,1,15975643320339899545,centered_standardized_gaussian_coordinates,unperturbed_median_edge_length,226,448,5.062132363850605,0.423749525398978,0.0874113202544593,0.0037749999999999997,0.00653849179857251,0.005845925482340926,0.014187030160365252,0.19133441948691704,0.2472020416677903,0.8528672752338569,0.010564970250664222,0.6383333333333333,1.4346892811104897,7.0,0.12405871502503328,0.3242666666666666,0.17244740145236762,0.22105366307904775,0.703682541454747,-0.00019417128993517475,0.6516666666666666,1.493876389353104,8.0,0.18284047106721726,0.36222222222222217,14.166660078601266,14.774558365650384,15.713903200995645,0.0,0.0,48,50,36,39.0
ellipsoid,mean_curvature,1,0.003775,2,9711346092128430970,centered_standardized_gaussian_coordinates,unperturbed_median_edge_length,226,448,5.062132363850605,0.423749525398978,0.08741092152102246,0.0037749999999999997,0.0065384917985725115,0.0058964762023274815,0.012615023623376562,0.1882060128083488,0.23247798495406355,0.7055117291522954,0.009790375416020286,0.75,1.6309506430300091,8.0,0.21034915262066145,0.4229777777777776,0.158920440927697,0.1999837311743523,0.5978613436108269,-0.0011232887525505029,0.7433333333333334,1.6713268182295566,8.0,0.26634738586824436,0.4602222222222221,14.461684445811494,14.814646429355587,15.628673726802745,0.0,0.0,50,50,27,34.0
ellipsoid,mean_curvature,1,0.003775,3,2020283187777629728,centered_standardized_gaussian_coordinates,unperturbed_median_edge_length,226,448,5.062132363850605,0.423749525398978,0.08739556319670358,0.003775,0.006538491798572512,0.005921761055155508,0.015660156049016324,0.1952467473563235,0.24798632619355504,0.7878130673851151,0.011071464696569822,0.9016666666666668,1.7073371078963875,6.0,0.11056304953197876,0.30653333333333327,0.16706819345218477,0.21916401371721972,0.6923757544893676,0.0001394921173734718,0.8083333333333335,1.691646141090585,7.0,0.10686494890527352,0.3241333333333332,14.076784293586122,14.651925248077845,15.679470226764115,0.0,0.0,47,48,37,43.0
ellipsoid,mean_curvature,1,0.005,0,5629540604717970439,centered_standardized_gaussian_coordinates,unperturbed_median_edge_length,226,448,5.062132363850605,0.423749525398978,0.08742184410979488,0.004999999999999999,0.008660254037844385,0.007753917010592871,0.018141406521178415,0.2660689778810811,0.3440781902294738,0.8851196757562123,0.009607463544843112,1.215,2.207940216581962,10.0,0.29513977775900985,0.5930444444444443,0.24040497047191328,0.3156926602515949,0.8791628526043738,-0.0010544233617720501,1.2283333333333333,2.2850966427411046,10.0,0.353449985198807,0.6506666666666666,14.101659119132792,14.722595364120279,15.657846509140262,0.0,0.0,68,68,46,51.0
ellipsoid,mean_curvature,1,0.005,1,3933993477320549349,centered_standardized_gaussian_coordinates,unperturbed_median_edge_length,226,448,5.062132363850605,0.423749525398978,0.08741439888875459,0.005,0.008660254037844387,0.007630034891807523,0.01975068913514645,0.24759578606409804,0.30809022413892245,0.9084023134618819,0.010474407649357965,0.7683333333333334,1.5005554527129834,9.0,0.16142274636886658,0.3185333333333334,0.2229258594903032,0.2769930724527056,0.8007519279204356,-0.0005207980637910712,0.7816666666666667,1.5700318468107581,9.0,0.21749626551829135,0.3555555555555556,14.05322870107296,14.747071126334232,15.64694505697612,0.0,0.0,56,58,41,47.0
ellipsoid,mean_curvature,1,0.005,2,3419659512547372182,centered_standardized_gaussian_coordinates,unperturbed_median_edge_length,226,448,5.062132363850605,0.423749525398978,0.08738143634768535,0.005,0.008660254037844385,0.007697841444391355,0.01747187363775761,0.21168473826871043,0.27016898041236587,0.9551326746020639,0.012437288781443777,0.915,1.8739441471577178,9.0,0.188589330439332,0.4771333333333335,0.201919717729876,0.2597841166869645,0.8049895574285484,0.0015314700679005984,0.8216666666666665,1.8739441471577178,9.0,0.23619557095048474,0.4963333333333335,14.108640268262805,14.687185891401175,15.656628633913112,0.0,0.0,49,52,36,43.0
ellipsoid,mean_curvature,1,0.005,3,10972098146858352944,centered_standardized_gaussian_coordinates,unperturbed_median_edge_length,226,448,5.062132363850605,0.423749525398978,0.08740763927865124,0.005000000000000001,0.008660254037844387,0.007641247387291348,0.020091504252253995,0.2305449036708233,0.29604074666002417,1.2601351338516782,0.011783231386124405,1.46,2.5271855228033155,10.0,0.22541893855681716,0.6060222222222222,0.2113045667452317,0.2711341553823295,0.859597870328245,0.0010307298506261123,1.3200000000000003,2.48461935381123,10.0,0.27486140540474124,0.6246666666666667,13.957831194357004,14.648460644375236,15.624412257750379,0.0,0.0,58,58,40,46.0
ellipsoid,mean_curvature,2,0.0,0,12070765791912644614,centered_standardized_gaussian_coordinates,unperturbed_median_edge_length,898,1792,5.062132363850605,0.21257533663366107,0.043975074123137156,0.0,0.0,0.0,0.0,0.03119247731546095,0.052064939577528745,0.3106739609600291,0.0027132083132532124,0.32666666666666677,1.2701705922171767,8.0,0.11660401315895513,0.17833333333333337,0.0,0.0,0.0,0.0,0.0,0.0,0.0,0.0,0.0,14.119516038306188,14.72363124257571,15.99526288565273,0.0,0.0,41,42,9,34.0
ellipsoid,mean_curvature,2,0.0001,0,379540869497918671,centered_standardized_gaussian_coordinates,unperturbed_median_edge_length,898,1792,5.062132363850605,0.21257533663366107,0.04397506918129099,0.0001,0.00017320508075688773,0.00014966587548003628,0.0004444205369335659,0.03374858301115623,0.05356988351158765,0.30643183450289313,0.002710761190447141,0.32000000000000006,1.2355835328567093,8.0,0.09705505882974136,0.1414666666666667,0.008818531230592931,0.011466699553319554,0.054938590492723094,-2.610738386665454e-06,0.08000000000000002,0.5228129047119374,7.0,0.0212737845590534,0.03726666666666667,14.117235435693603,14.726700393980924,15.993798743205696,0.0,0.0,50,50,18,42.0
ellipsoid,mean_curvature,2,0.0001,1,6906248111147991165,centered_standardized_gaussian_coordinates,unperturbed_median_edge_length,898,1792,5.062132363850605,0.21257533663366107,0.043975092629073086,9.999999999999998e-05,0.0001732050807568877,0.00015467832320938338,0.0004199938277946982,0.033735131644023794,0.053597769785729325,0.32898129886079386,0.002715143079015032,0.33333333333333326,1.2622730819174326,8.0,0.11437335044572751,0.17622222222222228,0.008534312534476372,0.011179141825244404,0.044711967631565486,1.8850689105671936e-06,0.0866666666666666,0.39157800414902433,3.0,0.006448759730181725,0.019288888888888876,14.110753144581395,14.72516298758464,15.985123417732389,0.0,0.0,50,50,22,34.0
ellipsoid,mean_curvature,2,0.0001,2,14706321601925698641,centered_standardized_gaussian_coordinates,unperturbed_median_edge_length,898,1792,5.062132363850605,0.21257533663366107,0.04397507355513733,0.00010000000000000005,0.00017320508075688778,0.00015150748960353542,0.00040515852119891137,0.03301173666759191,0.0529253568915937,0.3235639215354882,0.002714628858769209,0.30333333333333334,1.1846237095944574,8.0,0.10786665073860388,0.16630000000000003,0.007866210816896386,0.010191911198933189,0.037479494696025295,9.552448617447653e-07,0.056666666666666685,0.3316624790355401,3.0,0.009050240430609941,0.01280000000000002,14.116703720616725,14.730085882010359,15.991037645050497,0.0,0.0,48,48,18,34.0
ellipsoid,mean_curvature,2,0.0001,3,9674876498049779771,centered_standardized_gaussian_coordinates,unperturbed_median_edge_length,898,1792,5.062132363850605,0.21257533663366107,0.043975155151817415,0.00010000000000000002,0.00017320508075688778,0.00015488497797698782,0.00039133564236597707,0.03310944392755912,0.05319261294798054,0.3397867243496153,0.002711900592449511,0.3366666666666667,1.2974333637352375,8.0,0.1122414549892648,0.1715555555555556,0.008280352898373415,0.01050950218023689,0.03564905244100158,-9.98081594803823e-07,0.07000000000000002,0.4358898943540674,4.0,0.0068074048885658845,0.023111111111111138,14.115197855582778,14.725347112370919,15.995736121946596,0.0,0.0,44,44,16,36.0
ellipsoid,mean_curvature,2,0.001325,0,9080475005301156851,centered_standardized_gaussian_coordinates,unperturbed_median_edge_length,898,1792,5.062132363850605,0.21257533663366107,0.043974999066664446,0.0013250000000000004,0.0022949673200287632,0.002057221959071481,0.005257503456935828,0.1233491713780585,0.1575076146975778,0.6971223750744815,0.0026562480945637955,1.7133333333333334,4.111366358442573,22.0,0.28037377084634846,0.8436111111111112,0.11654959335490714,0.14872398077306415,0.6737718646133608,-5.2984156739966336e-05,1.6133333333333335,3.95937705537963,22.0,0.36563023556098134,0.8297222222222224,14.045881343649485,14.696515625439913,16.009242670405957,0.0,0.0,199,204,76,116.0
ellipsoid,mean_curvature,2,0.001325,1,17713185763273308837,centered_standardized_gaussian_coordinates,unperturbed_median_edge_length,898,1792,5.062132363850605,0.21257533663366107,0.04397572208455014,0.0013250000000000002,0.0022949673200287624,0.0020366232824090163,0.00548773537384585,0.12330299827890936,0.15686380617131995,0.5745467037376475,0.002661739000688496,1.6583333333333332,4.643813088400523,30.0,0.3283495030172685,0.9019111111111113,0.11537433684615825,0.14653141834146458,0.5707335144086294,-5.376103002347355e-05,1.5583333333333333,4.4786530713299655,30.0,0.4201839054548525,0.8896888888888892,14.062889354839378,14.708998417335925,15.932138911639685,0.0,0.0,199,204,76,131.0
ellipsoid,mean_curvature,2,0.001325,2,2578014074419697589,centered_standardized_gaussian_coordinates,unperturbed_median_edge_length,898,1792,5.062132363850605,0.21257533663366107,0.04397444855066726,0.0013249999999999998,0.0022949673200287624,0.002081984424511048,0.006069407025363405,0.12082277991955227,0.15488353508041092,0.535207670969406,0.002740499052954968,1.4933333333333334,3.952214569073901,24.0,0.32077591822319446,0.8113333333333334,0.11559587425967535,0.14717373511037163,0.48705101149597096,2.801480707112329e-05,1.5333333333333337,3.9858081572833717,24.0,0.41553767935406555,0.8166666666666667,14.037161142435481,14.704096802571602,15.963011361694788,0.0,0.0,207,212,75,126.0
ellipsoid,mean_curvature,2,0.001325,3,12396195232368644842,centered_standardized_gaussian_coordinates,unperturbed_median_edge_length,898,1792,5.062132363850605,0.21257533663366107,0.043975307800784444,0.0013250000000000002,0.002294967320028763,0.002055061844509952,0.005464414823006341,0.1241853134752674,0.158070827050711,0.6381561649288585,0.002747467360702413,2.115,5.078877828812188,27.0,0.2645580545326621,1.0078666666666667,0.11757521152535487,0.14869442913801384,0.5837557248446945,3.897222041093448e-05,1.9483333333333333,4.781387525255265,27.0,0.32486574235452376,0.9949000000000001,14.040209578532515,14.755466979372935,15.957121030496635,0.0,0.0,208,212,82,141.0
ellipsoid,mean_curvature,2,0.00255,0,16432311618889170377,centered_standardized_gaussian_coordinates,unperturbed_median_edge_length,898,1792,5.062132363850605,0.21257533663366107,0.04397432961389477,0.0025499999999999997,0.0044167295593006365,0.003940680516960793,0.011697207099375832,0.21587837233320412,0.278392431778477,1.3202587862685626,0.0027383915655099403,3.6533333333333338,6.556930176030041,28.0,0.5147288173309768,1.480711111111111,0.21138460445154922,0.2717175915573928,1.3202409733604998,3.865082691825467e-05,3.5400000000000005,6.435837163881635,28.0,0.5897323281351772,1.4797555555555555,13.873612764942342,14.592224246988494,15.942905634175064,0.0,0.0,324,330,126,180.0
ellipsoid,mean_curvature,2,0.00255,1,2386287282244058189,centered_standardized_gaussian_coordinates,unperturbed_median_edge_length,898,1792,5.062132363850605,0.21257533663366107,0.04397514773597498,0.0025499999999999997,0.0044167295593006365,0.00397508487883909,0.009758244366863626,0.235719891408105,0.3014016461343619,1.308400425691695,0.002588545117400503,4.1433333333333335,7.373601562330311,26.0,0.4970249358451261,1.5861333333333332,0.23132532387526666,0.2946104621633389,1.040241190989526,-0.00010467916025094955,4.063333333333334,7.1858657562374955,26.0,0.5477513079210473,1.5775444444444442,13.830878760094063,14.651031403324764,15.963567985611311,0.0,0.0,323,332,126,176.0
ellipsoid,mean_curvature,2,0.00255,2,12872965739737329921,centered_standardized_gaussian_coordinates,unperturbed_median_edge_length,898,1792,5.062132363850605,0.21257533663366107,0.04397512276385638,0.0025500000000000006,0.004416729559300637,0.003919889987837133,0.011035978404185038,0.22662470855615538,0.29218064840097413,1.2223996085901576,0.0026777074555173483,4.1850000000000005,8.011762186518851,34.0,0.5129468734674185,1.6972,0.2230171368671884,0.286839277743188,1.2205545444605237,-3.185075789391705e-05,4.0183333333333335,7.746934877743584,34.0,0.5606582322180862,1.6838666666666668,14.007689658883207,14.736199102676999,15.922779057215221,0.0,0.0,324,334,114,181.0
ellipsoid,mean_curvature,2,0.00255,3,6024591959300870444,centered_standardized_gaussian_coordinates,unperturbed_median_edge_length,898,1792,5.062132363850605,0.21257533663366107,0.04397555536438505,0.0025500000000000006,0.004416729559300638,0.0038984420345374612,0.01019179270476404,0.22564458439368013,0.28422086727588597,1.2293698211121504,0.0025713399823835605,4.336666666666666,8.057501680628638,30.0,0.5639545058155219,1.7949,0.22392930455186047,0.2795652711663971,1.2249886041234346,-0.00012436532893719474,4.216666666666667,7.889444424884007,30.0,0.6131689369217599,1.7798999999999998,13.991244350526806,14.667129920476459,15.908497418148585,0.0,0.0,324,328,114,176.0
ellipsoid,mean_curvature,2,0.003775,0,7914671196581937292,centered_standardized_gaussian_coordinates,unperturbed_median_edge_length,898,1792,5.062132363850605,0.21257533663366107,0.04397680407263336,0.003775,0.006538491798572512,0.005920203699377742,0.01690336731560222,0.33139438845836,0.42589751584222807,1.702773907996391,0.002439438791932839,7.040000000000001,10.87382177525455,35.0,0.835313775597951,2.3974666666666673,0.3316498467728541,0.42407430099592186,1.6948851764040112,-0.00024109157501502922,7.08,10.90810096518485,35.0,0.8735688792241693,2.5110444444444444,13.924247236941754,14.623824822529437,15.90631267234192,0.0,0.0,416,430,141,212.0
ellipsoid,mean_curvature,2,0.003775,1,14013099119919168516,centered_standardized_gaussian_coordinates,unperturbed_median_edge_length,898,1792,5.062132363850605,0.21257533663366107,0.04397557474740684,0.003774999999999999,0.00653849179857251,0.005718617289617509,0.015079192679767137,0.33306689383148835,0.42500789344042467,1.6922349242774541,0.002351523583246636,6.433333333333334,10.619478957714138,36.0,0.9724105707503361,2.4474444444444443,0.3306366561455527,0.4227407859312475,1.6948953964587785,-0.00032139270451141295,6.4733333333333345,10.633908030446756,36.0,1.054450146337469,2.5453333333333337,13.908871947720645,14.66794629837187,15.94698634453362,0.0,0.0,411,426,149,232.0
ellipsoid,mean_curvature,2,0.003775,2,14920540288785999298,centered_standardized_gaussian_coordinates,unperturbed_median_edge_length,898,1792,5.062132363850605,0.21257533663366107,0.043976604279427615,0.003774999999999999,0.00653849179857251,0.005751308988844168,0.015925626161666175,0.33988775110340425,0.42799582101389383,1.6318707024592216,0.002364728996086604,6.073333333333333,10.02546757014355,41.0,0.9674737937880623,2.4512666666666676,0.3390079560007145,0.4272684968056381,1.6397594340518213,-0.0003634332904881852,6.206666666666667,10.143799419678341,41.0,1.0505004522928534,2.5784000000000007,14.015025887764644,14.704537740580607,15.9007175142158,0.0,0.0,427,446,165,260.0
ellipsoid,mean_curvature,2,0.003775,3,16552112606026472298,centered_standardized_gaussian_coordinates,unperturbed_median_edge_length,898,1792,5.062132363850605,0.21257533663366107,0.043978525186315065,0.003775,0.006538491798572512,0.005792719358235525,0.015689915152549767,0.33732963805746885,0.43055813983744223,1.4615006991732251,0.002035517277239038,7.443333333333333,10.938159503926304,33.0,0.7249448311207718,2.2448444444444444,0.3327022842090213,0.425306602116984,1.4326500061501894,-0.0006215361278418723,7.296666666666667,10.769865365917997,33.0,0.7613905863345356,2.245522222222222,13.851632894580733,14.665524532555661,15.879317747909887,0.0,0.0,417,426,154,244.0
ellipsoid,mean_curvature,2,0.005,0,7078214706745462895,centered_standardized_gaussian_coordinates,unperturbed_median_edge_length,898,1792,5.062132363850605,0.21257533663366107,0.043975797692062585,0.005000000000000002,0.00866025403784439,0.007734653700318794,0.018148483169269584,0.4486030956026379,0.561642679847622,1.88029963915506,0.00232515630731691,8.16,11.98721541198511,39.0,1.3431561436613184,3.0152444444444444,0.44494415813244426,0.5571527197900559,1.8821447032845033,-0.00031723462123693646,8.26,12.070349345952392,39.0,1.4345598054424038,3.1431999999999998,13.81161894091409,14.631899528312607,15.93915368338312,0.0,0.0,446,460,150,238.0
ellipsoid,mean_curvature,2,0.005,1,18058953097674722652,centered_standardized_gaussian_coordinates,unperturbed_median_edge_length,898,1792,5.062132363850605,0.21257533663366107,0.043978500234853696,0.005000000000000003,0.008660254037844392,0.007862124503697583,0.018967141043263167,0.4436164793361717,0.5845319079537179,3.014674673611605,0.0020701182827799845,8.523333333333333,12.714427500547032,47.0,1.6446771734777756,3.3852111111111105,0.44199625603053316,0.582564745928701,2.8508247349069515,-0.0004909707411528772,8.703333333333333,12.875946567146045,47.0,1.7433022317233708,3.547844444444444,13.905032247335111,14.68765629481563,15.871321275600051,0.0,0.0,472,488,155,236.0
ellipsoid,mean_curvature,2,0.005,2,4984458926216240612,centered_standardized_gaussian_coordinates,unperturbed_median_edge_length,898,1792,5.062132363850605,0.21257533663366107,0.04397880025352875,0.005000000000000002,0.008660254037844388,0.007832528084055383,0.021116395205888396,0.4635658741904951,0.5990407285728832,2.6011888512835024,0.0023990138341958046,8.551666666666668,12.841534176257912,44.0,1.3195729032516097,3.3178888888888878,0.4631632444144127,0.5972705051071185,2.609575479925187,-0.00033522493511495017,8.698333333333334,12.927941315873408,44.0,1.398298804971075,3.459688888888888,13.769647034745029,14.647753988624043,15.890338208376798,0.0,0.0,474,486,154,231.0
ellipsoid,mean_curvature,2,0.005,3,7550974243184058522,centered_standardized_gaussian_coordinates,unperturbed_median_edge_length,898,1792,5.062132363850605,0.21257533663366107,0.04397931688658052,0.004999999999999999,0.008660254037844387,0.007626782179294566,0.01962868831349336,0.4235887386295505,0.5532220612444366,2.086938470025989,0.0023956417843587277,9.916666666666668,13.12262676956612,37.0,1.1652312080307163,3.0182333333333333,0.42321701402846595,0.5518299818450024,2.0845284957456323,-0.0003646535362075075,9.956666666666667,13.131260411704584,37.0,1.2428719846162886,3.1282777777777775,13.549831857351384,14.726113556456353,15.967994419156788,0.0,0.0,470,482,172,250.0
product_sine_graph,gaussian_curvature,0,0.0,0,17111275725675473230,centered_standardized_gaussian_coordinates,unperturbed_median_edge_length,81,128,3.871792078324112,0.3535533905932738,0.16294447684196145,0.0,0.0,0.0,0.0,9447.646440392675,14746.074127757072,24870.839513217474,-1520.5615745133045,18.47,19.912726248976224,25.0,5.131816222522879,9.235188888888894,0.0,0.0,0.0,0.0,0.0,0.0,0.0,0.0,0.0,13.633022225366389,13.633022225366389,13.633022225366389,0.0,0.0,25,73,4,73.0
product_sine_graph,gaussian_curvature,0,0.0001,0,15182012807746676220,centered_standardized_gaussian_coordinates,unperturbed_median_edge_length,81,128,3.871792078324112,0.3535533905932738,0.16294463601338807,9.999999999999999e-05,0.00017320508075688773,0.00015565378888535844,0.0002861908292107172,9448.285663028999,14746.580656727285,24870.576502849977,-1520.0379187896954,18.47,19.912726248976224,25.0,5.131816222522879,9.235188888888894,0.02712337153784117,0.0412556520000864,0.31227458357716387,0.0016168695726921757,0.0,0.0,0.0,0.0,0.0,13.625388412250045,13.626379257931413,13.629188970110189,0.0,0.0,73,73,4,73.0
product_sine_graph,gaussian_curvature,0,0.0001,1,3243585948738992117,centered_standardized_gaussian_coordinates,unperturbed_median_edge_length,81,128,3.871792078324112,0.3535533905932738,0.1629447636379952,9.999999999999999e-05,0.00017320508075688773,0.00016488992588882117,0.00036702409638121304,9448.957939778444,14747.11406898698,24870.918053883946,-1519.4183044138697,18.47,19.912726248976224,25.0,5.131816222522879,9.235188888888894,0.02092378376899604,0.03539783649740945,0.508911124209817,0.005764569073843419,0.0,0.0,0.0,0.0,0.0,13.626535633624394,13.627009200024876,13.62896965397859,0.0,0.0,73,73,4,73.0
product_sine_graph,gaussian_curvature,0,0.0001,2,12697384249809949478,centered_standardized_gaussian_coordinates,unperturbed_median_edge_length,81,128,3.871792078324112,0.3535533905932738,0.1629444895968979,9.999999999999999e-05,0.00017320508075688773,0.00013601622199747109,0.00033519570694866415,9448.817264941992,14747.000978266109,24870.71731087709,-1519.501078650604,18.47,19.912726248976224,25.0,5.131816222522879,9.235188888888894,0.025069393406735023,0.041335902940388865,0.3820997475936565,0.003523424177442208,0.0,0.0,0.0,0.0,0.0,13.6252706444865,13.62676164467145,13.628688322516078,0.0,0.0,73,73,4,73.0
product_sine_graph,gaussian_curvature,0,0.0001,3,5208566536780971247,centered_standardized_gaussian_coordinates,unperturbed_median_edge_length,81,128,3.871792078324112,0.3535533905932738,0.16294510192394351,9.999999999999999e-05,0.00017320508075688773,0.00015867155398503844,0.00033395951845066065,9448.583180018919,14746.81484008805,24871.33665242326,-1519.766927256481,18.47,19.912726248976224,25.0,5.131816222522879,9.235188888888894,0.02516813163864624,0.03849627845976562,0.4971392057839239,0.0043143363551335755,0.0,0.0,0.0,0.0,0.0,13.626688693067575,13.627974251100087,13.629506772976839,0.0,0.0,73,73,4,73.0
product_sine_graph,gaussian_curvature,0,0.001325,0,568269871771846261,centered_standardized_gaussian_coordinates,unperturbed_median_edge_length,81,128,3.871792078324112,0.3535533905932738,0.1629498618569101,0.001325,0.0022949673200287624,0.002021812374099578,0.004154829487748229,9459.45935080139,14755.413592795223,24885.300218052944,-1510.0503488206878,18.47,19.912726248976224,25.0,5.131816222522879,9.235188888888894,0.35143109080675217,0.7569170005590558,14.460704835467595,0.05397934758938066,0.0,0.0,0.0,0.0,0.0,13.572198596825556,13.572468055794497,13.585189186262834,0.0,0.0,73,73,4,73.0
product_sine_graph,gaussian_curvature,0,0.001325,1,4348376819566843934,centered_standardized_gaussian_coordinates,unperturbed_median_edge_length,81,128,3.871792078324112,0.3535533905932738,0.16295278871146937,0.0013249999999999998,0.002294967320028762,0.0020312940745629733,0.0049366069192966254,9464.941650297704,14759.78757755203,24881.521623374963,-1505.1041467570026,18.47,19.912726248976224,25.0,5.131816222522879,9.235188888888894,0.3694022110274317,0.6909218479195296,10.682110157488296,0.09226747971283353,0.0,0.0,0.0,0.0,0.0,13.543365456675357,13.574329310639913,13.60076382478836,0.0,0.0,73,73,4,73.0
product_sine_graph,gaussian_curvature,0,0.001325,2,16544236168989042349,centered_standardized_gaussian_coordinates,unperturbed_median_edge_length,81,128,3.871792078324112,0.3535533905932738,0.16294338939243977,0.001325,0.0022949673200287624,0.0020232262290383906,0.006261203970208487,9459.837894776787,14755.699666814686,24884.047312788764,-1509.8086197293721,18.47,19.912726248976224,25.0,5.131816222522879,9.235188888888894,0.3455478510159313,0.6322313395370324,13.207799571287751,0.06389958203214635,0.0,0.0,0.0,0.0,0.0,13.535721039773334,13.562306413816225,13.583867764444742,0.0,0.0,73,73,4,73.0
product_sine_graph,gaussian_curvature,0,0.001325,3,17520135774097530701,centered_standardized_gaussian_coordinates,unperturbed_median_edge_length,81,128,3.871792078324112,0.3535533905932738,0.16295394454411685,0.0013249999999999998,0.0022949673200287624,0.002036884460127217,0.005057172219155459,9464.430973859327,14759.382658920367,24877.869890611953,-1506.5906837105547,18.47,19.912726248976224,25.0,5.131816222522879,9.235188888888894,0.31299398896028685,0.6763476484730059,7.030377394477682,0.01452259950283061,0.0,0.0,0.0,0.0,0.0,13.516707946733012,13.547364512817463,13.583799367405412,0.0,0.0,73,73,4,73.0
product_sine_graph,gaussian_curvature,0,0.00255,0,10220159927190944249,centered_standardized_gaussian_coordinates,unperturbed_median_edge_length,81,128,3.871792078324112,0.3535533905932738,0.16289923517346944,0.0025500000000000006,0.004416729559300638,0.004055403052827447,0.007392098699068574,9489.961843629359,14779.568206237689,24885.632261334165,-1482.9050792912435,18.47,19.912726248976224,25.0,5.131816222522879,9.235188888888894,0.6921798072321841,1.1707993488833537,14.792748116689836,0.18524362410983747,0.0,0.0,0.0,0.0,0.0,13.50833715293517,13.516221136544454,13.550540103131398,0.0,0.0,73,73,4,73.0
product_sine_graph,gaussian_curvature,0,0.00255,1,8711870307093959534,centered_standardized_gaussian_coordinates,unperturbed_median_edge_length,81,128,3.871792078324112,0.3535533905932738,0.16294842839153323,0.0025499999999999997,0.0044167295593006365,0.003791608808668472,0.008797390882379514,9482.809554843514,14773.910829846069,24890.822461544256,-1489.250026045963,18.47,19.912726248976224,25.0,5.131816222522879,9.235188888888894,0.7703870668597367,1.2887343943535194,19.98294832678198,0.17492171753190627,0.0,0.0,0.0,0.0,0.0,13.464291299119424,13.516515842132256,13.567609047731766,0.0,0.0,73,73,4,73.0
product_sine_graph,gaussian_curvature,0,0.00255,2,13944074043144900663,centered_standardized_gaussian_coordinates,unperturbed_median_edge_length,81,128,3.871792078324112,0.3535533905932738,0.1629768083069985,0.00255,0.004416729559300637,0.004007371800451018,0.009235347964490085,9480.244955842307,14771.875638409665,24889.911047002246,-1491.6895159251255,18.47,19.912726248976224,25.0,5.131816222522879,9.235188888888894,0.6787746081331834,1.1629200767807963,19.071533784769372,0.11051072594802726,0.0,0.0,0.0,0.0,0.0,13.472362214217965,13.487733645938821,13.563354421988056,0.0,0.0,73,73,4,73.0
product_sine_graph,gaussian_curvature,0,0.00255,3,9838194763719838622,centered_standardized_gaussian_coordinates,unperturbed_median_edge_length,81,128,3.871792078324112,0.3535533905932738,0.16292074457009315,0.0025500000000000006,0.004416729559300638,0.0038265558981461396,0.008846219236875202,9471.114127812063,14764.668917617542,24889.5380369888,-1500.943028888816,18.47,19.912726248976224,25.0,5.131816222522879,9.235188888888894,0.6167110462581482,1.1523492813019487,18.698523771327018,0.09241951003304799,0.0,0.0,0.0,0.0,0.0,13.459183725026326,13.504234027267358,13.556850313671793,0.0,0.0,73,73,4,73.0
product_sine_graph,gaussian_curvature,0,0.003775,0,551297041332929968,centered_standardized_gaussian_coordinates,unperturbed_median_edge_length,81,128,3.871792078324112,0.3535533905932738,0.16294545026589963,0.0037749999999999993,0.0065384917985725115,0.005956388599003409,0.012161862733396017,9483.566298254564,14774.505864942243,24888.71123929224,-1487.6892780715987,18.47,19.912726248976224,25.0,5.131816222522879,9.235188888888894,1.004247351656651,1.5695099291367605,17.87172607476282,0.20101242460087476,0.0,0.0,0.0,0.0,0.0,13.447780610954316,13.47641890947171,13.515022829633564,0.0,0.0,73,73,4,73.0
product_sine_graph,gaussian_curvature,0,0.003775,1,11961498181138191573,centered_standardized_gaussian_coordinates,unperturbed_median_edge_length,81,128,3.871792078324112,0.3535533905932738,0.1629968356255996,0.003775,0.006538491798572512,0.005746193682476106,0.016157019718605784,9496.138394460035,14784.491358361161,24912.98794308822,-1478.1223277300019,18.47,19.912726248976224,25.0,5.131816222522879,9.235188888888894,0.8970712486978766,1.9290903470448246,42.14842987074553,0.2301019809306594,0.0,0.0,0.0,0.0,0.0,13.340606051306036,13.412033984784438,13.496558756970975,0.0,0.0,73,73,4,73.0
product_sine_graph,gaussian_curvature,0,0.003775,2,4277419201951609078,centered_standardized_gaussian_coordinates,unperturbed_median_edge_length,81,128,3.871792078324112,0.3535533905932738,0.1630263910954291,0.0037749999999999993,0.0065384917985725115,0.005734044963569302,0.014758819785791775,9480.46439547192,14772.133571964192,24914.68146633208,-1491.6410318597223,18.47,19.912726248976224,25.0,5.131816222522879,9.235188888888894,0.9633225444013169,2.1613281650637495,43.841953114603484,0.2021836840586543,0.0,0.0,0.0,0.0,0.0,13.364389136602579,13.460368397257497,13.492885565115035,0.0,0.0,73,73,4,73.0
product_sine_graph,gaussian_curvature,0,0.003775,3,12156807145636504627,centered_standardized_gaussian_coordinates,unperturbed_median_edge_length,81,128,3.871792078324112,0.3535533905932738,0.16294508159994325,0.003775,0.0065384917985725115,0.0058192801097327095,0.0116822734663115,9480.358308781128,14771.948712245754,24914.386172374452,-1491.2976733017088,18.47,19.912726248976224,25.0,5.131816222522879,9.235188888888894,0.974013153182867,2.0185422586593784,43.54665915697706,0.14428156636473335,0.0,0.0,0.0,0.0,0.0,13.332435730885802,13.377567508342663,13.503836748814377,0.0,0.0,73,73,4,73.0
product_sine_graph,gaussian_curvature,0,0.005,0,17957816201665686933,centered_standardized_gaussian_coordinates,unperturbed_median_edge_length,81,128,3.871792078324112,0.3535533905932738,0.1629116938407682,0.005,0.008660254037844387,0.007881019753056792,0.015913680984320146,9493.541151202715,14782.31505445385,24893.068688145253,-1478.423051790058,18.47,19.912726248976224,25.0,5.131816222522879,9.235188888888894,1.2835341049012283,2.0576266799963134,22.229174927776512,0.18047062202018513,0.0,0.0,0.0,0.0,0.0,13.268161675032065,13.38294518215782,13.440234503160294,0.0,0.0,73,73,4,73.0
product_sine_graph,gaussian_curvature,0,0.005,1,17753434625470738290,centered_standardized_gaussian_coordinates,unperturbed_median_edge_length,81,128,3.871792078324112,0.3535533905932738,0.1629608878842752,0.005,0.008660254037844387,0.007495031922699532,0.017679045120883922,9499.39454629221,14786.982652692102,24898.629324458478,-1474.983702882022,18.47,19.912726248976224,25.0,5.131816222522879,9.235188888888894,1.1483180529982968,2.0629455391657423,27.7898112410021,0.19050021892449778,0.0,0.0,0.0,0.0,0.0,13.258442101726992,13.354672572801215,13.50568872923055,0.0,0.0,73,73,4,73.0
product_sine_graph,gaussian_curvature,0,0.005,2,10543555955507922472,centered_standardized_gaussian_coordinates,unperturbed_median_edge_length,81,128,3.871792078324112,0.3535533905932738,0.16287258468043928,0.005,0.008660254037844388,0.00820202442157198,0.015469154032370503,9481.152803953302,14772.538497416086,24919.022308679174,-1490.8792349243824,18.47,19.912726248976224,25.0,5.131816222522879,9.235188888888894,1.273264502784754,2.507501682357804,48.182795461697424,0.23086948170994237,0.0,0.0,0.0,0.0,0.0,13.263137232081329,13.41208138812696,13.449616266307766,0.0,0.0,73,73,4,73.0
product_sine_graph,gaussian_curvature,0,0.005,3,6985462536189603508,centered_standardized_gaussian_coordinates,unperturbed_median_edge_length,81,128,3.871792078324112,0.3535533905932738,0.16293615184227586,0.005,0.008660254037844387,0.008289292092417636,0.014931066835415558,9497.945352642728,14785.863973558784,24899.21267722908,-1475.7097252982705,18.47,19.912726248976224,25.0,5.131816222522879,9.235188888888894,1.4185367360265877,2.244316232259067,28.37316401160342,0.19879600130717295,0.0,0.0,0.0,0.0,0.0,13.36235007409907,13.391860048323528,13.425374517231848,0.0,0.0,73,73,4,73.0
product_sine_graph,gaussian_curvature,1,0.0,0,17277820961095572597,centered_standardized_gaussian_coordinates,unperturbed_median_edge_length,289,512,3.871792078324112,0.3184516252539858,0.09979699122801114,0.0,0.0,0.0,0.0,1687.8556072456338,6063.983367405572,29391.95040750903,42.717465911196754,17.82,19.584347491470496,25.0,5.114972408318555,8.920311111111118,0.0,0.0,0.0,0.0,0.0,0.0,0.0,0.0,0.0,9.874961397821242,9.874961397821242,9.874961397821352,0.0,0.0,42,81,4,77.0
product_sine_graph,gaussian_curvature,1,0.0001,0,9749722760361754798,centered_standardized_gaussian_coordinates,unperturbed_median_edge_length,289,512,3.871792078324112,0.3184516252539858,0.0997969729147517,0.0001,0.00017320508075688773,0.0001597454632210692,0.00036634788224575735,1688.283767955433,6064.809302876324,29396.653830801297,43.07266455521736,17.82,19.584347491470496,25.0,5.114972408318555,8.920311111111118,0.07668396947765233,0.15583174032166403,4.703423292265143,0.010650863188524266,0.0,0.0,0.0,0.0,0.0,9.864295663147518,9.868537063121362,9.873730321077364,0.0,0.0,81,81,4,77.0
product_sine_graph,gaussian_curvature,1,0.0001,1,15062187095182617728,centered_standardized_gaussian_coordinates,unperturbed_median_edge_length,289,512,3.871792078324112,0.3184516252539858,0.09979700850466908,0.0001,0.00017320508075688773,0.0001603015053405445,0.00037815984194648305,1688.3950348338376,6065.012504683997,29389.728886565747,43.278331629287614,17.82,19.584347491470496,25.0,5.114972408318555,8.920311111111118,0.09168890680709527,0.18689864549257368,3.3002138520478184,0.016260720380583047,0.0,0.0,0.0,0.0,0.0,9.865132533048419,9.868771900681255,9.873551840276034,0.0,0.0,81,81,4,77.0
product_sine_graph,gaussian_curvature,1,0.0001,2,12767273220558050535,centered_standardized_gaussian_coordinates,unperturbed_median_edge_length,289,512,3.871792078324112,0.3184516252539858,0.09979708975334393,9.999999999999998e-05,0.0001732050807568877,0.00015932358008866453,0.00037542553270178435,1688.195116902098,6064.6469075978775,29399.26618162027,43.08342769324262,17.82,19.584347491470496,25.0,5.114972408318555,8.920311111111118,0.084117842060162,0.1927826526861805,7.315774111239989,0.014582968911321674,0.0,0.0,0.0,0.0,0.0,9.868561256532107,9.870894864510383,9.87434978119267,0.0,0.0,81,81,4,77.0
product_sine_graph,gaussian_curvature,1,0.0001,3,8591499496322631322,centered_standardized_gaussian_coordinates,unperturbed_median_edge_length,289,512,3.871792078324112,0.3184516252539858,0.0997980488943273,0.0001,0.00017320508075688776,0.00015566911734233828,0.00036639429390597543,1688.3503736660457,6064.958629619017,29390.387380928285,43.224038687053394,17.82,19.584347491470496,25.0,5.114972408318555,8.920311111111118,0.08395169879855491,0.16093021937287394,3.802654644431641,0.016224036382086412,0.0,0.0,0.0,0.0,0.0,9.865887007918614,9.869559060505585,9.87363563486977,0.0,0.0,81,81,4,77.0
product_sine_graph,gaussian_curvature,1,0.001325,0,5440917913402672654,centered_standardized_gaussian_coordinates,unperturbed_median_edge_length,289,512,3.871792078324112,0.3184516252539858,0.09979667563077475,0.0013250000000000002,0.002294967320028763,0.0020371174022526697,0.005548500659645333,1691.8957212102457,6071.903544677548,29416.02723214319,46.68263323512164,17.823333333333334,19.584432593261415,25.0,5.114958288106962,8.92193333333334,1.0600626512839102,2.0411980632107367,24.076824634158584,0.13303228504238276,0.003333333333333355,0.05773502691896276,1.0,0.0009622611402619324,0.0016666666666667884,9.790149069153513,9.813604500076103,9.85931811597132,0.0,0.0,81,81,5,77.0
product_sine_graph,gaussian_curvature,1,0.001325,1,6986154136107341615,centered_standardized_gaussian_coordinates,unperturbed_median_edge_length,289,512,3.871792078324112,0.3184516252539858,0.09979599587400072,0.001325,0.0022949673200287624,0.0019639609566538293,0.005823483036867013,1694.0014794106507,6075.8297364642685,29465.9502007015,47.441880382173835,17.826666666666668,19.584687896415403,25.0,5.114944348884072,8.923555555555563,1.1173330805362276,2.6700173644779275,91.99677799644996,0.11139426891809345,0.00666666666666671,0.11547005383792552,2.0,0.0019245222805233564,0.0033333333333337434,9.731039663199887,9.801179327833443,9.864579502703979,0.0,0.0,81,81,5,77.0
product_sine_graph,gaussian_curvature,1,0.001325,2,15832858994669658340,centered_standardized_gaussian_coordinates,unperturbed_median_edge_length,289,512,3.871792078324112,0.3184516252539858,0.09978781809752524,0.001325,0.0022949673200287624,0.0020114813463789636,0.005107209662413143,1694.2546167260934,6076.376578211335,29415.246426361056,48.92072370826493,17.826666666666668,19.584687896415403,25.0,5.114944348884072,8.923555555555563,1.1177891898959476,1.9885472185017825,23.296018852024645,0.21405541184646548,0.00666666666666671,0.11547005383792552,2.0,0.0019245222805233564,0.0033333333333337434,9.768912436384067,9.814622100695004,9.860170991097515,0.0,0.0,81,81,5,77.0
product_sine_graph,gaussian_curvature,1,0.001325,3,7376829837716580339,centered_standardized_gaussian_coordinates,unperturbed_median_edge_length,289,512,3.871792078324112,0.3184516252539858,0.0997908201556677,0.001325,0.002294967320028763,0.0020339842196236235,0.004732709744725871,1694.9851176520203,6077.6428760115405,29392.356615620207,49.79408172078588,17.833333333333336,19.585709075752145,25.0,5.114917013410296,8.926800000000007,1.1059991975001955,2.1015757886537605,40.100036300662396,0.20531849612776826,0.01333333333333342,0.23094010767585105,4.0,0.0038490445610469266,0.006666666666666543,9.763191569747205,9.821906594195315,9.868786730238606,0.0,0.0,81,81,5,77.0
product_sine_graph,gaussian_curvature,1,0.00255,0,8104744897225916285,centered_standardized_gaussian_coordinates,unperturbed_median_edge_length,289,512,3.871792078324112,0.3184516252539858,0.09979490678041845,0.0025499999999999997,0.0044167295593006365,0.0039080831359852575,0.010275419787482582,1698.7827352899485,6085.048371356992,29633.396146698586,54.30232804091493,17.826666666666668,19.584687896415403,25.0,5.114944348884072,8.923555555555563,2.081447208993158,5.482259310684204,241.4457391895521,0.36431665777367517,0.00666666666666671,0.11547005383792552,2.0,0.0019245222805233564,0.0033333333333337434,9.562501789480086,9.74738533390481,9.832838973790833,0.0,0.0,81,81,5,77.0
product_sine_graph,gaussian_curvature,1,0.00255,1,12759161689598093034,centered_standardized_gaussian_coordinates,unperturbed_median_edge_length,289,512,3.871792078324112,0.3184516252539858,0.09982436705176684,0.00255,0.004416729559300637,0.0037780326583532926,0.011380239910602231,1700.0711483612888,6087.311144368562,29506.767214549825,55.32196006810323,17.84,19.587410923005283,25.0,5.114890401908835,8.930044444444453,2.112186455587775,4.3829644402992365,114.81680704079372,0.4491032521934723,0.02000000000000013,0.34641016151377657,6.0,0.005773566841569631,0.010000000000000397,9.602514702505983,9.725887236754929,9.855209515342148,0.0,0.0,81,81,5,77.0
product_sine_graph,gaussian_curvature,1,0.00255,2,1219378411165621657,centered_standardized_gaussian_coordinates,unperturbed_median_edge_length,289,512,3.871792078324112,0.3184516252539858,0.09980295900440742,0.0025499999999999997,0.004416729559300637,0.004024996466322129,0.009701151642323535,1702.615047151517,6092.257024078927,29403.322153319685,55.6995757583906,17.85,19.591239538800668,25.0,5.114851842129368,8.934911111111118,2.131062237107244,4.294228191330415,33.03423723503329,0.33146825481362663,0.030000000000000193,0.5196152422706649,9.0,0.008660350262354632,0.015000000000000069,9.652005138365864,9.736093833050317,9.854676692186253,0.0,0.0,81,81,5,77.0
product_sine_graph,gaussian_curvature,1,0.00255,3,15618716810581370724,centered_standardized_gaussian_coordinates,unperturbed_median_edge_length,289,512,3.871792078324112,0.3184516252539858,0.09980692566151614,0.0025499999999999997,0.004416729559300637,0.00394657738096522,0.011243360086150005,1699.3272083132945,6085.456140690427,29604.62722294659,53.895898829038046,17.843333333333334,19.588517044431924,25.0,5.114877367651266,8.931666666666676,2.0794521593583273,5.117354106560335,212.6768154375577,0.35380385108855905,0.023333333333333484,0.40414518843273933,7.0,0.006735827981831137,0.011666666666667103,9.565634537657216,9.747562172270833,9.847765479177243,0.0,0.0,81,81,5,77.0
product_sine_graph,gaussian_curvature,1,0.003775,0,5539200963338780118,centered_standardized_gaussian_coordinates,unperturbed_median_edge_length,289,512,3.871792078324112,0.3184516252539858,0.09978475108765814,0.003775000000000001,0.006538491798572514,0.005611968958597865,0.0139097705767744,1701.2066121258417,6089.417686332308,29379.6500830065,57.019281162950364,17.843333333333334,19.588517044431924,25.0,5.114877367651266,8.931666666666676,3.216228426200824,6.248840359168945,58.14740627792253,0.499465950116722,0.023333333333333484,0.40414518843273933,7.0,0.006735827981831137,0.011666666666667103,9.564142659095735,9.674834410566225,9.848187716311267,0.0,0.0,83,83,5,77.0
product_sine_graph,gaussian_curvature,1,0.003775,1,16300793869554704866,centered_standardized_gaussian_coordinates,unperturbed_median_edge_length,289,512,3.871792078324112,0.3184516252539858,0.09979350278628475,0.0037749999999999997,0.0065384917985725115,0.005785049477896725,0.013007637304329958,1707.0017860483345,6099.825892460733,29544.817063903673,62.579525600338485,17.866666666666667,19.599319716085386,25.0,5.114671079464557,8.942933333333341,3.390155676865427,7.475942548449935,152.8666563946408,0.5725564995390886,0.05333333333333365,0.8679477710861052,15.0,0.015306992941848839,0.026488888888888784,9.498235026174212,9.695498854669804,9.826950455560079,0.0,0.0,81,81,6,77.0
product_sine_graph,gaussian_curvature,1,0.003775,2,11208596951966599307,centered_standardized_gaussian_coordinates,unperturbed_median_edge_length,289,512,3.871792078324112,0.3184516252539858,0.09978743784335911,0.0037750000000000006,0.006538491798572512,0.005967865109876759,0.014341763369637434,1700.9620951952181,6088.874862187263,29492.145468148337,56.63032536623243,17.86,19.596598344270536,25.0,5.114814911349802,8.939777777777785,3.0631829710982066,5.867610569567765,100.19506063930476,0.4407777008640409,0.04000000000000026,0.6928203230275531,12.0,0.01154713368313965,0.01999999999999985,9.665408187128357,9.71645599479232,9.845928076262119,0.0,0.0,81,81,5,77.0
product_sine_graph,gaussian_curvature,1,0.003775,3,11108254057201068148,centered_standardized_gaussian_coordinates,unperturbed_median_edge_length,289,512,3.871792078324112,0.3184516252539858,0.09977761345350894,0.0037750000000000006,0.006538491798572512,0.005982375926546168,0.013630276105284148,1705.0565623654816,6096.398820082812,29442.704592833048,60.76372661623593,17.85666666666667,19.594642124825857,25.0,5.114827040607458,8.938155555555564,3.177084914885061,6.176875074254485,62.144502089574246,0.4700353307758097,0.0366666666666669,0.6350852961085904,11.0,0.010584872542878007,0.018333333333333868,9.565872126264432,9.70166350663876,9.851697456339158,0.0,0.0,81,81,5,77.0
product_sine_graph,gaussian_curvature,1,0.005,0,18331994672488675698,centered_standardized_gaussian_coordinates,unperturbed_median_edge_length,289,512,3.871792078324112,0.3184516252539858,0.09982026788379818,0.005000000000000001,0.008660254037844388,0.007798721921795331,0.017553175106866516,1699.9214325217536,6086.627918193735,29581.331452096776,56.30178339578602,17.85333333333333,19.59285584084158,25.0,5.114839350867749,8.93653333333334,4.066126043937626,7.62534809730619,189.38104458774524,0.576887610243495,0.03333333333333355,0.5773502691896276,10.0,0.009622611402616232,0.01666666666666683,9.593353829807464,9.652799054900253,9.855219351286326,0.0,0.0,81,81,5,77.0
product_sine_graph,gaussian_curvature,1,0.005,1,12527377038927170101,centered_standardized_gaussian_coordinates,unperturbed_median_edge_length,289,512,3.871792078324112,0.3184516252539858,0.09980137148046064,0.005,0.008660254037844387,0.007655770156834796,0.021041493577695365,1702.363526197701,6091.709243096011,29495.2464359546,54.56763701200042,17.85666666666667,19.594642124825857,25.0,5.114827040607458,8.938155555555564,3.7858716141738493,7.346812396415232,103.29602844556757,0.28508865390821925,0.0366666666666669,0.6350852961085904,11.0,0.010584872542878007,0.018333333333333868,9.470328616691589,9.585960843584788,9.848285159092368,0.0,0.0,81,81,5,77.0
product_sine_graph,gaussian_curvature,1,0.005,2,1250412216143303655,centered_standardized_gaussian_coordinates,unperturbed_median_edge_length,289,512,3.871792078324112,0.3184516252539858,0.09978259926215817,0.004999999999999998,0.008660254037844385,0.007518199755135362,0.018109668062422146,1720.878784846483,6126.771270608035,29852.579837102425,75.80012289760916,17.85333333333333,19.59285584084158,25.0,5.114839350867749,8.93653333333334,4.014079871346276,10.0604292964355,460.62942959339307,0.9524393341612114,0.03333333333333355,0.5773502691896276,10.0,0.009622611402616232,0.01666666666666683,9.52203734999159,9.643328068784763,9.849876692914036,0.0,0.0,81,81,5,77.0
product_sine_graph,gaussian_curvature,1,0.005,3,9743935105643054301,centered_standardized_gaussian_coordinates,unperturbed_median_edge_length,289,512,3.871792078324112,0.3184516252539858,0.0998001857047766,0.005,0.008660254037844387,0.007824083365417183,0.01793174679932663,1714.5100852193477,6114.261786399638,29425.93079800509,64.05315843318088,17.87,19.597193676646665,25.0,5.115004510143274,8.944555555555564,4.435572286851677,8.492429226363296,124.87685409048663,0.41460007728531884,0.05666666666666689,0.8185352771872475,14.0,0.015970451753726807,0.02738888888888885,9.499711355780706,9.597928452817035,9.844414223759651,0.0,0.0,81,81,7,77.0
product_sine_graph,gaussian_curvature,2,0.0,0,17421218275916580291,centered_standardized_gaussian_coordinates,unperturbed_median_edge_length,1089,2048,3.871792078324112,0.17105294328577425,0.05273582244373538,0.0,0.0,0.0,0.0,257.6416082484864,2124.6725362730613,47476.39398467526,24.022986719967708,15.206666666666667,18.103406677565783,25.0,4.862979877263188,7.699333333333347,0.0,0.0,0.0,0.0,0.0,0.0,0.0,0.0,0.0,9.156456042400311,9.156456042400311,9.186804082658096,0.0,0.0,30,81,5,81.0
product_sine_graph,gaussian_curvature,2,0.0001,0,15373242999159373131,centered_standardized_gaussian_coordinates,unperturbed_median_edge_length,1089,2048,3.871792078324112,0.17105294328577425,0.052735752568488996,9.999999999999999e-05,0.00017320508075688773,0.00014966130118783538,0.00040056958144880987,257.67320490806725,2124.843450011612,47476.56055517275,24.08343836866325,15.236666666666668,18.10828539646976,25.0,4.864089239118782,7.712333333333347,0.15699315807491893,0.4219350758768173,9.12119412456741,0.010606523701282922,0.030000000000000193,0.42031734043061775,7.0,0.007700324668479888,0.014999999999999902,9.147707073782719,9.154416873849765,9.187479112495566,0.0,0.0,81,81,7,81.0
product_sine_graph,gaussian_curvature,2,0.0001,1,12874066119924536147,centered_standardized_gaussian_coordinates,unperturbed_median_edge_length,1089,2048,3.871792078324112,0.17105294328577425,0.0527358620667799,0.00010000000000000003,0.00017320508075688778,0.00015678613331248194,0.00037562359787133876,257.66897457790714,2124.803330341543,47462.86058684993,24.080338719833453,15.226666666666667,18.106720667567977,25.0,4.862915729538464,7.7080000000000135,0.16676102145289634,0.5161346550628845,22.064743583359814,0.007290318375464078,0.02000000000000013,0.34641016151377657,6.0,0.00577356684156976,0.010000000000000009,9.149339339773093,9.15483231754647,9.18719985590428,0.0,0.0,81,81,6,81.0
product_sine_graph,gaussian_curvature,2,0.0001,2,3426143906610256026,centered_standardized_gaussian_coordinates,unperturbed_median_edge_length,1089,2048,3.871792078324112,0.17105294328577425,0.05273576117579509,0.00010000000000000003,0.00017320508075688778,0.00015326316086855312,0.000440655849339077,257.66788150754917,2124.820755135567,47481.3520143536,24.047894155882027,15.236666666666668,18.110862302312757,25.0,4.862886225906497,7.712333333333347,0.15802507644704666,0.39793288598725607,7.235458033697796,0.004612635611118579,0.030000000000000193,0.5196152422706649,9.0,0.008660350262354724,0.014999999999999902,9.148086958975002,9.154731287996904,9.187432060370645,0.0,0.0,81,81,6,81.0
product_sine_graph,gaussian_curvature,2,0.0001,3,7039601260784315435,centered_standardized_gaussian_coordinates,unperturbed_median_edge_length,1089,2048,3.871792078324112,0.17105294328577425,0.05273580688109798,9.999999999999994e-05,0.00017320508075688762,0.0001533922374792516,0.00038964312792803493,257.6765074663579,2124.8527511474267,47474.914585184,24.04320288580681,15.243333333333334,18.11270272488344,25.0,4.8634686774781155,7.715222222222235,0.17151330618314892,0.44946090928338744,5.839655166122611,0.003798841801751148,0.0366666666666669,0.5802298395176422,10.0,0.010025721036639557,0.018333333333333757,9.146150771993065,9.154241600404424,9.18800364120211,0.0,0.0,81,81,7,81.0
product_sine_graph,gaussian_curvature,2,0.001325,0,16741458129633253106,centered_standardized_gaussian_coordinates,unperturbed_median_edge_length,1089,2048,3.871792078324112,0.17105294328577425,0.05273501158388284,0.0013250000000000007,0.0022949673200287632,0.0020691988721982554,0.005488689895923052,258.2602978459724,2127.0596345576478,47632.96738325976,24.502590077036547,15.256666666666668,18.115279002359674,25.0,4.864248811661365,7.720555555555569,2.0446208636199485,5.226110145286616,156.5733985845036,0.05956153198273362,0.056666666666667004,0.772442015083767,13.0,0.014436836315423938,0.025000000000000355,9.022752101622943,9.12549028135978,9.211222650072674,0.0,0.0,97,97,8,81.0
product_sine_graph,gaussian_curvature,2,0.001325,1,12715104036760286624,centered_standardized_gaussian_coordinates,unperturbed_median_edge_length,1089,2048,3.871792078324112,0.17105294328577425,0.05273746115616081,0.0013249999999999996,0.002294967320028762,0.002010262710737978,0.005961310682814442,258.3349416726355,2126.9476539957677,47590.86910902419,24.786564024232227,15.263333333333334,18.116750996430532,25.0,4.864447922559797,7.723000000000013,2.146642556650667,6.04534090147488,141.29739287669418,0.11317048384150452,0.0700000000000004,0.9036961141150668,15.0,0.017438787122283198,0.030099999999999964,9.051304330381335,9.121448645242149,9.197019447376212,0.0,0.0,103,103,8,81.0
product_sine_graph,gaussian_curvature,2,0.001325,2,6249410000756677188,centered_standardized_gaussian_coordinates,unperturbed_median_edge_length,1089,2048,3.871792078324112,0.17105294328577425,0.052734906840563096,0.0013250000000000007,0.0022949673200287637,0.0020396828508544933,0.0057083726895129005,258.3647274657883,2127.138284772961,47547.66637878075,24.454036534820446,15.280000000000001,18.122361876973986,25.0,4.867955027925945,7.727777777777791,2.157292205700212,5.981381661817112,130.35836020604256,0.06189154986577228,0.08000000000000046,0.916515138991171,13.0,0.017765011620037574,0.03666666666666685,9.033079137063853,9.124747090010844,9.21902081565602,0.0,0.0,99,99,9,81.0
product_sine_graph,gaussian_curvature,2,0.001325,3,10892525693987078460,centered_standardized_gaussian_coordinates,unperturbed_median_edge_length,1089,2048,3.871792078324112,0.17105294328577425,0.05273557427976821,0.001325,0.002294967320028763,0.0020312760200809003,0.005210835647566887,258.58088222652736,2128.1468650762154,47512.25738708154,24.683232019228402,15.280000000000001,18.12548849916419,25.0,4.867197590750496,7.7306666666666795,2.306025486587949,6.1611614924359674,143.45602594979937,0.05697002511920088,0.08000000000000049,0.9831920802501782,15.0,0.019432123080287064,0.0366666666666664,9.07420311754113,9.132635127061718,9.219292301682783,0.0,0.0,101,101,8,81.0
product_sine_graph,gaussian_curvature,2,0.00255,0,18244549543198951862,centered_standardized_gaussian_coordinates,unperturbed_median_edge_length,1089,2048,3.871792078324112,0.17105294328577425,0.05273550225269554,0.002550000000000001,0.004416729559300639,0.00396799471687589,0.009930586956666335,259.17370998857615,2128.841756864158,47937.93241602404,25.705178377614065,15.263333333333335,18.106260427450685,25.0,4.864033133823637,7.717255555555569,3.9997351640688765,10.662488197797494,461.5384313487848,0.3401175805988077,0.09666666666666707,1.0311805532172043,16.0,0.019970361269092927,0.03583333333333325,8.894591941536117,9.098967343681174,9.24015651396256,0.0,0.0,105,105,10,81.0
product_sine_graph,gaussian_curvature,2,0.00255,1,9066020946416524994,centered_standardized_gaussian_coordinates,unperturbed_median_edge_length,1089,2048,3.871792078324112,0.17105294328577425,0.05273491951911697,0.0025500000000000006,0.004416729559300638,0.003929737864879658,0.010577331621209355,259.1323308097072,2129.172193775741,47487.38416697066,25.076898274970567,15.273333333333333,18.11297877214016,25.0,4.865980549579798,7.72246666666668,4.461047169307947,12.443845597534386,340.94156048471814,0.09189618992994034,0.09333333333333377,0.9865765724632525,15.0,0.019026063994193078,0.03439999999999994,8.905309767576112,9.084758961002146,9.251704352332707,0.0,0.0,101,101,10,81.0
product_sine_graph,gaussian_curvature,2,0.00255,2,5652507408919779824,centered_standardized_gaussian_coordinates,unperturbed_median_edge_length,1089,2048,3.871792078324112,0.17105294328577425,0.05273477486494787,0.0025500000000000006,0.004416729559300637,0.003854040750340301,0.011903342890580905,258.9574582596455,2128.078035492497,48808.96465907284,25.402779506141545,15.270000000000001,18.114542960468714,25.0,4.865466424007895,7.725000000000013,4.284720369426446,14.874331873361285,1332.5706743975825,0.3084574749865717,0.09000000000000047,1.0344080432788632,16.0,0.021294900276305068,0.03869999999999992,8.984393165836464,9.080738962849503,9.246465949491858,0.0,0.0,101,101,8,81.0
product_sine_graph,gaussian_curvature,2,0.00255,3,2727862593859727586,centered_standardized_gaussian_coordinates,unperturbed_median_edge_length,1089,2048,3.871792078324112,0.17105294328577425,0.05273631027208538,0.0025500000000000024,0.004416729559300641,0.003872481567129403,0.010869483667779642,259.9223224187707,2132.496194433013,47994.603124741734,25.82570170917523,15.270000000000001,18.114358945322905,25.0,4.8664514574963915,7.725444444444458,4.298983360992285,11.998537193906703,518.2091400664758,0.2795511441655381,0.08333333333333379,0.9469248474227889,14.0,0.01956598259472549,0.03583333333333325,8.938065353011966,9.10347301175847,9.254931663607985,0.0,0.0,107,107,8,81.0
product_sine_graph,gaussian_curvature,2,0.003775,0,11617495847943334525,centered_standardized_gaussian_coordinates,unperturbed_median_edge_length,1089,2048,3.871792078324112,0.17105294328577425,0.05273567895273831,0.0037749999999999997,0.006538491798572512,0.005804214453947835,0.01569438825023779,261.3380015879907,2134.0446775341384,47700.29206201549,25.833202608218137,15.263333333333335,18.098526643532804,25.0,4.865229827189938,7.7197444444444585,6.493816175209337,17.473915900442478,370.86107086004904,0.2589201743552466,0.11000000000000049,1.034408043278863,15.0,0.022215293827347136,0.04124444444444457,8.873247694216708,9.051070873040688,9.277528500976878,0.0,0.0,117,117,12,81.0
product_sine_graph,gaussian_curvature,2,0.003775,1,7531214485561209125,centered_standardized_gaussian_coordinates,unperturbed_median_edge_length,1089,2048,3.871792078324112,0.17105294328577425,0.05272996269528136,0.003774999999999997,0.006538491798572508,0.005711064427255422,0.015760136056195216,259.8637298593544,2129.1881998640656,47981.450531623566,24.817809056266206,15.263333333333334,18.094105854301468,25.0,4.865045722083503,7.718900000000014,6.204864407224354,17.73078328776183,511.7469750805285,0.07975115755358977,0.12333333333333382,1.1298967504452226,16.0,0.024980455323075152,0.04693333333333344,8.80151365853172,9.029600253600503,9.282150139092492,0.0,0.0,109,109,11,81.0
product_sine_graph,gaussian_curvature,2,0.003775,2,9102413927356261957,centered_standardized_gaussian_coordinates,unperturbed_median_edge_length,1089,2048,3.871792078324112,0.17105294328577425,0.05273766869121141,0.0037749999999999984,0.00653849179857251,0.005748997660007026,0.015610860719757364,260.7109893356567,2132.315490172503,48458.01475453608,24.48559172475597,15.286666666666669,18.106904760339354,25.0,4.868278837696524,7.729333333333347,6.66438845626298,19.92569083060026,981.6207698608268,0.13973644431886773,0.1400000000000005,1.2220201853215604,16.0,0.024608336103062664,0.04551111111111113,8.82388327983931,9.04597588610581,9.258461255625923,0.0,0.0,113,113,12,81.0
product_sine_graph,gaussian_curvature,2,0.003775,3,16942048206378341339,centered_standardized_gaussian_coordinates,unperturbed_median_edge_length,1089,2048,3.871792078324112,0.17105294328577425,0.05273975290593486,0.0037749999999999984,0.006538491798572509,0.0058401342071419705,0.01605162037569669,260.85703120885205,2135.816244765468,48419.9225593881,25.8200037699428,15.296666666666669,18.12889038707738,25.0,4.868225481607615,7.737677777777791,5.974766144765497,17.363848094294426,943.52857471284,0.3370623229262011,0.11000000000000049,1.135781669160058,17.0,0.01982627065866022,0.04500000000000015,8.819446671679803,9.020711570192683,9.283631488038747,0.0,0.0,107,107,9,81.0
product_sine_graph,gaussian_curvature,2,0.005,0,17488132884900236002,centered_standardized_gaussian_coordinates,unperturbed_median_edge_length,1089,2048,3.871792078324112,0.17105294328577425,0.05273634758046348,0.005000000000000001,0.008660254037844387,0.00764520015524872,0.02060575628558053,260.797835413288,2133.348084309152,48164.07364003223,25.49835903009912,15.27,18.10128908853363,25.0,4.864823866124617,7.722800000000014,7.482804603640684,21.10363852116679,687.6796553569693,0.24005081696443664,0.11666666666666703,1.0472185381603365,16.0,0.018800236952363474,0.03245555555555551,8.645163762691997,9.028338750036252,9.287512656996201,0.0,0.0,111,111,13,81.0
product_sine_graph,gaussian_curvature,2,0.005,1,181037543903461537,centered_standardized_gaussian_coordinates,unperturbed_median_edge_length,1089,2048,3.871792078324112,0.17105294328577425,0.052739582632961135,0.005000000000000002,0.00866025403784439,0.007730051128917005,0.023164100348885077,262.6126381705629,2138.9924072557505,47720.34398740286,25.86350987934177,15.3,18.124017214734707,25.0,4.8700727459773265,7.73786666666668,8.065179892976124,21.248930801923144,420.4209510752844,0.19858543490821923,0.12666666666666718,1.2138094304022118,16.0,0.02405772379245545,0.046666666666666634,8.769082413719953,9.00109050406572,9.255669637087387,0.0,0.0,117,117,10,81.0
product_sine_graph,gaussian_curvature,2,0.005,2,4897439721137136360,centered_standardized_gaussian_coordinates,unperturbed_median_edge_length,1089,2048,3.871792078324112,0.17105294328577425,0.052737654022517684,0.004999999999999999,0.008660254037844385,0.0074508279421567035,0.0228520016375563,261.17101100441994,2134.122576610159,48333.467294331174,25.12739816178607,15.306666666666668,18.119602644649802,25.0,4.869405320220593,7.737600000000014,8.905977462369231,24.41897600092285,857.0733096559161,0.2912963696696693,0.15333333333333382,1.267543556122106,17.0,0.020627920668626013,0.0499999999999996,8.688346713621739,8.975612137467385,9.304520485777694,0.0,0.0,109,109,14,81.0
product_sine_graph,gaussian_curvature,2,0.005,3,6441157633324971687,centered_standardized_gaussian_coordinates,unperturbed_median_edge_length,1089,2048,3.871792078324112,0.17105294328577425,0.05274062758313953,0.004999999999999999,0.008660254037844385,0.007808109451327349,0.0197717647426835,261.1643786257905,2135.146143201942,48342.635987616864,26.17164358193817,15.280000000000001,18.1030384190058,25.0,4.867807641221476,7.727200000000014,8.035255726740845,23.32589076843185,866.2420029416062,0.33516961629376973,0.12666666666666712,1.0614455552060467,14.0,0.020383304311376638,0.036688888888888806,8.68125808414164,8.9709468905097,9.276965982791173,0.0,0.0,109,109,13,81.0
product_sine_graph,mean_curvature,0,0.0,0,17111275725675473230,centered_standardized_gaussian_coordinates,unperturbed_median_edge_length,81,128,3.871792078324112,0.3535533905932738,0.16294447684196145,0.0,0.0,0.0,0.0,36.162806935536295,70.90149245072399,145.56414533906513,0.15513683311147197,9.709999999999999,14.022006513572391,56.0,2.342080739388555,4.8550000000000075,0.0,0.0,0.0,0.0,0.0,0.0,0.0,0.0,0.0,13.633022225366389,13.633022225366389,13.633022225366389,0.0,0.0,16,21,4,15.0
product_sine_graph,mean_curvature,0,0.0001,0,15182012807746676220,centered_standardized_gaussian_coordinates,unperturbed_median_edge_length,81,128,3.871792078324112,0.3535533905932738,0.16294463601338807,9.999999999999999e-05,0.00017320508075688773,0.00015565378888535844,0.0002861908292107172,36.16385007061315,70.90182829625124,145.5648342009256,0.15612081734344585,9.7,14.019510214934991,56.0,2.341809242546751,4.851088888888896,0.0013170205770537571,0.002171878373852994,0.016506501314395905,-2.340965305589375e-05,0.023333333333333484,0.40414518843273933,7.0,0.006735827981831183,0.011666666666667602,13.625388412250045,13.626379257931413,13.629188970110189,0.0,0.0,26,27,4,15.0
product_sine_graph,mean_curvature,0,0.0001,1,3243585948738992117,centered_standardized_gaussian_coordinates,unperturbed_median_edge_length,81,128,3.871792078324112,0.3535533905932738,0.1629447636379952,9.999999999999999e-05,0.00017320508075688773,0.00016488992588882117,0.00036702409638121304,36.1641479646422,70.90210544585452,145.56490890341516,0.1549581106279163,9.7,14.019510214934991,56.0,2.341809242546751,4.851088888888896,0.0014970052525786206,0.0024453218339952603,0.01460994074266786,9.792066465274961e-05,0.023333333333333484,0.40414518843273933,7.0,0.006735827981831183,0.011666666666667602,13.626535633624394,13.627009200024876,13.62896965397859,0.0,0.0,26,27,4,15.0
product_sine_graph,mean_curvature,0,0.0001,2,12697384249809949478,centered_standardized_gaussian_coordinates,unperturbed_median_edge_length,81,128,3.871792078324112,0.3535533905932738,0.1629444895968979,9.999999999999999e-05,0.00017320508075688773,0.00013601622199747109,0.00033519570694866415,36.163827065755086,70.90186789762315,145.56496358791307,0.15499934934942594,9.696666666666665,14.01915356455826,56.0,2.3419232299192503,4.84833333333334,0.0013107989369683575,0.0023708544488549536,0.02215033621537188,0.00010465900152152108,0.01333333333333342,0.23094010767585105,4.0,0.0038490445610464426,0.006666666666667653,13.6252706444865,13.62676164467145,13.628688322516078,0.0,0.0,27,27,5,15.0
product_sine_graph,mean_curvature,0,0.0001,3,5208566536780971247,centered_standardized_gaussian_coordinates,unperturbed_median_edge_length,81,128,3.871792078324112,0.3535533905932738,0.16294510192394351,9.999999999999999e-05,0.00017320508075688773,0.00015867155398503844,0.00033395951845066065,36.16414425543546,70.90198268602987,145.5647011149113,0.15532767395190916,9.696666666666665,14.01915356455826,56.0,2.3418468435625184,4.849433333333342,0.001386724805690652,0.002374023364780086,0.015389597324922732,-8.345822146195222e-05,0.02000000000000013,0.34641016151377657,6.0,0.005773566841569881,0.009999999999999426,13.626688693067575,13.627974251100087,13.629506772976839,0.0,0.0,25,25,5,15.0
product_sine_graph,mean_curvature,0,0.001325,0,568269871771846261,centered_standardized_gaussian_coordinates,unperturbed_median_edge_length,81,128,3.871792078324112,0.3535533905932738,0.1629498618569101,0.001325,0.0022949673200287624,0.002021812374099578,0.004154829487748229,36.17601419746475,70.90544698580226,145.57351772798637,0.15524101662430745,9.693333333333332,14.019034679083052,56.0,2.341884839359756,4.847777777777787,0.019326748396398193,0.035103306069906734,0.30461170816139216,0.0017370419047524849,0.016666666666666774,0.2886751345948138,5.0,0.004811305701308407,0.008333333333332554,13.572198596825556,13.572468055794497,13.585189186262834,0.0,0.0,27,27,5,15.0
product_sine_graph,mean_curvature,0,0.001325,1,4348376819566843934,centered_standardized_gaussian_coordinates,unperturbed_median_edge_length,81,128,3.871792078324112,0.3535533905932738,0.16295278871146937,0.0013249999999999998,0.002294967320028762,0.0020312940745629733,0.0049366069192966254,36.179777670288516,70.90764060557099,145.57159544214255,0.14800563942156053,9.703333333333333,14.020104612068101,56.0,2.342001195247159,4.8516666666666755,0.01951129299621318,0.03355900511704281,0.1769338998546015,-0.002054444101196989,0.00666666666666671,0.11547005383792552,2.0,0.0019245222805233868,0.003333333333332633,13.543365456675357,13.574329310639913,13.60076382478836,0.0,0.0,25,27,5,15.0
product_sine_graph,mean_curvature,0,0.001325,2,16544236168989042349,centered_standardized_gaussian_coordinates,unperturbed_median_edge_length,81,128,3.871792078324112,0.3535533905932738,0.16294338939243977,0.001325,0.0022949673200287624,0.0020232262290383906,0.006261203970208487,36.17597399972988,70.9061557701064,145.57240690385953,0.1667076300399568,9.693333333333332,14.019034679083052,56.0,2.341884839359756,4.847777777777787,0.018156581220250573,0.029693215343187286,0.1655605222928198,0.0006322879022140789,0.016666666666666774,0.2886751345948138,5.0,0.004811305701308407,0.008333333333332554,13.535721039773334,13.562306413816225,13.583867764444742,0.0,0.0,27,27,5,15.0
product_sine_graph,mean_curvature,0,0.001325,3,17520135774097530701,centered_standardized_gaussian_coordinates,unperturbed_median_edge_length,81,128,3.871792078324112,0.3535533905932738,0.16295394454411685,0.0013249999999999998,0.0022949673200287624,0.002036884460127217,0.005057172219155459,36.183529115630655,70.9110568333223,145.57565765383669,0.169770333339617,9.7,14.02830472057594,56.0,2.3422922946156115,4.8500000000000085,0.02047683974826977,0.052688982389363204,0.5267641576832318,0.0034881231069911864,0.016666666666666746,0.23804761428476237,4.0,0.004546524471908773,0.008277777777778578,13.516707946733012,13.547364512817463,13.583799367405412,0.0,0.0,29,29,6,15.0
product_sine_graph,mean_curvature,0,0.00255,0,10220159927190944249,centered_standardized_gaussian_coordinates,unperturbed_median_edge_length,81,128,3.871792078324112,0.3535533905932738,0.16289923517346944,0.0025500000000000006,0.004416729559300638,0.004055403052827447,0.007392098699068574,36.194638800644846,70.91672273713355,145.57997235676436,0.12198414829984827,9.693333333333332,14.019034679083052,56.0,2.341884839359756,4.847777777777787,0.03361867277137555,0.059745878146658146,0.3567668057596354,-0.008113419019832386,0.016666666666666774,0.2886751345948138,5.0,0.004811305701308407,0.008333333333332554,13.50833715293517,13.516221136544454,13.550540103131398,0.0,0.0,26,27,5,15.0
product_sine_graph,mean_curvature,0,0.00255,1,8711870307093959534,centered_standardized_gaussian_coordinates,unperturbed_median_edge_length,81,128,3.871792078324112,0.3535533905932738,0.16294842839153323,0.0025499999999999997,0.0044167295593006365,0.003791608808668472,0.008797390882379514,36.195931466092304,70.91472169528927,145.57713724946737,0.13617916151011933,9.693333333333332,14.019034679083052,56.0,2.341884839359756,4.847777777777787,0.03858707280589354,0.07000415227499236,0.41728743949614966,-0.01067972004490591,0.016666666666666774,0.2886751345948138,5.0,0.004811305701308407,0.008333333333332554,13.464291299119424,13.516515842132256,13.567609047731766,0.0,0.0,25,25,5,15.0
product_sine_graph,mean_curvature,0,0.00255,2,13944074043144900663,centered_standardized_gaussian_coordinates,unperturbed_median_edge_length,81,128,3.871792078324112,0.3535533905932738,0.1629768083069985,0.00255,0.004416729559300637,0.004007371800451018,0.009235347964490085,36.1930999089256,70.9151609289534,145.5837472320678,0.19224556449001717,9.693333333333332,14.019034679083052,56.0,2.341884839359756,4.847777777777787,0.03557746182495658,0.05898062193743849,0.30798528016715565,5.3729823496660836e-05,0.016666666666666774,0.2886751345948138,5.0,0.004811305701308407,0.008333333333332554,13.472362214217965,13.487733645938821,13.563354421988056,0.0,0.0,26,27,5,15.0
product_sine_graph,mean_curvature,0,0.00255,3,9838194763719838622,centered_standardized_gaussian_coordinates,unperturbed_median_edge_length,81,128,3.871792078324112,0.3535533905932738,0.16292074457009315,0.0025500000000000006,0.004416729559300638,0.0038265558981461396,0.008846219236875202,36.19416970323974,70.91281339963044,145.57068622204767,0.16443039528340897,9.693333333333332,14.019034679083052,56.0,2.341884839359756,4.847777777777787,0.03615442860077006,0.06011123320245631,0.4081613928512251,0.0029933191832190106,0.016666666666666774,0.2886751345948138,5.0,0.004811305701308407,0.008333333333332554,13.459183725026326,13.504234027267358,13.556850313671793,0.0,0.0,25,25,5,15.0
product_sine_graph,mean_curvature,0,0.003775,0,551297041332929968,centered_standardized_gaussian_coordinates,unperturbed_median_edge_length,81,128,3.871792078324112,0.3535533905932738,0.16294545026589963,0.0037749999999999993,0.0065384917985725115,0.005956388599003409,0.012161862733396017,36.195318226469155,70.91070917372437,145.58559258377858,0.17375789083467374,9.696666666666665,14.01915356455826,56.0,2.3419232299192503,4.84833333333334,0.04791415244572409,0.07525587152994836,0.3900193808149659,-0.003736411733113409,0.01333333333333342,0.23094010767585105,4.0,0.0038490445610464426,0.006666666666667653,13.447780610954316,13.47641890947171,13.515022829633564,0.0,0.0,25,25,5,15.0
product_sine_graph,mean_curvature,0,0.003775,1,11961498181138191573,centered_standardized_gaussian_coordinates,unperturbed_median_edge_length,81,128,3.871792078324112,0.3535533905932738,0.1629968356255996,0.003775,0.006538491798572512,0.005746193682476106,0.016157019718605784,36.210852050129304,70.92334713298233,145.59138331640202,0.1862672213208736,9.693333333333332,14.019034679083052,56.0,2.341884839359756,4.847777777777787,0.05227171624640716,0.0920322638249623,0.685338754906013,-0.0008895266345010609,0.016666666666666774,0.2886751345948138,5.0,0.004811305701308407,0.008333333333332554,13.340606051306036,13.412033984784438,13.496558756970975,0.0,0.0,24,25,5,15.0
product_sine_graph,mean_curvature,0,0.003775,2,4277419201951609078,centered_standardized_gaussian_coordinates,unperturbed_median_edge_length,81,128,3.871792078324112,0.3535533905932738,0.1630263910954291,0.0037749999999999993,0.0065384917985725115,0.005734044963569302,0.014758819785791775,36.197714584891564,70.91561450930584,145.58936571222188,0.10286586111642215,9.696666666666665,14.018202452525784,56.0,2.3416804163077782,4.848333333333342,0.04122985421379885,0.06452929885021108,0.3398896497672279,-0.0032306306035601844,0.01333333333333342,0.18257418583505597,3.0,0.002283506797051712,0.0066666666666659324,13.364389136602579,13.460368397257497,13.492885565115035,0.0,0.0,25,25,6,15.0
product_sine_graph,mean_curvature,0,0.003775,3,12156807145636504627,centered_standardized_gaussian_coordinates,unperturbed_median_edge_length,81,128,3.871792078324112,0.3535533905932738,0.16294508159994325,0.003775,0.0065384917985725115,0.0058192801097327095,0.0116822734663115,36.20323360847219,70.91219265499662,145.58538296013845,0.17858876301595572,9.696666666666665,14.01915356455826,56.0,2.3419232299192503,4.84833333333334,0.05271781519274811,0.08153121570389764,0.4467559112027075,-0.0028755460097092587,0.01333333333333342,0.23094010767585105,4.0,0.0038490445610464426,0.006666666666667653,13.332435730885802,13.377567508342663,13.503836748814377,0.0,0.0,27,27,5,15.0
product_sine_graph,mean_curvature,0,0.005,0,17957816201665686933,centered_standardized_gaussian_coordinates,unperturbed_median_edge_length,81,128,3.871792078324112,0.3535533905932738,0.1629116938407682,0.005,0.008660254037844387,0.007881019753056792,0.015913680984320146,36.21202855000833,70.91134112536828,145.58080331816703,0.14631949130850863,9.693333333333332,14.025928370937397,56.0,2.3416511866278076,4.847777777777787,0.0800183902406181,0.1348854764357733,0.9412667421085352,-0.003972933288653599,0.030000000000000165,0.3696845502136484,6.0,0.005062744176908942,0.011666666666665854,13.268161675032065,13.38294518215782,13.440234503160294,0.0,0.0,23,23,7,15.0
product_sine_graph,mean_curvature,0,0.005,1,17753434625470738290,centered_standardized_gaussian_coordinates,unperturbed_median_edge_length,81,128,3.871792078324112,0.3535533905932738,0.1629608878842752,0.005,0.008660254037844387,0.007495031922699532,0.017679045120883922,36.214610323866154,70.92184837958143,145.58782003543647,0.13403525893348522,9.703333333333331,14.037687368889028,56.0,2.3425863944216117,4.852744444444454,0.06473326984982389,0.11835135732169813,1.0569750523545984,-0.0026196104379482004,0.026666666666666783,0.36514837167011177,6.0,0.0072017373304042506,0.01324444444444571,13.258442101726992,13.354672572801215,13.50568872923055,0.0,0.0,28,29,5,15.0
product_sine_graph,mean_curvature,0,0.005,2,10543555955507922472,centered_standardized_gaussian_coordinates,unperturbed_median_edge_length,81,128,3.871792078324112,0.3535533905932738,0.16287258468043928,0.005,0.008660254037844388,0.00820202442157198,0.015469154032370503,36.20814496742847,70.91036233853231,145.58086099169037,0.17681323847212838,9.693333333333332,14.017845768876182,56.0,2.3415643622483384,4.847777777777787,0.06144536372773372,0.0895636924395735,0.33377573908609115,-0.007604495391793344,0.023333333333333484,0.3511884584284258,6.0,0.005113455581457747,0.011666666666665854,13.263137232081329,13.41208138812696,13.449616266307766,0.0,0.0,23,23,6,15.0
product_sine_graph,mean_curvature,0,0.005,3,6985462536189603508,centered_standardized_gaussian_coordinates,unperturbed_median_edge_length,81,128,3.871792078324112,0.3535533905932738,0.16293615184227586,0.005,0.008660254037844387,0.008289292092417636,0.014931066835415558,36.217302770766,70.91973812383222,145.59524916498648,0.1391181637553931,9.693333333333332,14.017845768876182,56.0,2.341641336834144,4.846666666666675,0.07152423637565014,0.10782795596121421,0.5167554204622462,0.0038024413118397022,0.016666666666666774,0.23804761428476243,4.0,0.0032156158329603324,0.008333333333332887,13.36235007409907,13.391860048323528,13.425374517231848,0.0,0.0,26,27,6,15.0
product_sine_graph,mean_curvature,1,0.0,0,17277820961095572597,centered_standardized_gaussian_coordinates,unperturbed_median_edge_length,289,512,3.871792078324112,0.3184516252539858,0.09979699122801114,0.0,0.0,0.0,0.0,9.348424475958623,26.415404874449443,134.59856000090352,0.06874679939954328,9.369999999999997,13.21879974379923,56.0,2.2767923470588047,4.645955555555561,0.0,0.0,0.0,0.0,0.0,0.0,0.0,0.0,0.0,9.874961397821242,9.874961397821242,9.874961397821352,0.0,0.0,55,63,9,59.0
product_sine_graph,mean_curvature,1,0.0001,0,9749722760361754798,centered_standardized_gaussian_coordinates,unperturbed_median_edge_length,289,512,3.871792078324112,0.3184516252539858,0.0997969729147517,0.0001,0.00017320508075688773,0.0001597454632210692,0.00036634788224575735,9.35103560805669,26.41625798829259,134.60240877729396,0.06891980796817009,9.353333333333332,13.215647291500074,56.0,2.2763847284349525,4.638400000000004,0.0059892628336086755,0.008122278378485406,0.03810839352408735,5.8973873445230455e-05,0.016666666666666774,0.2886751345948138,5.0,0.004811305701307689,0.008333333333335385,9.864295663147518,9.868537063121362,9.873730321077364,0.0,0.0,63,63,10,59.0
product_sine_graph,mean_curvature,1,0.0001,1,15062187095182617728,centered_standardized_gaussian_coordinates,unperturbed_median_edge_length,289,512,3.871792078324112,0.3184516252539858,0.09979700850466908,0.0001,0.00017320508075688773,0.0001603015053405445,0.00037815984194648305,9.3487050812637,26.414736422127376,134.6014505663547,0.06911742050755904,9.359999999999998,13.216151734399336,56.0,2.276546564444122,4.6414222222222286,0.005934268768241489,0.008576511518170167,0.09419992642957098,-0.0002523959328022226,0.010000000000000064,0.17320508075688829,3.0,0.002886783420785033,0.004999999999999477,9.865132533048419,9.868771900681255,9.873551840276034,0.0,0.0,63,63,10,59.0
product_sine_graph,mean_curvature,1,0.0001,2,12767273220558050535,centered_standardized_gaussian_coordinates,unperturbed_median_edge_length,289,512,3.871792078324112,0.3184516252539858,0.09979708975334393,9.999999999999998e-05,0.0001732050807568877,0.00015932358008866453,0.00037542553270178435,9.348670387226022,26.41476041864695,134.59990867386438,0.06875310424119986,9.359999999999998,13.216151734399336,56.0,2.2762245080820653,4.635377777777784,0.006513899843233627,0.008671233302066456,0.04315088202482542,7.894851451569867e-05,0.023333333333333484,0.40414518843273933,7.0,0.0067358279818311925,0.011666666666667158,9.868561256532107,9.870894864510383,9.87434978119267,0.0,0.0,63,63,9,59.0
product_sine_graph,mean_curvature,1,0.0001,3,8591499496322631322,centered_standardized_gaussian_coordinates,unperturbed_median_edge_length,289,512,3.871792078324112,0.3184516252539858,0.0997980488943273,0.0001,0.00017320508075688776,0.00015566911734233828,0.00036639429390597543,9.349441071219463,26.41529431494803,134.60100902235155,0.06855557777422643,9.353333333333332,13.215647291500074,56.0,2.2763847284349525,4.638400000000004,0.005666392444657235,0.0076919932262620085,0.052952958313760234,-8.536272581036517e-05,0.016666666666666774,0.2886751345948138,5.0,0.004811305701307689,0.008333333333335385,9.865887007918614,9.869559060505585,9.87363563486977,0.0,0.0,63,63,10,59.0
product_sine_graph,mean_curvature,1,0.001325,0,5440917913402672654,centered_standardized_gaussian_coordinates,unperturbed_median_edge_length,289,512,3.871792078324112,0.3184516252539858,0.09979667563077475,0.0013250000000000002,0.002294967320028763,0.0020371174022526697,0.005548500659645333,9.350135135316425,26.410213274611714,134.61596068871313,0.06792779515769473,9.356666666666664,13.215773404029996,56.0,2.276304416280071,4.636888888888893,0.07973279389420736,0.1072789586392409,0.5515966117867883,-0.001685001071399339,0.02000000000000013,0.34641016151377657,6.0,0.005773566841569493,0.010000000000002174,9.790149069153513,9.813604500076103,9.85931811597132,0.0,0.0,63,63,10,59.0
product_sine_graph,mean_curvature,1,0.001325,1,6986154136107341615,centered_standardized_gaussian_coordinates,unperturbed_median_edge_length,289,512,3.871792078324112,0.3184516252539858,0.09979599587400072,0.001325,0.0022949673200287624,0.0019639609566538293,0.005823483036867013,9.369173303383835,26.42628390883198,134.65381662752725,0.060087254604858045,9.369999999999997,13.22585851025684,56.0,2.2767175189131272,4.642933333333337,0.09068328014260547,0.12087678004379349,0.7782095422750288,-0.00199774513591903,0.03333333333333355,0.41633319989322787,6.0,0.0021425917923102505,0.016644444444442047,9.731039663199887,9.801179327833443,9.864579502703979,0.0,0.0,63,63,10,57.0
product_sine_graph,mean_curvature,1,0.001325,2,15832858994669658340,centered_standardized_gaussian_coordinates,unperturbed_median_edge_length,289,512,3.871792078324112,0.3184516252539858,0.09978781809752524,0.001325,0.0022949673200287624,0.0020114813463789636,0.005107209662413143,9.363465053039777,26.416872246797126,134.63285354263425,0.06682716649192849,9.363333333333332,13.220312653892364,56.0,2.276672771465709,4.642933333333337,0.08536232559480933,0.11360453652501007,0.6027789578890506,0.00012801004217744905,0.02000000000000013,0.25819888974716193,4.0,0.001999773649742327,0.009977777777775365,9.768912436384067,9.814622100695004,9.860170991097515,0.0,0.0,63,63,10,55.0
product_sine_graph,mean_curvature,1,0.001325,3,7376829837716580339,centered_standardized_gaussian_coordinates,unperturbed_median_edge_length,289,512,3.871792078324112,0.3184516252539858,0.0997908201556677,0.001325,0.002294967320028763,0.0020339842196236235,0.004732709744725871,9.3618084765506,26.416349353348576,134.6438271926822,0.06485213609914373,9.356666666666666,13.213250924734606,56.0,2.275761994203102,4.639600000000004,0.08081257202765987,0.11614200257759805,1.3637583489337786,-0.0001504169955051874,0.020000000000000073,0.2160246899469291,3.0,0.0030302317612270783,0.009400000000001907,9.763191569747205,9.821906594195315,9.868786730238606,0.0,0.0,63,63,11,59.0
product_sine_graph,mean_curvature,1,0.00255,0,8104744897225916285,centered_standardized_gaussian_coordinates,unperturbed_median_edge_length,289,512,3.871792078324112,0.3184516252539858,0.09979490678041845,0.0025499999999999997,0.0044167295593006365,0.0039080831359852575,0.010275419787482582,9.380197129862466,26.40934660603443,134.64979412468261,0.06553346105045382,9.36,13.21514282934543,56.0,2.276448563003351,4.641733333333337,0.1471054848256203,0.20379320622838742,1.7843106660853572,-0.0014577746262972998,0.03666666666666685,0.33166247903554097,5.0,0.004396465565089303,0.008333333333335413,9.562501789480086,9.74738533390481,9.832838973790833,0.0,0.0,63,63,13,55.0
product_sine_graph,mean_curvature,1,0.00255,1,12759161689598093034,centered_standardized_gaussian_coordinates,unperturbed_median_edge_length,289,512,3.871792078324112,0.3184516252539858,0.09982436705176684,0.00255,0.004416729559300637,0.0037780326583532926,0.011380239910602231,9.368772741919013,26.40919611857763,134.6972779181331,0.06959633293436208,9.383333333333333,13.2273706129878,56.0,2.2768129083094353,4.652000000000005,0.1724287367220797,0.23362706116112442,1.3711359971009003,-0.004147136511594861,0.02666666666666684,0.2828427124746199,4.0,0.003681965837427785,0.006711111111109891,9.602514702505983,9.725887236754929,9.855209515342148,0.0,0.0,63,63,11,51.0
product_sine_graph,mean_curvature,1,0.00255,2,1219378411165621657,centered_standardized_gaussian_coordinates,unperturbed_median_edge_length,289,512,3.871792078324112,0.3184516252539858,0.09980295900440742,0.0025499999999999997,0.004416729559300637,0.004024996466322129,0.009701151642323535,9.391523379736249,26.433090913393695,134.67734681607317,0.07115660007389797,9.369999999999997,13.225354437594476,56.0,2.2765448879139787,4.645955555555561,0.15154195490712066,0.217891515864645,1.876233950823785,0.004202779517343966,0.046666666666666856,0.40000000000000113,5.0,0.0011706281947614276,0.01333333333333328,9.652005138365864,9.736093833050317,9.854676692186253,0.0,0.0,63,63,14,53.0
product_sine_graph,mean_curvature,1,0.00255,3,15618716810581370724,centered_standardized_gaussian_coordinates,unperturbed_median_edge_length,289,512,3.871792078324112,0.3184516252539858,0.09980692566151614,0.0025499999999999997,0.004416729559300637,0.00394657738096522,0.011243360086150005,9.393298918954745,26.418687381999447,134.70154743534079,0.0866416668624469,9.349999999999998,13.211232594526015,56.0,2.2754820656581134,4.6365777777777835,0.1542645394415973,0.21801890031422344,1.9367701898253813,0.007002130606389616,0.04000000000000012,0.33665016461207004,5.0,0.004487054997594644,0.013333333333333641,9.565634537657216,9.747562172270833,9.847765479177243,0.0,0.0,63,63,15,57.0
product_sine_graph,mean_curvature,1,0.003775,0,5539200963338780118,centered_standardized_gaussian_coordinates,unperturbed_median_edge_length,289,512,3.871792078324112,0.3184516252539858,0.09978475108765814,0.003775000000000001,0.006538491798572514,0.005611968958597865,0.0139097705767744,9.403546825537257,26.407306548615093,134.70393128092766,0.07800537463485131,9.349999999999998,13.20946630261798,56.0,2.274668020281144,4.6365777777777835,0.23318718529745963,0.3110499431922416,2.000497050897934,-0.006587082777771737,0.05333333333333348,0.41633319989322726,5.0,0.005080909156842045,0.016666666666666913,9.564142659095735,9.674834410566225,9.848187716311267,0.0,0.0,65,65,14,55.0
product_sine_graph,mean_curvature,1,0.003775,1,16300793869554704866,centered_standardized_gaussian_coordinates,unperturbed_median_edge_length,289,512,3.871792078324112,0.3184516252539858,0.09979350278628475,0.0037749999999999997,0.0065384917985725115,0.005785049477896725,0.013007637304329958,9.350967535520386,26.392649786340176,134.7496213647259,0.06426456910087186,9.406666666666665,13.248647729737046,56.0,2.2808381205559285,4.664755555555562,0.20577207813523762,0.3171701419089624,4.741927578845292,0.0011560847575383662,0.0433333333333335,0.30000000000000077,4.0,0.0060706488761729455,0.019166666666666943,9.498235026174212,9.695498854669804,9.826950455560079,0.0,0.0,63,63,14,51.0
product_sine_graph,mean_curvature,1,0.003775,2,11208596951966599307,centered_standardized_gaussian_coordinates,unperturbed_median_edge_length,289,512,3.871792078324112,0.3184516252539858,0.09978743784335911,0.0037750000000000006,0.006538491798572512,0.005967865109876759,0.014341763369637434,9.371358252664297,26.401892293788855,134.67783725518248,0.06378156112794027,9.353333333333332,13.214890591046649,56.0,2.275519545233739,4.638400000000004,0.2561539937606875,0.34355097744165297,1.7966835753572212,-0.0005799834207878864,0.056666666666666726,0.4203173404306166,4.0,0.004829361927368047,0.010166666666668267,9.665408187128357,9.71645599479232,9.845928076262119,0.0,0.0,63,63,15,53.0
product_sine_graph,mean_curvature,1,0.003775,3,11108254057201068148,centered_standardized_gaussian_coordinates,unperturbed_median_edge_length,289,512,3.871792078324112,0.3184516252539858,0.09977761345350894,0.0037750000000000006,0.006538491798572512,0.005982375926546168,0.013630276105284148,9.35783908652317,26.39564702956134,134.68607228422442,0.07821892556107995,9.369999999999997,13.213503194333688,56.0,2.278199563698725,4.647200000000004,0.23210710229684178,0.3122813430524947,2.2271109325206027,0.005613730812532293,0.046666666666666884,0.31622776601683883,4.0,0.006403959680421985,0.01577777777777628,9.565872126264432,9.70166350663876,9.851697456339158,0.0,0.0,63,63,16,57.0
product_sine_graph,mean_curvature,1,0.005,0,18331994672488675698,centered_standardized_gaussian_coordinates,unperturbed_median_edge_length,289,512,3.871792078324112,0.3184516252539858,0.09982026788379818,0.005000000000000001,0.008660254037844388,0.007798721921795331,0.017553175106866516,9.398310417545275,26.40018103826525,134.77889872356877,0.08311343637282392,9.379999999999999,13.222455646865798,56.0,2.277872686911585,4.642666666666671,0.30553348360104504,0.40918133155049885,1.634672723777193,0.004981358360109128,0.07000000000000026,0.5802298395176417,8.0,0.008932076795726994,0.021544444444443284,9.593353829807464,9.652799054900253,9.855219351286326,0.0,0.0,65,65,15,61.0
product_sine_graph,mean_curvature,1,0.005,1,12527377038927170101,centered_standardized_gaussian_coordinates,unperturbed_median_edge_length,289,512,3.871792078324112,0.3184516252539858,0.09980137148046064,0.005,0.008660254037844387,0.007655770156834796,0.021041493577695365,9.401568288627917,26.43198057402478,134.78843079943684,0.07171341690300799,9.36,13.20858306809124,56.0,2.2761864891377765,4.636000000000005,0.2864045730137798,0.368385103812507,1.633331860266658,0.0030704688330406675,0.07000000000000023,0.5322906474223784,7.0,0.009253682394597045,0.017111111111109856,9.470328616691589,9.585960843584788,9.848285159092368,0.0,0.0,65,65,16,61.0
product_sine_graph,mean_curvature,1,0.005,2,1250412216143303655,centered_standardized_gaussian_coordinates,unperturbed_median_edge_length,289,512,3.871792078324112,0.3184516252539858,0.09978259926215817,0.004999999999999998,0.008660254037844385,0.007518199755135362,0.018109668062422146,9.417081056116269,26.41660075401847,134.76460716200046,0.07756023834702909,9.369999999999997,13.217034463146412,56.0,2.276845400540622,4.64626666666667,0.3381774241597177,0.46255241179516254,3.1816018482879116,-0.004266782831462349,0.07333333333333361,0.4618802153517017,5.0,0.0022311118489000193,0.009977777777775476,9.52203734999159,9.643328068784763,9.849876692914036,0.0,0.0,63,63,17,55.0
product_sine_graph,mean_curvature,1,0.005,3,9743935105643054301,centered_standardized_gaussian_coordinates,unperturbed_median_edge_length,289,512,3.871792078324112,0.3184516252539858,0.0998001857047766,0.005,0.008660254037844387,0.007824083365417183,0.01793174679932663,9.426452250045205,26.45086767555694,134.81176823724877,0.07488591618499574,9.403333333333332,13.24877352814214,56.0,2.279795027864149,4.662933333333337,0.30816635684909605,0.42983100782783795,3.3637968642057174,0.0031957970104126623,0.086666666666667,0.5537749241945398,6.0,0.004866827326959879,0.023311111111108895,9.499711355780706,9.597928452817035,9.844414223759651,0.0,0.0,69,69,16,55.0
product_sine_graph,mean_curvature,2,0.0,0,17421218275916580291,centered_standardized_gaussian_coordinates,unperturbed_median_edge_length,1089,2048,3.871792078324112,0.17105294328577425,0.05273582244373538,0.0,0.0,0.0,0.0,2.5435462054400477,8.86017864857397,104.56978874981999,0.015688340273567,8.316666666666665,11.513036089581233,48.0,1.9625975431972313,3.7568888888888945,0.0,0.0,0.0,0.0,0.0,0.0,0.0,0.0,0.0,9.156456042400311,9.156456042400311,9.186804082658096,0.0,0.0,116,127,11,109.0
product_sine_graph,mean_curvature,2,0.0001,0,15373242999159373131,centered_standardized_gaussian_coordinates,unperturbed_median_edge_length,1089,2048,3.871792078324112,0.17105294328577425,0.052735752568488996,9.999999999999999e-05,0.00017320508075688773,0.00014966130118783538,0.00040056958144880987,2.5450966969878968,8.859477336937758,104.57631715652215,0.01566150149529613,8.299999999999997,11.509416434670639,48.0,1.9619968295742165,3.749333333333338,0.01618874759933188,0.020746170785723394,0.07260522132611413,-9.23432834268602e-06,0.016666666666666774,0.2886751345948138,5.0,0.004811305701307621,0.008333333333334858,9.147707073782719,9.154416873849765,9.187479112495566,0.0,0.0,127,127,12,119.0
product_sine_graph,mean_curvature,2,0.0001,1,12874066119924536147,centered_standardized_gaussian_coordinates,unperturbed_median_edge_length,1089,2048,3.871792078324112,0.17105294328577425,0.0527358620667799,0.00010000000000000003,0.00017320508075688778,0.00015678613331248194,0.00037562359787133876,2.54398138226312,8.859189626348957,104.57285798939091,0.015594977173354103,8.303333333333331,11.50956124272337,48.0,1.9618780806863068,3.7478222222222275,0.01620863451225279,0.021028551247766963,0.08508029397144057,-3.3435934131351516e-05,0.02000000000000013,0.34641016151377657,6.0,0.005773566841569217,0.010000000000000453,9.149339339773093,9.15483231754647,9.18719985590428,0.0,0.0,127,127,12,121.0
product_sine_graph,mean_curvature,2,0.0001,2,3426143906610256026,centered_standardized_gaussian_coordinates,unperturbed_median_edge_length,1089,2048,3.871792078324112,0.17105294328577425,0.05273576117579509,0.00010000000000000003,0.00017320508075688778,0.00015326316086855312,0.000440655849339077,2.5450902026275917,8.85996791831301,104.57624939903941,0.015540947157223648,8.303333333333331,11.50956124272337,48.0,1.9621160431876035,3.750844444444449,0.01612532740527548,0.020436160053651887,0.08677954912659658,-0.0001166872072037837,0.01333333333333342,0.23094010767585105,4.0,0.0038490445610464825,0.006666666666667043,9.148086958975002,9.154731287996904,9.187432060370645,0.0,0.0,127,127,12,117.0
product_sine_graph,mean_curvature,2,0.0001,3,7039601260784315435,centered_standardized_gaussian_coordinates,unperturbed_median_edge_length,1089,2048,3.871792078324112,0.17105294328577425,0.05273580688109798,9.999999999999994e-05,0.00017320508075688762,0.0001533922374792516,0.00038964312792803493,2.5452282349621256,8.860252161795138,104.58958887577231,0.015718480845472057,8.299999999999997,11.509416434670639,48.0,1.9619968295742165,3.749333333333338,0.015294449530451287,0.019798082461517576,0.08079466087014531,2.4106516549787782e-05,0.016666666666666774,0.2886751345948138,5.0,0.004811305701307621,0.008333333333334858,9.146150771993065,9.154241600404424,9.18800364120211,0.0,0.0,127,127,12,119.0
product_sine_graph,mean_curvature,2,0.001325,0,16741458129633253106,centered_standardized_gaussian_coordinates,unperturbed_median_edge_length,1089,2048,3.871792078324112,0.17105294328577425,0.05273501158388284,0.0013250000000000007,0.0022949673200287632,0.0020691988721982554,0.005488689895923052,2.5636864971179354,8.860430092248512,104.73223846274973,0.016050509784740825,8.293333333333333,11.498115787670022,48.0,1.962934703164857,3.7584000000000035,0.2101158687165018,0.27268506066954495,0.9423905711070972,0.0006694204179442799,0.030000000000000138,0.2645751311064598,3.0,0.0013103654502344493,0.0082111111111145,9.022752101622943,9.12549028135978,9.211222650072674,0.0,0.0,125,125,14,97.0
product_sine_graph,mean_curvature,2,0.001325,1,12715104036760286624,centered_standardized_gaussian_coordinates,unperturbed_median_edge_length,1089,2048,3.871792078324112,0.17105294328577425,0.05273746115616081,0.0013249999999999996,0.002294967320028762,0.002010262710737978,0.005961310682814442,2.578516222731361,8.858414484113032,104.66443699302346,0.015184955003256105,8.313333333333333,11.508547548090792,48.0,1.964437757173975,3.758711111111115,0.20515927350124036,0.26452326775166807,1.51351510133496,-0.0007889586843679563,0.0233333333333334,0.17320508075688804,2.0,0.0024536233390044103,0.00832222222222101,9.051304330381335,9.121448645242149,9.197019447376212,0.0,0.0,127,127,15,109.0
product_sine_graph,mean_curvature,2,0.001325,2,6249410000756677188,centered_standardized_gaussian_coordinates,unperturbed_median_edge_length,1089,2048,3.871792078324112,0.17105294328577425,0.052734906840563096,0.0013250000000000007,0.0022949673200287637,0.0020396828508544933,0.0057083726895129005,2.572934180248023,8.8651042772643,104.77193388348473,0.013823752568453106,8.316666666666665,11.506085346459061,48.0,1.9629120812675311,3.753555555555561,0.20553066058301678,0.27123758662050845,1.2123177946482375,-0.0013667170065138296,0.03333333333333344,0.2309401076758507,2.0,0.0026176042198644473,0.006666666666666821,9.033079137063853,9.124747090010844,9.21902081565602,0.0,0.0,127,127,14,107.0
product_sine_graph,mean_curvature,2,0.001325,3,10892525693987078460,centered_standardized_gaussian_coordinates,unperturbed_median_edge_length,1089,2048,3.871792078324112,0.17105294328577425,0.05273557427976821,0.001325,0.002294967320028763,0.0020312760200809003,0.005210835647566887,2.582160780171986,8.865410649468524,104.72789360560193,0.016288639855552095,8.313333333333333,11.507099257994312,48.0,1.9673453164287376,3.7684000000000037,0.2050766238316365,0.26330702814344625,1.0673795704694378,0.0002764514127144553,0.030000000000000138,0.23804761428476232,3.0,0.005864142624822987,0.014999999999997904,9.07420311754113,9.132635127061718,9.219292301682783,0.0,0.0,127,127,14,105.0
product_sine_graph,mean_curvature,2,0.00255,0,18244549543198951862,centered_standardized_gaussian_coordinates,unperturbed_median_edge_length,1089,2048,3.871792078324112,0.17105294328577425,0.05273550225269554,0.002550000000000001,0.004416729559300639,0.00396799471687589,0.009930586956666335,2.6382272807075005,8.861353277868291,104.7857805535157,0.015565931103182329,8.299999999999999,11.494636430382068,48.0,1.9692312247114667,3.7747555555555614,0.4060840850927871,0.5396431943063046,2.888683073917992,-0.00013046678395977132,0.0966666666666669,0.550757054728611,5.0,0.009504238820418879,0.03830000000000022,8.894591941536117,9.098967343681174,9.24015651396256,0.0,0.0,125,125,20,95.0
product_sine_graph,mean_curvature,2,0.00255,1,9066020946416524994,centered_standardized_gaussian_coordinates,unperturbed_median_edge_length,1089,2048,3.871792078324112,0.17105294328577425,0.05273491951911697,0.0025500000000000006,0.004416729559300638,0.003929737864879658,0.010577331621209355,2.6204802716580438,8.871504458626243,104.88817380335169,0.013806562450888347,8.296666666666665,11.47998257838399,48.0,1.9698113610306165,3.7668888888888947,0.4036487138992916,0.5181427696427376,2.4025138185349846,-0.0014058108260541196,0.11333333333333342,0.6480740698407862,7.0,0.008971147166415335,0.030000000000000027,8.905309767576112,9.084758961002146,9.251704352332707,0.0,0.0,119,119,17,73.0
product_sine_graph,mean_curvature,2,0.00255,2,5652507408919779824,centered_standardized_gaussian_coordinates,unperturbed_median_edge_length,1089,2048,3.871792078324112,0.17105294328577425,0.05273477486494787,0.0025500000000000006,0.004416729559300637,0.003854040750340301,0.011903342890580905,2.614383122379233,8.85244676852918,104.93602724836171,0.019007218086138342,8.306666666666665,11.500724614852171,48.0,1.9709965180477604,3.778711111111115,0.39508449150597413,0.5173259989454896,2.3261127976465303,0.0028330836517987063,0.07000000000000009,0.3696845502136473,3.0,0.01015570244646081,0.028322222222220805,8.984393165836464,9.080738962849503,9.246465949491858,0.0,0.0,125,125,19,99.0
product_sine_graph,mean_curvature,2,0.00255,3,2727862593859727586,centered_standardized_gaussian_coordinates,unperturbed_median_edge_length,1089,2048,3.871792078324112,0.17105294328577425,0.05273631027208538,0.0025500000000000024,0.004416729559300641,0.003872481567129403,0.010869483667779642,2.6088983367797316,8.859773433601363,104.75061202697734,0.017899007057382288,8.299999999999997,11.48941541883949,48.0,1.9712083775533837,3.7753777777777815,0.39094541396435045,0.5064896660672119,2.5102289201768713,0.0015549231457443174,0.08333333333333351,0.5066228051190231,6.0,0.0100061596255834,0.028222222222220372,8.938065353011966,9.10347301175847,9.254931663607985,0.0,0.0,117,117,17,85.0
product_sine_graph,mean_curvature,2,0.003775,0,11617495847943334525,centered_standardized_gaussian_coordinates,unperturbed_median_edge_length,1089,2048,3.871792078324112,0.17105294328577425,0.05273567895273831,0.0037749999999999997,0.006538491798572512,0.005804214453947835,0.01569438825023779,2.710333258951226,8.889808525119184,104.99765609065373,0.020255467624537296,8.279999999999998,11.48506276285274,48.0,1.9741506550638188,3.778400000000004,0.6057425999156223,0.8018728534447935,3.8269960772367524,0.005126400526998778,0.13000000000000028,0.7234178138070247,8.0,0.014959757403238695,0.054988888888886756,8.873247694216708,9.051070873040688,9.277528500976878,0.0,0.0,127,127,20,83.0
product_sine_graph,mean_curvature,2,0.003775,1,7531214485561209125,centered_standardized_gaussian_coordinates,unperturbed_median_edge_length,1089,2048,3.871792078324112,0.17105294328577425,0.05272996269528136,0.003774999999999997,0.006538491798572508,0.005711064427255422,0.015760136056195216,2.7154263922018638,8.896252385408784,105.24558376633254,0.01464921563914704,8.303333333333333,11.483176099552479,48.0,1.9703644760128403,3.772933333333339,0.6027973228132703,0.7698796945198082,3.0066071232630662,-0.0006048477754790282,0.12666666666666695,0.8164965809277275,10.0,0.010126573443763347,0.03333333333333299,8.80151365853172,9.029600253600503,9.282150139092492,0.0,0.0,119,119,17,67.0
product_sine_graph,mean_curvature,2,0.003775,2,9102413927356261957,centered_standardized_gaussian_coordinates,unperturbed_median_edge_length,1089,2048,3.871792078324112,0.17105294328577425,0.05273766869121141,0.0037749999999999984,0.00653849179857251,0.005748997660007026,0.015610860719757364,2.7129412296080377,8.91061258942589,105.09639098593868,0.013235905777242811,8.309999999999999,11.483756644350603,48.0,1.9704531677030876,3.7853333333333383,0.5984435270343316,0.7662675606073062,2.948766099190806,-0.001863088370361526,0.14666666666666686,0.7916228058025289,8.0,0.012115884210644988,0.028777777777776903,8.82388327983931,9.04597588610581,9.258461255625923,0.0,0.0,115,115,17,69.0
product_sine_graph,mean_curvature,2,0.003775,3,16942048206378341339,centered_standardized_gaussian_coordinates,unperturbed_median_edge_length,1089,2048,3.871792078324112,0.17105294328577425,0.05273975290593486,0.0037749999999999984,0.006538491798572509,0.0058401342071419705,0.01605162037569669,2.674556756398905,8.873025359180666,104.75352866801927,0.016348498526146497,8.229999999999999,11.457603007028416,48.0,1.967980703325764,3.7554222222222258,0.5795315296414718,0.7527475363768028,2.967567152488243,-0.0003123797262550112,0.146666666666667,0.848528137423858,9.0,0.012324441238929566,0.03986666666666494,8.819446671679803,9.020711570192683,9.283631488038747,0.0,0.0,117,117,21,77.0
product_sine_graph,mean_curvature,2,0.005,0,17488132884900236002,centered_standardized_gaussian_coordinates,unperturbed_median_edge_length,1089,2048,3.871792078324112,0.17105294328577425,0.05273634758046348,0.005000000000000001,0.008660254037844387,0.00764520015524872,0.02060575628558053,2.781138532877475,8.915980945563396,105.40999826008647,0.009266152094979881,8.293333333333331,11.481579450000186,48.0,1.9707357423701333,3.767777777777781,0.7633349806616744,0.9705813320875509,3.5448234514037438,-0.005874035730696683,0.1633333333333336,1.0376254944182264,12.0,0.012826112286214535,0.05833333333333135,8.645163762691997,9.028338750036252,9.287512656996201,0.0,0.0,115,115,20,69.0
product_sine_graph,mean_curvature,2,0.005,1,181037543903461537,centered_standardized_gaussian_coordinates,unperturbed_median_edge_length,1089,2048,3.871792078324112,0.17105294328577425,0.052739582632961135,0.005000000000000002,0.00866025403784439,0.007730051128917005,0.023164100348885077,2.779943721992235,8.933108669316857,105.46668048007149,0.020246367060369346,8.299999999999999,11.47809508004994,48.0,1.973938844058328,3.784755555555561,0.7858702857517139,1.0034659799580374,3.9193611169882203,0.004548951250384152,0.18333333333333365,1.0082988974836131,11.0,0.014577004976128531,0.05159999999999998,8.769082413719953,9.00109050406572,9.255669637087387,0.0,0.0,117,117,23,69.0
product_sine_graph,mean_curvature,2,0.005,2,4897439721137136360,centered_standardized_gaussian_coordinates,unperturbed_median_edge_length,1089,2048,3.871792078324112,0.17105294328577425,0.052737654022517684,0.004999999999999999,0.008660254037844385,0.0074508279421567035,0.0228520016375563,2.8123972264371027,8.940751801027474,105.34490729124138,0.015311153829123278,8.29,11.473302343556828,48.0,1.9693698659911743,3.769600000000006,0.8246849617611027,1.05830115293253,4.269666060860459,-0.0008776469141412307,0.1933333333333338,1.122497216032184,11.0,0.010742845259978158,0.04995555555555531,8.688346713621739,8.975612137467385,9.304520485777694,0.0,0.0,108,109,18,57.0
product_sine_graph,mean_curvature,2,0.005,3,6441157633324971687,centered_standardized_gaussian_coordinates,unperturbed_median_edge_length,1089,2048,3.871792078324112,0.17105294328577425,0.05274062758313953,0.004999999999999999,0.008660254037844385,0.007808109451327349,0.0197717647426835,2.7666685630351466,8.9008496839127,105.41820450023148,0.02220440517130178,8.29,11.470977871713172,48.0,1.9739407955199997,3.7778222222222277,0.7840432618348118,1.0194250074549531,3.8784457125855942,0.005655420597806032,0.14666666666666686,0.7831560082980492,8.0,0.014938962232785439,0.05059999999999998,8.68125808414164,8.9709468905097,9.276965982791173,0.0,0.0,119,119,22,79.0
helicoid_patch,gaussian_curvature,0,0.0,0,12063063235367186189,centered_standardized_gaussian_coordinates,unperturbed_median_edge_length,81,128,3.589185704630573,0.8409164552591997,0.2105116946896406,0.0,0.0,0.0,0.0,11.894681974322229,62.89660841333563,711.4239024171113,11.649215694721454,0.09,0.3,1.0,0.04369990465283265,0.0777000000000001,0.0,0.0,0.0,0.0,0.0,0.0,0.0,0.0,0.0,7.754723671539981,7.754723671539981,7.7547236715400745,0.0,0.0,3,5,1,1.0
helicoid_patch,gaussian_curvature,0,0.0001,0,4586977107890686081,centered_standardized_gaussian_coordinates,unperturbed_median_edge_length,81,128,3.589185704630573,0.8409164552591997,0.21050993489045391,0.0001,0.00017320508075688773,0.00015299398409973804,0.0003070916602389938,11.896151848154622,62.87715296184046,711.298882686736,11.649606541657686,0.12000000000000002,0.37416573867739417,2.0,0.03564008470612926,0.08400000000000005,0.029535782872055535,0.0738377180156156,0.9201041421379728,0.0004994102511792376,0.030000000000000013,0.22360679774997896,2.0,0.010179258545039172,0.019133333333333433,7.7449223312665705,7.7493958971729215,7.754367427674567,0.0,0.0,5,5,5,5.0
helicoid_patch,gaussian_curvature,0,0.0001,1,10290068155145228875,centered_standardized_gaussian_coordinates,unperturbed_median_edge_length,81,128,3.589185704630573,0.8409164552591997,0.21051039358187965,0.00010000000000000002,0.00017320508075688776,0.00015363640031768332,0.00037980765228629,11.894468453128823,62.91508997907311,711.9518659770384,11.64948247497954,0.09,0.31091263510296047,2.0,0.035691956247041905,0.0711333333333333,0.02383940145848428,0.056004325255832536,0.527963559927116,0.0023476883497792317,0.019999999999999997,0.16329931618554516,2.0,0.008835408561263036,0.0165333333333334,7.74850652465268,7.750608528733102,7.758217351397585,0.0,0.0,5,5,4,5.0
helicoid_patch,gaussian_curvature,0,0.0001,2,9752504043839386421,centered_standardized_gaussian_coordinates,unperturbed_median_edge_length,81,128,3.589185704630573,0.8409164552591997,0.21051207874554143,0.00010000000000000002,0.00017320508075688773,0.00015739490265813098,0.00029451086275532524,11.89684327639959,62.90173518752683,710.9732798677826,11.648947020981094,0.09,0.3,1.0,0.03571048450670637,0.0711333333333333,0.0228739774877205,0.051556391092727895,0.4506225493287275,-0.001155615432703673,0.019999999999999997,0.1414213562373095,1.0,0.00881669292161579,0.01646666666666674,7.751943844932844,7.752624575538158,7.761387512202756,0.0,0.0,5,5,3,3.0
helicoid_patch,gaussian_curvature,0,0.0001,3,2766759923167635622,centered_standardized_gaussian_coordinates,unperturbed_median_edge_length,81,128,3.589185704630573,0.8409164552591997,0.2105125917391542,9.999999999999999e-05,0.0001732050807568877,0.0001571009570028675,0.0003460856470099251,11.895800483958544,62.90659843335724,711.870245872812,11.64918086330801,0.10333333333333333,0.32145502536643183,1.0,0.04406087749836498,0.08376666666666678,0.02750710460981181,0.06533463236042633,0.5891110849850065,0.0005980276695691977,0.013333333333333336,0.11547005383792516,1.0,0.001122167215373567,0.006666666666666682,7.746339870430189,7.749669442737089,7.765680414092562,0.0,0.0,3,3,3,3.0
helicoid_patch,gaussian_curvature,0,0.001325,0,2250238039307274879,centered_standardized_gaussian_coordinates,unperturbed_median_edge_length,81,128,3.589185704630573,0.8409164552591997,0.21051124744035868,0.001325,0.002294967320028763,0.002294663763711731,0.004396604667911732,11.97664979954106,62.869037484091706,717.5281573669553,11.648020709657427,0.3416666666666667,0.7268654162452176,3.0,0.09105404050442281,0.1845666666666667,0.29167584243544015,0.7055346524142287,6.1042549498439485,-0.004079215206289757,0.43166666666666675,0.8553751613570895,3.0,0.13336663318737793,0.25566666666666676,7.678441049985023,7.7305746912357876,7.784300434027579,0.0,0.0,13,13,11,12.0
helicoid_patch,gaussian_curvature,0,0.001325,1,12986216455409031027,centered_standardized_gaussian_coordinates,unperturbed_median_edge_length,81,128,3.589185704630573,0.8409164552591997,0.2104728212339624,0.001325,0.0022949673200287624,0.002069935642189943,0.004102412956723746,12.012166473080674,62.84870044422099,698.4623308865531,11.652155674399669,0.4883333333333334,0.8803408430829506,3.0,0.05556099251173342,0.13043333333333335,0.4463984744649194,1.8044578933350788,25.787138621380564,0.002820749210237443,0.5783333333333335,0.9513148795220224,3.0,0.09085003923845957,0.20153333333333343,7.69763887877864,7.717381385098593,7.7666196186232845,0.0,0.0,13,13,11,12.0
helicoid_patch,gaussian_curvature,0,0.001325,2,6298125080970640405,centered_standardized_gaussian_coordinates,unperturbed_median_edge_length,81,128,3.589185704630573,0.8409164552591997,0.21049764263464193,0.0013249999999999998,0.002294967320028762,0.0020111331027763994,0.004631645528219487,12.034529881829929,63.48172014204947,724.8181703212335,11.644001258618584,0.6583333333333334,1.11280426550824,4.0,0.1562562543933433,0.2628666666666673,0.43441945524635384,1.5118688503984161,18.8085850088911,0.05085012763682362,0.7483333333333334,1.2496666222103665,4.0,0.19760858477752932,0.3166666666666668,7.643487138473185,7.727276372686349,7.804110981393312,0.0,0.0,15,15,14,14.0
helicoid_patch,gaussian_curvature,0,0.001325,3,8768613300834233590,centered_standardized_gaussian_coordinates,unperturbed_median_edge_length,81,128,3.589185704630573,0.8409164552591997,0.21054010137358226,0.001325,0.0022949673200287624,0.0020200270341269324,0.004342157531787644,11.971544120921868,63.20751088935767,720.2518201009722,11.646858447575958,0.5333333333333334,0.9831920802501751,3.0,0.06402011708007493,0.14640000000000006,0.3263291271892733,0.8623263691934555,8.827917683860846,0.022195268855068832,0.5633333333333335,1.0376254944182255,3.0,0.09952892759385853,0.2148000000000001,7.5899707654186725,7.627485487228591,7.791264260967555,0.0,0.0,11,11,11,11.0
helicoid_patch,gaussian_curvature,0,0.00255,0,5349699752793198560,centered_standardized_gaussian_coordinates,unperturbed_median_edge_length,81,128,3.589185704630573,0.8409164552591997,0.21050024836319148,0.00255,0.004416729559300637,0.003861563837139967,0.008948555897099931,12.041659308432022,62.42738678979142,694.5140499955623,11.644178548796335,0.785,1.0124228365658294,2.0,0.07312695426673552,0.15995555555555568,0.52197600083258,1.300608338858982,16.909852421548976,-0.021354651127165735,0.8750000000000001,1.1379806676741042,2.0,0.10823394310626042,0.17825555555555544,7.631180850503741,7.640069397203996,7.777024720221126,0.0,0.0,9,9,8,8.0
helicoid_patch,gaussian_curvature,0,0.00255,1,17784717389234827649,centered_standardized_gaussian_coordinates,unperturbed_median_edge_length,81,128,3.589185704630573,0.8409164552591997,0.21054826716551997,0.00255,0.004416729559300637,0.004037576907006081,0.008841538427693748,12.170265910720158,62.44587989378737,729.1047216454056,11.651400756919852,1.0633333333333332,1.3391539617733779,3.0,0.19498472452567686,0.27822222222222276,0.9004580569212083,3.4904850223314012,49.24143765286044,-0.02924975385059421,1.1533333333333333,1.493318452306808,3.0,0.235159829064748,0.32532222222222273,7.490364652821196,7.539235608654567,7.670627350085407,0.0,0.0,15,15,13,13.0
helicoid_patch,gaussian_curvature,0,0.00255,2,6757084044848811869,centered_standardized_gaussian_coordinates,unperturbed_median_edge_length,81,128,3.589185704630573,0.8409164552591997,0.2105837675102639,0.00255,0.004416729559300638,0.003858606540623747,0.009580546395540523,12.116295072572315,63.37962129482487,712.2878458505091,11.643240473249444,0.8350000000000001,1.3546217184144067,4.0,0.23453135676179088,0.3688777777777762,0.6592609086107217,2.3597360983092734,35.76305806583326,0.11890217566040881,0.9250000000000002,1.4804278660801635,4.0,0.27388106652491084,0.41357777777777616,7.5406694275133885,7.584476981121669,7.714818261112663,0.0,0.0,15,15,13,14.0
helicoid_patch,gaussian_curvature,0,0.00255,3,5483579778211852386,centered_standardized_gaussian_coordinates,unperturbed_median_edge_length,81,128,3.589185704630573,0.8409164552591997,0.21052078963789222,0.00255,0.004416729559300637,0.003896944474541402,0.010764237070636585,12.1741187869711,62.7703762118528,718.2959731189642,11.652241897078333,0.9383333333333334,1.1740244176904215,2.0,0.07192592382805053,0.17946666666666672,0.6149462082677706,1.6858265340754415,16.432244656012585,-0.04518211630610794,1.0283333333333333,1.3521587677981213,3.0,0.11142462408216536,0.2503666666666668,7.667721511055937,7.706021335749354,7.782088383961022,0.0,0.0,15,15,14,14.0
helicoid_patch,gaussian_curvature,0,0.003775,0,16520433636051402030,centered_standardized_gaussian_coordinates,unperturbed_median_edge_length,81,128,3.589185704630573,0.8409164552591997,0.21044985963232538,0.003775,0.0065384917985725115,0.005793312660421383,0.012664572744167124,12.652537880321264,64.0322992214473,738.0048103620638,11.656037265026612,2.381666666666667,2.805649063348206,6.0,0.39680699457860114,0.620577777777777,1.273905546315671,3.1350873063427342,26.580907944952514,0.08288705078445048,2.4716666666666667,2.8985628622934274,6.0,0.4306921905300106,0.6571777777777769,7.443467419566192,7.4929139227761326,7.671560402103111,0.0,0.0,15,15,12,12.0
helicoid_patch,gaussian_curvature,0,0.003775,1,3951077474722202777,centered_standardized_gaussian_coordinates,unperturbed_median_edge_length,81,128,3.589185704630573,0.8409164552591997,0.21051696451152743,0.003775,0.006538491798572512,0.0056453875466344885,0.0133222183300365,12.49214612141146,63.180759186468926,708.9495327682992,11.643513563189668,1.8900000000000001,2.2876479915697985,5.0,0.35165555374167956,0.46075555555555814,1.1495570732208686,3.535410239745596,43.3036416205025,0.034153986824820695,1.98,2.4324199198877374,5.0,0.3905420266609964,0.49283333333333534,7.438678519655251,7.559839172763187,7.829786371238288,0.0,0.0,15,15,12,13.0
helicoid_patch,gaussian_curvature,0,0.003775,2,18140540989558876197,centered_standardized_gaussian_coordinates,unperturbed_median_edge_length,81,128,3.589185704630573,0.8409164552591997,0.21043897722323981,0.003775,0.006538491798572512,0.0059026544086721875,0.01550879655476508,12.42376423615644,64.13346945587575,687.5360233872866,11.661797728515483,1.4783333333333335,1.8261982367749674,3.0,0.18358382354524,0.32633333333333336,1.294768311334393,4.571853258415291,60.26216663632647,0.33485924797754213,1.5683333333333334,1.9710403344427023,4.0,0.21831986576124565,0.3461333333333332,7.342848783839389,7.391978826526909,7.643674571383239,0.0,0.0,15,15,11,12.0
helicoid_patch,gaussian_curvature,0,0.003775,3,13440126748988940359,centered_standardized_gaussian_coordinates,unperturbed_median_edge_length,81,128,3.589185704630573,0.8409164552591997,0.2104812706140494,0.0037750000000000006,0.006538491798572513,0.005775484235775767,0.012396276106716043,12.414124461048797,64.61715767971515,728.9433841689372,11.656840820012611,1.6366666666666667,2.0816659994661326,4.0,0.32771085493838004,0.4529333333333332,1.1220421868225017,4.090307538719199,43.95836477913895,0.30383034766014977,1.7266666666666666,2.2575798250929395,5.0,0.3685391443604402,0.5180333333333332,7.500962466886658,7.518807682119198,7.689478739313687,0.0,0.0,15,15,13,13.0
helicoid_patch,gaussian_curvature,0,0.005,0,3360039342367730720,centered_standardized_gaussian_coordinates,unperturbed_median_edge_length,81,128,3.589185704630573,0.8409164552591997,0.210490157917058,0.005,0.008660254037844387,0.007422941902964266,0.015431541969230507,12.328210885448385,62.211619373633475,678.299289058996,11.649052758841954,1.1633333333333333,1.5209646062066446,3.0,0.15637483326087437,0.2683333333333336,1.1454040284949527,3.079180096877597,33.12461335811531,-0.07292417671978367,1.2533333333333334,1.6802777548171413,4.0,0.19618659805181396,0.33943333333333364,7.382854070541788,7.542494760194847,7.713349545989367,0.0,0.0,15,15,13,13.0
helicoid_patch,gaussian_curvature,0,0.005,1,3682360292618700013,centered_standardized_gaussian_coordinates,unperturbed_median_edge_length,81,128,3.589185704630573,0.8409164552591997,0.21055840715359478,0.005,0.008660254037844387,0.007772673976025626,0.014787744064277164,12.540677712024115,62.85472564165622,724.2554781819217,11.654051992756834,1.9633333333333334,2.18936824982307,4.0,0.2563227606225585,0.3294444444444477,1.525047150230043,5.143964491679841,61.95463942048934,0.024932254879585378,2.0533333333333337,2.3245071162148188,4.0,0.29289751339659775,0.3742555555555552,7.313669232099638,7.399749581408178,7.6402652704882525,0.0,0.0,11,11,7,7.0
helicoid_patch,gaussian_curvature,0,0.005,2,5137657217570253979,centered_standardized_gaussian_coordinates,unperturbed_median_edge_length,81,128,3.589185704630573,0.8409164552591997,0.21062778834897092,0.005,0.008660254037844387,0.007817472529289863,0.015848940648257002,12.744127665694599,63.04642671683259,707.5848278004975,11.651855949609018,2.58,3.234192325759246,6.0,0.5808876620180309,0.8104000000000017,1.3585274841300137,2.7686987471108293,18.39824724342418,0.15921550360208667,2.67,3.407345007480165,7.0,0.6215993354627536,0.8662000000000016,7.10412471578371,7.341926839163823,7.569924580638069,0.0,0.0,15,15,11,11.0
helicoid_patch,gaussian_curvature,0,0.005,3,10703192765225258893,centered_standardized_gaussian_coordinates,unperturbed_median_edge_length,81,128,3.589185704630573,0.8409164552591997,0.21043189571468054,0.005,0.008660254037844387,0.00830024237859199,0.018029763775186378,12.613791577291178,64.82201445809164,760.3561054930238,11.66522205835669,2.4483333333333333,2.812768505701574,5.0,0.33688877357566793,0.4683555555555577,1.3977812931751599,4.502789515847181,48.932203075912525,0.37340456284257256,2.538333333333334,2.9475978920696315,6.0,0.37461973018355443,0.5004555555555575,7.295118513803985,7.303415292374527,7.50620622957726,0.0,0.0,13,13,10,10.0
helicoid_patch,gaussian_curvature,1,0.0,0,16713547743279102808,centered_standardized_gaussian_coordinates,unperturbed_median_edge_length,289,512,3.589185704630573,0.4248776360725953,0.10661765833072771,0.0,0.0,0.0,0.0,11.331536252928126,114.88802416748455,2461.5503299780303,11.291682931414318,0.023333333333333334,0.15275252316519466,1.0,0.012228019668800445,0.02169999999999997,0.0,0.0,0.0,0.0,0.0,0.0,0.0,0.0,0.0,7.789096995321862,7.789096995321862,7.793225791949496,0.0,0.0,1,1,1,1.0
helicoid_patch,gaussian_curvature,1,0.0001,0,2951365359456866575,centered_standardized_gaussian_coordinates,unperturbed_median_edge_length,289,512,3.589185704630573,0.4248776360725953,0.10661753833819834,0.00010000000000000002,0.00017320508075688776,0.00015394225432963278,0.0003677128817027516,11.3442657721749,114.95010508322248,2463.433344416267,11.291650863746556,0.26999999999999996,0.9363047936792093,6.0,0.0773896358741965,0.15480000000000005,0.04622580679501676,0.16742550842387308,3.6124102125131685,0.004013064782252698,0.29333333333333333,0.9797958971132713,6.0,0.08895214045868159,0.17595555555555553,7.7840694627829095,7.786208901957301,7.796114223522571,0.0,0.0,23,23,16,21.0
helicoid_patch,gaussian_curvature,1,0.0001,1,4136873968930662209,centered_standardized_gaussian_coordinates,unperturbed_median_edge_length,289,512,3.589185704630573,0.4248776360725953,0.10661771057528248,9.999999999999998e-05,0.0001732050807568877,0.00014998051491727277,0.0003624387261620229,11.35467717472704,114.87090963038463,2461.534383164853,11.291625193302272,0.38666666666666677,0.9128709291752769,6.0,0.07321699413696713,0.12479999999999997,0.058169991609020325,0.1892760030340714,1.5882351928289618,3.369760829034134e-05,0.41000000000000014,0.9469248474227863,6.0,0.0849314898195182,0.13996666666666652,7.782056735741283,7.78521058844996,7.794301604322751,0.0,0.0,31,31,25,29.0
helicoid_patch,gaussian_curvature,1,0.0001,2,13924890781723153229,centered_standardized_gaussian_coordinates,unperturbed_median_edge_length,289,512,3.589185704630573,0.4248776360725953,0.10661778080308758,9.999999999999998e-05,0.00017320508075688773,0.00015063464980148158,0.00037013033646263855,11.342350397291662,114.85607568982094,2461.609465082586,11.291720682517969,0.20666666666666672,0.6531972647421809,5.0,0.03484774408035211,0.0790666666666667,0.04635757666665498,0.1800089095793618,5.0497694445664365,-0.0003225216058467279,0.1966666666666667,0.6454972243679029,5.0,0.045164440517322824,0.09913333333333328,7.777400778911792,7.784669069013052,7.7946855122642065,0.0,0.0,23,23,20,23.0
helicoid_patch,gaussian_curvature,1,0.0001,3,2219485168692907333,centered_standardized_gaussian_coordinates,unperturbed_median_edge_length,289,512,3.589185704630573,0.4248776360725953,0.10661766396278023,9.999999999999996e-05,0.00017320508075688767,0.00014752575043993341,0.0004419388583935599,11.34416096061003,114.8603384166608,2460.6621837263237,11.291591930736374,0.2633333333333334,0.7979139469057217,5.0,0.04099170672924142,0.08124444444444442,0.044321767553561854,0.13764867818061868,1.1126010460429185,-0.0019903927568922617,0.2600000000000001,0.8205689083394114,5.0,0.05258562682091114,0.10239999999999994,7.7814297621797825,7.787205842765297,7.79657682701667,0.0,0.0,23,23,16,21.0
helicoid_patch,gaussian_curvature,1,0.001325,0,14842301457156508261,centered_standardized_gaussian_coordinates,unperturbed_median_edge_length,289,512,3.589185704630573,0.4248776360725953,0.10661912358108548,0.001325,0.0022949673200287624,0.0020855920110377174,0.004697370092463216,11.795753065563124,116.2365438397829,2491.787502452486,11.292582399440127,4.453333333333333,5.02858495669176,10.0,0.6364139683371605,0.831555555555557,0.6659944703130126,3.3950669530354403,103.66942412595836,0.1001689326889095,4.476666666666667,5.068530358989675,10.0,0.6473550724407869,0.8456333333333345,7.582145988083001,7.726226865442993,7.874969078603821,0.0,0.0,36,37,24,25.0
helicoid_patch,gaussian_curvature,1,0.001325,1,1486840110722039989,centered_standardized_gaussian_coordinates,unperturbed_median_edge_length,289,512,3.589185704630573,0.4248776360725953,0.10661242014169409,0.001325,0.0022949673200287624,0.0019838042032113345,0.005534036590009991,11.81100906564472,115.71404926072853,2434.6508264572226,11.29028996445276,3.5833333333333335,4.2782395133200914,11.0,0.522551894542265,0.7559333333333331,0.693127879324135,3.0880100791800182,78.34280378705898,0.042643319048927826,3.606666666666667,4.339738855430513,12.0,0.534294434710826,0.7750666666666663,7.694792124609977,7.749083631254277,7.878575629755012,0.0,0.0,33,33,22,23.0
helicoid_patch,gaussian_curvature,1,0.001325,2,4607710143545791457,centered_standardized_gaussian_coordinates,unperturbed_median_edge_length,289,512,3.589185704630573,0.4248776360725953,0.10662031386510352,0.0013250000000000002,0.002294967320028763,0.0020932379094234298,0.004605091127232132,11.784914876777625,114.35748473611976,2456.7569115206,11.291818047628489,3.7,4.1388404173149755,9.0,0.449542019005847,0.5993333333333367,0.6623946422680909,3.013096295924699,88.89557946992477,-0.044108818495260604,3.7233333333333336,4.184096875870188,10.0,0.4600272679339775,0.6055555555555584,7.567189152275161,7.744509654945345,7.87094025621705,0.0,0.0,31,31,22,23.0
helicoid_patch,gaussian_curvature,1,0.001325,3,5423266685177185339,centered_standardized_gaussian_coordinates,unperturbed_median_edge_length,289,512,3.589185704630573,0.4248776360725953,0.10661416065469105,0.001325,0.002294967320028763,0.0020478400549785716,0.00479085902467028,11.86862510301357,115.0832129549316,2479.9435338649323,11.291665575822805,3.9583333333333335,4.670296207593975,11.0,0.47713099718774016,0.6704000000000001,0.674098717026461,1.9757279459969497,19.280108679495946,-0.00016644329271149616,3.981666666666667,4.726697226041316,12.0,0.48826723003065803,0.6904666666666667,7.615022811039411,7.715245153720252,7.868949165287812,0.0,0.0,37,37,27,28.0
helicoid_patch,gaussian_curvature,1,0.00255,0,17691333344723954307,centered_standardized_gaussian_coordinates,unperturbed_median_edge_length,289,512,3.589185704630573,0.4248776360725953,0.10662192439972391,0.00255,0.0044167295593006365,0.004025775085676585,0.008610815145601521,12.399708329177422,115.7279385421806,2476.1000741928046,11.295084731918859,5.598333333333334,6.413137557649401,13.0,0.884162172583732,1.145888888888892,1.348799703593293,5.550638229321555,146.26626197638097,0.07372182923222312,5.621666666666667,6.457940848289027,13.0,0.8949179370613123,1.1550666666666694,7.571633662950701,7.673869480569489,7.848321836934707,0.0,0.0,47,47,32,34.0
helicoid_patch,gaussian_curvature,1,0.00255,1,8447527515202688360,centered_standardized_gaussian_coordinates,unperturbed_median_edge_length,289,512,3.589185704630573,0.4248776360725953,0.10662827446913802,0.00255,0.004416729559300637,0.003850798974185576,0.01040827338648811,12.59698216708438,114.74353823531375,2354.0476176944335,11.290048890311299,7.446666666666667,8.236908805290165,15.0,1.0017804154718972,1.3111111111111122,1.5452830619584108,5.28311893620228,107.5027122835968,-0.045935434096883915,7.470000000000001,8.274257267775358,15.0,1.0120199482919008,1.3185000000000007,7.595733390478576,7.689153918678998,7.912092724730441,0.0,0.0,57,57,45,45.0
helicoid_patch,gaussian_curvature,1,0.00255,2,11507343709193002479,centered_standardized_gaussian_coordinates,unperturbed_median_edge_length,289,512,3.589185704630573,0.4248776360725953,0.10662178079735321,0.00255,0.004416729559300637,0.004054770398559417,0.009739123598164106,12.399779374046377,113.64337805145735,2444.0191933552273,11.287978987929389,5.606666666666667,6.6239464571104945,14.0,0.9167677872956934,1.1904666666666648,1.3722498292253555,4.472597577108839,49.9602293348712,-0.10319433724748403,5.630000000000001,6.672330927044911,15.0,0.9280108527373749,1.2086666666666648,7.543209734698025,7.717260204644335,7.901821186994099,0.0,0.0,61,63,41,43.0
helicoid_patch,gaussian_curvature,1,0.00255,3,10488523037735828690,centered_standardized_gaussian_coordinates,unperturbed_median_edge_length,289,512,3.589185704630573,0.4248776360725953,0.10662189451095777,0.00255,0.004416729559300637,0.003920477971738744,0.009656685532760442,12.455690836790279,116.36238159339813,2469.139034733164,11.29208899204291,5.529999999999999,6.652568426304736,16.0,0.9010352280808979,1.2312444444444435,1.3033081442265861,4.111806396578729,86.53520996398993,0.03688391973816664,5.553333333333333,6.700746227100382,16.0,0.9123734887440339,1.249599999999999,7.654638510407023,7.704459837135669,7.862726738854444,0.0,0.0,62,63,38,41.0
helicoid_patch,gaussian_curvature,1,0.003775,0,17264566904994897754,centered_standardized_gaussian_coordinates,unperturbed_median_edge_length,289,512,3.589185704630573,0.4248776360725953,0.10663250385983584,0.0037750000000000006,0.006538491798572512,0.005885299124625665,0.01308888619858822,12.846733756947513,114.64541571820442,2407.1675109380362,11.292030752901661,5.9,7.279194094586753,17.0,1.1795583779516323,1.5560000000000014,1.8890747110725419,5.835586840681656,74.87136307822357,-0.009875952317894648,5.923333333333334,7.326436150453143,17.0,1.190922542088756,1.5723333333333345,7.347877064271188,7.5939473072052595,7.9230531234219175,0.0,0.0,80,85,45,53.0
helicoid_patch,gaussian_curvature,1,0.003775,1,16117562173444382654,centered_standardized_gaussian_coordinates,unperturbed_median_edge_length,289,512,3.589185704630573,0.4248776360725953,0.10661245128776499,0.0037750000000000006,0.006538491798572512,0.005774345656386938,0.014895893110052894,12.683341452875048,116.64927818247294,2445.406566438727,11.28938113438942,6.1466666666666665,7.523740204623407,16.0,1.293003033424298,1.7310666666666648,1.670250990662892,6.142131965932667,170.32908529995348,0.08912496995702102,6.17,7.571657678474378,16.0,1.3040154303111995,1.744833333333331,7.443034638760387,7.705943397112439,7.896985099336703,0.0,0.0,75,77,44,49.0
helicoid_patch,gaussian_curvature,1,0.003775,2,11973177129976090925,centered_standardized_gaussian_coordinates,unperturbed_median_edge_length,289,512,3.589185704630573,0.4248776360725953,0.10661649776454092,0.003775,0.006538491798572512,0.005837203156261665,0.013280106333800248,12.793087826586351,115.09369373899992,2532.951268983006,11.286980181753643,5.215000000000001,6.598358381698689,16.0,1.186957404146948,1.5473999999999994,1.7732340525375956,5.645036026647157,71.4009390049755,0.05501096237886778,5.238333333333333,6.650438582028507,16.0,1.1981866003074728,1.5608555555555546,7.366541276091619,7.636941125011563,7.9100629969072855,0.0,0.0,77,77,51,54.0
helicoid_patch,gaussian_curvature,1,0.003775,3,16094910958631105546,centered_standardized_gaussian_coordinates,unperturbed_median_edge_length,289,512,3.589185704630573,0.4248776360725953,0.10662795440455336,0.003775000000000001,0.006538491798572514,0.005761340350336483,0.013994089646561087,12.599174735324064,114.51700764193731,2454.988550780588,11.285496934701673,5.731666666666667,6.548154956423476,13.0,1.0018116925886857,1.3578000000000008,1.6002374073368144,4.791373649941905,91.7308284075093,-0.11918619114118081,5.755000000000001,6.592546296133738,13.0,1.0125646127938226,1.371255555555556,7.4614862305421195,7.572304526976857,7.881711843886421,0.0,0.0,70,71,48,50.0
helicoid_patch,gaussian_curvature,1,0.005,0,11690365720803321341,centered_standardized_gaussian_coordinates,unperturbed_median_edge_length,289,512,3.589185704630573,0.4248776360725953,0.10663701011043661,0.004999999999999999,0.008660254037844387,0.007755404167960637,0.018942851861366655,13.237443252339787,115.67332471559425,2491.2700072775565,11.285230491955556,5.633333333333333,7.480418883101847,19.0,1.3752308245985203,1.9419666666666646,2.3681113875221067,7.465210616122873,117.98392080896247,-0.13103459863853806,5.656666666666668,7.534808115229833,19.0,1.3867307310996362,1.9577555555555533,7.388427917137186,7.527181709158531,7.913327651535831,0.0,0.0,109,113,63,71.0
helicoid_patch,gaussian_curvature,1,0.005,1,17836623471509761278,centered_standardized_gaussian_coordinates,unperturbed_median_edge_length,289,512,3.589185704630573,0.4248776360725953,0.10663966401627605,0.005,0.008660254037844387,0.00796068010290787,0.01928844658755119,13.169991779354884,114.4049371068412,2525.7853540944907,11.292938128367961,6.041666666666668,7.615882527105225,18.0,1.257669355562825,1.7626000000000006,2.4736925525788767,9.49263956126709,201.76722866990076,0.06327260118735625,6.065,7.668007129191609,18.0,1.269160758122803,1.7808000000000006,6.975714347202907,7.509775899034157,7.885214758320317,0.0,0.0,89,91,53,58.0
helicoid_patch,gaussian_curvature,1,0.005,2,14021816549567471437,centered_standardized_gaussian_coordinates,unperturbed_median_edge_length,289,512,3.589185704630573,0.4248776360725953,0.10662517824712572,0.004999999999999999,0.008660254037844387,0.007563418382705077,0.01683395917516909,13.22704668200943,113.69057363945623,2463.7847063430117,11.290322588222438,5.658333333333334,7.453746261668245,17.0,1.4360396045884305,1.9655444444444419,2.5076667671023882,10.700328107280683,284.05260193690924,-0.13360132823140386,5.681666666666667,7.502110814075374,17.0,1.447305222358663,1.9808666666666639,7.321193179726143,7.42263868014193,7.913911445423044,0.0,0.0,83,87,50,60.0
helicoid_patch,gaussian_curvature,1,0.005,3,18235691152547084849,centered_standardized_gaussian_coordinates,unperturbed_median_edge_length,289,512,3.589185704630573,0.4248776360725953,0.10663329576279842,0.005,0.008660254037844387,0.007713788825026725,0.02079209188051034,12.795798529972437,115.20225687551176,2404.2235507451933,11.286804789352663,6.53,7.590783885739338,19.0,1.2454685829812893,1.595755555555558,1.8263366257792106,4.956244307884693,85.12691988787265,0.034732114262162356,6.553333333333334,7.63784437303266,19.0,1.2562229915365444,1.605011111111113,7.15036844548864,7.471966841540661,7.846020062130608,0.0,0.0,86,89,54,61.0
helicoid_patch,gaussian_curvature,2,0.0,0,3555452361262546694,centered_standardized_gaussian_coordinates,unperturbed_median_edge_length,1089,2048,3.589185704630573,0.21379790153434586,0.053556936766812155,0.0,0.0,0.0,0.0,11.198578683071162,210.4102878067042,8257.524828309972,11.189900092826802,0.006666666666666668,0.08164965809277261,1.0,0.0035590376467794656,0.0063111111111111146,0.0,0.0,0.0,0.0,0.0,0.0,0.0,0.0,0.0,7.754875642182793,7.754875642182935,7.932164273530766,0.0,0.0,6,11,1,1.0
helicoid_patch,gaussian_curvature,2,0.0001,0,821130868676876446,centered_standardized_gaussian_coordinates,unperturbed_median_edge_length,1089,2048,3.589185704630573,0.21379790153434586,0.05355696207619919,0.00010000000000000006,0.00017320508075688784,0.0001559099406723013,0.0004204257571193997,11.258809939353451,210.49601805322953,8260.584025586963,11.189899087350483,2.8000000000000003,3.874274125562104,13.0,0.22721372007094426,0.5355555555555557,0.09073548932442627,0.37044013208464877,12.712856061160892,0.006349844881562342,2.806666666666667,3.897435053981016,14.0,0.2296872372034555,0.5417777777777778,7.7433471489848245,7.752837641983633,7.933628556064331,0.0,0.0,69,69,45,53.0
helicoid_patch,gaussian_curvature,2,0.0001,1,1971618114624676765,centered_standardized_gaussian_coordinates,unperturbed_median_edge_length,1089,2048,3.589185704630573,0.21379790153434586,0.053556925129465194,0.00010000000000000005,0.00017320508075688778,0.00015185954984917003,0.00041842702560978976,11.272612501051256,210.2810184380452,8259.90955823347,11.189878562484253,4.026666666666667,4.887057737875964,16.0,0.2789904397155478,0.5769666666666667,0.10657722190063867,0.5315156539752769,16.382283553060915,-0.004777901188376319,4.033333333333333,4.906798005488576,16.0,0.28213060575503596,0.5831666666666667,7.740434643538696,7.753754133075346,7.934599532144544,0.0,0.0,73,73,46,57.0
helicoid_patch,gaussian_curvature,2,0.0001,2,14689611753390411968,centered_standardized_gaussian_coordinates,unperturbed_median_edge_length,1089,2048,3.589185704630573,0.21379790153434586,0.05355688624627816,9.999999999999999e-05,0.00017320508075688773,0.00015610379477000937,0.0003951303689846569,11.264615898943983,210.30142686039608,8271.407426480237,11.189941294654709,3.3300000000000005,4.205948168962618,16.0,0.32075722371255466,0.5636777777777779,0.1040097082468801,0.6392826134686423,30.00755067424234,-0.005504647703630506,3.336666666666667,4.228869037146142,16.0,0.3241692187845836,0.5698333333333334,7.742268147153549,7.753133491151497,7.9328432753634965,0.0,0.0,65,65,42,55.0
helicoid_patch,gaussian_curvature,2,0.0001,3,17481502514169696794,centered_standardized_gaussian_coordinates,unperturbed_median_edge_length,1089,2048,3.589185704630573,0.21379790153434586,0.053556959214589965,0.00010000000000000005,0.0001732050807568878,0.0001520652501976028,0.00042209281263721126,11.27331235733582,210.43655558876526,8267.07944595967,11.189889643495718,3.8483333333333336,4.775807087114527,18.0,0.49955722248717005,0.6512666666666668,0.10688033854070284,0.5123754162796298,15.474108404358049,-0.0015003978875004977,3.8550000000000004,4.798784568339501,18.0,0.5029403780657208,0.6567333333333335,7.747621837717643,7.75316543272559,7.932288837301125,0.0,0.0,71,71,46,58.0
helicoid_patch,gaussian_curvature,2,0.001325,0,2327987496258439830,centered_standardized_gaussian_coordinates,unperturbed_median_edge_length,1089,2048,3.589185704630573,0.21379790153434586,0.05355706779403341,0.0013250000000000002,0.002294967320028763,0.0020334574156948555,0.0049495363138391925,12.43573091790525,211.29748782283627,8295.87914664826,11.190398520367351,14.890000000000002,18.108101317734373,46.0,2.760754597495511,3.3198333333333356,1.4699925664143754,7.564490322112852,348.3327797820484,0.09139454615433827,14.89666666666667,18.12263777710077,46.0,2.764003136090276,3.3228333333333353,7.639380849338747,7.721278512245258,7.944823871858104,0.0,0.0,372,383,159,219.0
helicoid_patch,gaussian_curvature,2,0.001325,1,9607133330443625790,centered_standardized_gaussian_coordinates,unperturbed_median_edge_length,1089,2048,3.589185704630573,0.21379790153434586,0.05355721156626664,0.0013249999999999996,0.002294967320028762,0.002028719420543302,0.006666803841429373,12.426438451659642,212.577316216588,8370.555440795484,11.189652437161849,13.585,15.899423469631428,38.0,2.1002196273159033,2.5306666666666655,1.4259983765326611,7.2081062399335725,284.9716093816669,0.09718194091069873,13.591666666666669,15.913882828105361,38.0,2.1034477733927543,2.53611111111111,7.626711203416107,7.7147352065523656,7.960482383091432,0.0,0.0,362,375,145,196.0
helicoid_patch,gaussian_curvature,2,0.001325,2,332829671977654865,centered_standardized_gaussian_coordinates,unperturbed_median_edge_length,1089,2048,3.589185704630573,0.21379790153434586,0.0535566688108089,0.0013249999999999996,0.002294967320028762,0.0020261229365225075,0.005654448231185712,12.294635932979679,211.29623307283023,8250.427138071793,11.18972844038102,13.511666666666667,15.853758755155406,40.0,2.2847995043329345,2.8624333333333425,1.304529518546315,6.1191370390037285,223.84956548061746,0.06214913163092545,13.518333333333334,15.86741944992947,40.0,2.287950558317323,2.8649444444444536,7.629562602909187,7.716722405127542,7.9445248229507035,0.0,0.0,388,407,167,234.0
helicoid_patch,gaussian_curvature,2,0.001325,3,14582507388463694693,centered_standardized_gaussian_coordinates,unperturbed_median_edge_length,1089,2048,3.589185704630573,0.21379790153434586,0.05355800918447463,0.0013250000000000002,0.0022949673200287632,0.002020824646605594,0.005704504340796409,12.237304349868204,210.3307704312604,8260.112086535095,11.190177509757223,12.443333333333333,15.022427677753464,34.0,2.4407926395370216,3.083022222222222,1.1583283432469558,4.458244591117101,73.53933455182697,-0.01486440232608277,12.450000000000001,15.036621961065592,34.0,2.4440074909127945,3.0875111111111107,7.6392438161821286,7.7166941635909785,7.946332423741915,0.0,0.0,358,371,156,223.0
helicoid_patch,gaussian_curvature,2,0.00255,0,3119338794610305764,centered_standardized_gaussian_coordinates,unperturbed_median_edge_length,1089,2048,3.589185704630573,0.21379790153434586,0.05355682254497453,0.0025499999999999993,0.004416729559300635,0.003954397680107976,0.009236814669163148,13.353609654814981,211.69816986483815,8395.973715537004,11.189601065417275,13.465000000000002,17.049877809923842,48.0,3.541074439001731,4.443866666666666,2.387966357025676,9.77408556564221,145.99727186157688,0.05360613805480799,13.47166666666667,17.0657063531907,48.0,3.5442755699349684,4.448133333333332,7.483690081070189,7.644086458071226,7.948616267897063,0.0,0.0,524,551,185,296.0
helicoid_patch,gaussian_curvature,2,0.00255,1,11666227218527862073,centered_standardized_gaussian_coordinates,unperturbed_median_edge_length,1089,2048,3.589185704630573,0.21379790153434586,0.05355859529244965,0.0025499999999999997,0.0044167295593006365,0.003902066304552209,0.010500329176755679,13.247793980257224,210.07531308283012,8411.040697972061,11.187901725386006,10.64,14.777347529242183,44.0,2.8891477528072946,3.9114999999999998,2.3752168604541444,10.360690110537865,324.0528809066045,0.01819016268779656,10.646666666666668,14.796058033588993,44.0,2.892485635195932,3.9162333333333335,7.533708223981545,7.707960713037515,7.945877554826377,0.0,0.0,478,501,176,269.0
helicoid_patch,gaussian_curvature,2,0.00255,2,1222048156234287772,centered_standardized_gaussian_coordinates,unperturbed_median_edge_length,1089,2048,3.589185704630573,0.21379790153434586,0.053557878386585725,0.002550000000000001,0.004416729559300639,0.0038425173678998505,0.011573441451327295,13.455889601938523,207.67050729055435,8148.827856312966,11.189775833398784,11.676666666666668,16.107658633912834,44.0,3.1221451205222426,4.342733333333333,2.6159698931623314,12.153921726517911,372.6960731737054,-0.09961933225902395,11.683333333333334,16.124205406778966,44.0,3.1254820081832806,4.347933333333333,7.49738339281712,7.719302602376161,7.922756449717661,0.0,0.0,481,501,178,251.0
helicoid_patch,gaussian_curvature,2,0.00255,3,12237244079561573320,centered_standardized_gaussian_coordinates,unperturbed_median_edge_length,1089,2048,3.589185704630573,0.21379790153434586,0.05356011645377937,0.00255,0.004416729559300637,0.003919591338737762,0.010532828767993711,13.32028379132398,209.5980861921285,8272.912625422721,11.186873907071348,10.870000000000001,15.145956556124146,44.0,3.318445944973632,4.256933333333337,2.4609354293341026,12.638153938294058,505.10460243725083,-0.08127485523451594,10.876666666666665,15.162893303500272,44.0,3.3217116501386257,4.261733333333337,7.519204071686197,7.715391946996456,7.991862282422658,0.0,0.0,422,435,162,237.0
helicoid_patch,gaussian_curvature,2,0.003775,0,12175782303752514262,centered_standardized_gaussian_coordinates,unperturbed_median_edge_length,1089,2048,3.589185704630573,0.21379790153434586,0.053557389525044394,0.0037750000000000014,0.006538491798572514,0.005797366043683531,0.014994906377344144,14.781443247472842,209.62673046551384,8639.715687276577,11.19016698335254,13.078333333333333,18.90136679361222,46.0,4.900550868608857,6.4079666666666615,4.188219329208508,19.176623483486996,535.3662196082742,0.07647619361462142,13.085,18.91776061447725,47.0,4.903778607265427,6.412566666666661,7.3809491424528835,7.603391143398541,7.920930688246204,0.0,0.0,526,553,179,282.0
helicoid_patch,gaussian_curvature,2,0.003775,1,14630160006551411776,centered_standardized_gaussian_coordinates,unperturbed_median_edge_length,1089,2048,3.589185704630573,0.21379790153434586,0.05355890435049307,0.0037750000000000006,0.006538491798572512,0.0057560705257431455,0.01570666287364947,14.125539420607899,209.80769358185051,8561.912904719286,11.190196153469014,14.381666666666668,18.425751906864843,50.0,4.793635171485675,6.428766666666661,3.3623077113857347,15.418856862132678,532.4461614016882,-0.02189368380079393,14.388333333333332,18.439676425216,50.0,4.796783505198114,6.432033333333328,7.48694615002976,7.672238395934964,7.943491100144237,0.0,0.0,510,531,187,272.0
helicoid_patch,gaussian_curvature,2,0.003775,2,15351208030111116178,centered_standardized_gaussian_coordinates,unperturbed_median_edge_length,1089,2048,3.589185704630573,0.21379790153434586,0.053558295416253864,0.0037750000000000006,0.006538491798572513,0.005720842359284154,0.018537489697024248,14.587224529102661,210.75541615817735,8464.535500831707,11.188556132175542,13.805,18.69112980355477,45.0,4.888811449228853,6.550066666666668,3.8806732906316546,16.809243443795083,477.66631964892895,-0.052618374553394576,13.811666666666667,18.705747779760102,45.0,4.8919896038290185,6.554644444444445,7.436851318585462,7.653920013618026,7.937412677343929,0.0,0.0,531,547,180,272.0
helicoid_patch,gaussian_curvature,2,0.003775,3,11723239923347425925,centered_standardized_gaussian_coordinates,unperturbed_median_edge_length,1089,2048,3.589185704630573,0.21379790153434586,0.05355898877369005,0.003775000000000001,0.006538491798572513,0.005818533488913431,0.015422335980077211,14.61995416469674,205.77940203194885,8934.885538779277,11.189655720939285,11.576666666666668,16.86791826713263,46.0,4.23383710042342,5.598711111111111,4.322616305895652,31.094929128092534,1521.6469349461722,-0.25555377375324456,11.583333333333336,16.884114822321404,46.0,4.237089155969914,5.603555555555555,7.353788153394601,7.650002210019499,7.952108485411181,0.0,0.0,540,559,184,275.0
helicoid_patch,gaussian_curvature,2,0.005,0,8495845095575367973,centered_standardized_gaussian_coordinates,unperturbed_median_edge_length,1089,2048,3.589185704630573,0.21379790153434586,0.05356211133805324,0.004999999999999998,0.008660254037844383,0.007597749137383035,0.021428643151007783,15.207169641928868,205.46818594487405,8438.846356006203,11.18393248913057,17.31,23.04314793309861,50.0,6.722833836516829,8.88799999999999,4.828996144346769,22.449063197231663,731.772726799054,-0.3064455226847803,17.316666666666663,23.056886173115398,50.0,6.725978077377758,8.891999999999989,7.372791185290155,7.642963865618981,7.948371208792107,0.0,0.0,543,563,178,259.0
helicoid_patch,gaussian_curvature,2,0.005,1,5587302655947681170,centered_standardized_gaussian_coordinates,unperturbed_median_edge_length,1089,2048,3.589185704630573,0.21379790153434586,0.053563484422527695,0.005000000000000001,0.00866025403784439,0.00779636535349763,0.02109831972851288,15.40466362659479,219.12358056431412,9559.370324405323,11.189131909890392,17.596666666666664,23.527218280111228,52.0,6.767687009894065,9.303333333333326,5.285472182239191,45.89726487609692,2876.0407859763563,0.6533732681295399,17.60333333333333,23.53982441169291,52.0,6.7707918623474495,9.307333333333325,7.2168366701378295,7.562398940292315,7.941719908253337,0.0,0.0,539,555,180,259.0
helicoid_patch,gaussian_curvature,2,0.005,2,14927583484680491986,centered_standardized_gaussian_coordinates,unperturbed_median_edge_length,1089,2048,3.589185704630573,0.21379790153434586,0.0535625649149536,0.005,0.008660254037844385,0.007533808966070442,0.023726584549723456,15.885095413855048,211.338398595681,8840.240373881827,11.184380906985462,16.801666666666666,21.326313949359992,47.0,6.327687399497646,8.612133333333333,5.494444001270697,30.54401018033726,1236.0320734455718,-0.049198201930141905,16.808333333333334,21.33959543509045,47.0,6.330808532283057,8.615866666666665,7.220037114686038,7.659560406240503,7.938002879610866,0.0,0.0,546,569,170,270.0
helicoid_patch,gaussian_curvature,2,0.005,3,336290665156117922,centered_standardized_gaussian_coordinates,unperturbed_median_edge_length,1089,2048,3.589185704630573,0.21379790153434586,0.05356098190890392,0.004999999999999998,0.008660254037844381,0.007764211180976639,0.021155999633285183,14.951172672828312,207.89504768576558,8463.880433319124,11.188647871271964,13.936666666666667,19.521697330577243,49.0,5.399431958510866,6.97108888888889,4.4483392889228295,21.500567077578236,882.2623311701464,-0.12457662527361849,13.943333333333332,19.53791186386099,49.0,5.4026282905055,6.975666666666667,7.1268668841475025,7.531006991193214,7.958471897048694,0.0,0.0,526,547,175,269.0
helicoid_patch,mean_curvature,0,0.0,0,12063063235367186189,centered_standardized_gaussian_coordinates,unperturbed_median_edge_length,81,128,3.589185704630573,0.8409164552591997,0.2105116946896406,0.0,0.0,0.0,0.0,0.48024290083312815,1.3009849447650925,6.319162661735275,0.40338347126231616,0.06666666666666665,0.3366501646120691,2.0,0.018496668591159747,0.032444444444443415,0.0,0.0,0.0,0.0,0.0,0.0,0.0,0.0,0.0,7.754723671539981,7.754723671539981,7.7547236715400745,0.0,0.0,9,9,7,7.0
helicoid_patch,mean_curvature,0,0.0001,0,4586977107890686081,centered_standardized_gaussian_coordinates,unperturbed_median_edge_length,81,128,3.589185704630573,0.8409164552591997,0.21050993489045391,0.0001,0.00017320508075688773,0.00015299398409973804,0.0003070916602389938,0.48084753268495234,1.3015800037594578,6.299648152149278,0.4032571335644423,0.07666666666666666,0.3785938897200181,3.0,0.02116179928482445,0.03705555555555451,0.007975447586000784,0.009667643105866945,0.026030261555753123,1.370914598405551e-05,0.010000000000000009,0.10000000000000005,1.0,0.0028634672068044466,0.005066666666666664,7.7449223312665705,7.7493958971729215,7.754367427674567,0.0,0.0,23,23,8,9.0
helicoid_patch,mean_curvature,0,0.0001,1,10290068155145228875,centered_standardized_gaussian_coordinates,unperturbed_median_edge_length,81,128,3.589185704630573,0.8409164552591997,0.21051039358187965,0.00010000000000000002,0.00017320508075688776,0.00015363640031768332,0.00037980765228629,0.48073974259040414,1.3011365094329523,6.3271292101807655,0.4030801767482499,0.0733333333333333,0.3829708431025351,3.0,0.020230732844865738,0.03544444444444372,0.007430889813599729,0.010040837162673287,0.040683705859849775,-0.00025177200904184744,0.020000000000000018,0.16329931618554522,2.0,0.0020206546630954455,0.010022222222221877,7.74850652465268,7.750608528733102,7.758217351397585,0.0,0.0,29,29,8,11.0
helicoid_patch,mean_curvature,0,0.0001,2,9752504043839386421,centered_standardized_gaussian_coordinates,unperturbed_median_edge_length,81,128,3.589185704630573,0.8409164552591997,0.21051207874554143,0.00010000000000000002,0.00017320508075688773,0.00015739490265813098,0.00029451086275532524,0.4809921002354286,1.3013612652518554,6.320097941672785,0.40278700520510896,0.08000000000000002,0.408248290463863,3.0,0.022131325210107845,0.03893333333333335,0.0064974095027533945,0.00788119278883753,0.018430577466917463,-0.000568550402794956,0.013333333333333364,0.16329931618554538,2.0,0.0037924334457348427,0.006666666666665544,7.751943844932844,7.752624575538158,7.761387512202756,0.0,0.0,21,21,8,11.0
helicoid_patch,mean_curvature,0,0.0001,3,2766759923167635622,centered_standardized_gaussian_coordinates,unperturbed_median_edge_length,81,128,3.589185704630573,0.8409164552591997,0.2105125917391542,9.999999999999999e-05,0.0001732050807568877,0.0001571009570028675,0.0003460856470099251,0.4809513830160006,1.301139419341718,6.32521836992037,0.403615934443958,0.08333333333333334,0.40414518843273806,3.0,0.023004573261560243,0.04027777777777747,0.009200776721253244,0.011615267903944935,0.029476140517429972,0.00026070714251089246,0.01666666666666669,0.1527525231651949,2.0,0.004736698942557469,0.008333333333332582,7.746339870430189,7.749669442737089,7.765680414092562,0.0,0.0,23,23,6,7.0
helicoid_patch,mean_curvature,0,0.001325,0,2250238039307274879,centered_standardized_gaussian_coordinates,unperturbed_median_edge_length,81,128,3.589185704630573,0.8409164552591997,0.21051124744035868,0.001325,0.002294967320028763,0.002294663763711731,0.004396604667911732,0.5188286688535758,1.3041563028224792,6.440754862358491,0.4086370126599989,0.23666666666666655,1.0279429296739513,7.0,0.04403703197520469,0.11733333333333387,0.08769004365473021,0.11259554006051437,0.29254195087748397,0.005398178838784068,0.2633333333333332,1.066145706114631,7.0,0.03063163088540316,0.1319444444444439,7.678441049985023,7.7305746912357876,7.784300434027579,0.0,0.0,33,33,15,23.0
helicoid_patch,mean_curvature,0,0.001325,1,12986216455409031027,centered_standardized_gaussian_coordinates,unperturbed_median_edge_length,81,128,3.589185704630573,0.8409164552591997,0.2104728212339624,0.001325,0.0022949673200287624,0.002069935642189943,0.004102412956723746,0.5377521232098964,1.3089000147877008,6.268655512463371,0.39687786376901346,0.3333333333333333,1.3114877048604001,9.0,0.06503081574057586,0.14177777777777756,0.10183283825149016,0.12824407569148027,0.321727166704984,-0.007669711095180016,0.3533333333333332,1.3564659966250532,9.0,0.049960993015003355,0.15277777777777649,7.69763887877864,7.717381385098593,7.7666196186232845,0.0,0.0,35,35,18,25.0
helicoid_patch,mean_curvature,0,0.001325,2,6298125080970640405,centered_standardized_gaussian_coordinates,unperturbed_median_edge_length,81,128,3.589185704630573,0.8409164552591997,0.21049764263464193,0.0013249999999999998,0.002294967320028762,0.0020111331027763994,0.004631645528219487,0.5283183932963682,1.3056181026114224,6.3725750288395115,0.4144331059302818,0.2466666666666667,1.0488088481701514,8.0,0.058055254651000865,0.1012000000000006,0.0941238741076135,0.11682911570695513,0.32596533851734105,0.011749914078749505,0.2599999999999999,1.0360180178613365,8.0,0.04122306178639854,0.08717777777777622,7.643487138473185,7.727276372686349,7.804110981393312,0.0,0.0,30,31,15,23.0
helicoid_patch,mean_curvature,0,0.001325,3,8768613300834233590,centered_standardized_gaussian_coordinates,unperturbed_median_edge_length,81,128,3.589185704630573,0.8409164552591997,0.21054010137358226,0.001325,0.0022949673200287624,0.0020200270341269324,0.004342157531787644,0.5298032623780191,1.3064937244811583,6.246684096929366,0.40766431359010064,0.2933333333333334,1.2961481396815722,9.0,0.07962384612933478,0.1359111111111111,0.09149694980642313,0.11062045777513081,0.24954857698778693,0.005362114376909917,0.25333333333333335,1.1775681155103797,9.0,0.06215713527038193,0.10502222222222313,7.5899707654186725,7.627485487228591,7.791264260967555,0.0,0.0,29,31,17,25.0
helicoid_patch,mean_curvature,0,0.00255,0,5349699752793198560,centered_standardized_gaussian_coordinates,unperturbed_median_edge_length,81,128,3.589185704630573,0.8409164552591997,0.21050024836319148,0.00255,0.004416729559300637,0.003861563837139967,0.008948555897099931,0.5947945248064158,1.3254235394558564,6.496385520657769,0.411632644739701,0.5300000000000001,1.8699376103674334,10.0,0.13939897273948312,0.23550000000000154,0.18952607868016372,0.23591943417112746,0.6544055374300349,0.010285727688655814,0.51,1.7879224442538515,10.0,0.12305311016715814,0.22710000000000055,7.631180850503741,7.640069397203996,7.777024720221126,0.0,0.0,32,33,22,31.0
helicoid_patch,mean_curvature,0,0.00255,1,17784717389234827649,centered_standardized_gaussian_coordinates,unperturbed_median_edge_length,81,128,3.589185704630573,0.8409164552591997,0.21054826716551997,0.00255,0.004416729559300637,0.004037576907006081,0.008841538427693748,0.6069976749388023,1.322641605978588,5.700800208589199,0.3983678628123861,0.5333333333333332,1.9026297590440446,10.0,0.12110434571657795,0.2619111111111127,0.18799816334422126,0.22933856529693658,0.6183624531460756,-0.00444806682460525,0.5533333333333332,1.9026297590440446,10.0,0.10717602689380112,0.27546666666666714,7.490364652821196,7.539235608654567,7.670627350085407,0.0,0.0,37,39,23,31.0
helicoid_patch,mean_curvature,0,0.00255,2,6757084044848811869,centered_standardized_gaussian_coordinates,unperturbed_median_edge_length,81,128,3.589185704630573,0.8409164552591997,0.2105837675102639,0.00255,0.004416729559300638,0.003858606540623747,0.009580546395540523,0.5889142442555052,1.3210747405656793,6.758689211201247,0.39354728962260493,0.4733333333333332,1.6772994167212163,11.0,0.09000409455706486,0.23366666666666738,0.16489416476427296,0.2065085079853852,0.5521102893282971,-0.008096453963092163,0.4799999999999998,1.675310916417208,11.0,0.07626028905821686,0.23999999999999963,7.5406694275133885,7.584476981121669,7.714818261112663,0.0,0.0,33,33,23,31.0
helicoid_patch,mean_curvature,0,0.00255,3,5483579778211852386,centered_standardized_gaussian_coordinates,unperturbed_median_edge_length,81,128,3.589185704630573,0.8409164552591997,0.21052078963789222,0.00255,0.004416729559300637,0.003896944474541402,0.010764237070636585,0.6223760310679263,1.3381197580859796,6.259431954721915,0.39580061245612874,0.5333333333333332,1.5491933384829666,8.0,0.120871721956479,0.25480000000000125,0.20406802141262467,0.2840062941882391,0.8219239361614236,-0.008394023498609732,0.49999999999999983,1.4966629547095762,8.0,0.1070367953348547,0.24306666666666685,7.667721511055937,7.706021335749354,7.782088383961022,0.0,0.0,33,33,21,23.0
helicoid_patch,mean_curvature,0,0.003775,0,16520433636051402030,centered_standardized_gaussian_coordinates,unperturbed_median_edge_length,81,128,3.589185704630573,0.8409164552591997,0.21044985963232538,0.003775,0.0065384917985725115,0.005793312660421383,0.012664572744167124,0.6465189309981445,1.33132591218896,5.7367998351137945,0.4214747620721555,0.5000000000000001,1.5209646062066446,7.0,0.10556462923963726,0.23655555555555635,0.24021631269206853,0.28389317356781724,0.6051439949389218,0.023784800842783387,0.44000000000000006,1.42828568570857,7.0,0.0905600067072369,0.2069999999999998,7.443467419566192,7.4929139227761326,7.671560402103111,0.0,0.0,27,27,20,21.0
helicoid_patch,mean_curvature,0,0.003775,1,3951077474722202777,centered_standardized_gaussian_coordinates,unperturbed_median_edge_length,81,128,3.589185704630573,0.8409164552591997,0.21051696451152743,0.003775,0.006538491798572512,0.0056453875466344885,0.0133222183300365,0.66695754308524,1.3405902839650297,6.534550555657705,0.4015661036305117,0.5566666666666668,1.6176114078067907,9.0,0.08068903385953527,0.2671000000000009,0.2384087681009279,0.29967461886179025,0.7451844971120338,-0.002406662886743013,0.6166666666666667,1.7233687939614086,9.0,0.07446877394036418,0.2964333333333332,7.438678519655251,7.559839172763187,7.829786371238288,0.0,0.0,36,37,25,31.0
helicoid_patch,mean_curvature,0,0.003775,2,18140540989558876197,centered_standardized_gaussian_coordinates,unperturbed_median_edge_length,81,128,3.589185704630573,0.8409164552591997,0.21043897722323981,0.003775,0.006538491798572512,0.0059026544086721875,0.01550879655476508,0.6614952160740644,1.332466430345558,6.409319777586472,0.40291842382359777,0.6900000000000001,1.8982448033205133,8.0,0.1244732338557252,0.3396222222222225,0.2539174535725302,0.3082189370513601,0.7739307695636737,0.0033383199063654776,0.6833333333333333,1.877054430040145,8.0,0.11287970662933267,0.34054444444444365,7.342848783839389,7.391978826526909,7.643674571383239,0.0,0.0,33,33,29,33.0
helicoid_patch,mean_curvature,0,0.003775,3,13440126748988940359,centered_standardized_gaussian_coordinates,unperturbed_median_edge_length,81,128,3.589185704630573,0.8409164552591997,0.2104812706140494,0.0037750000000000006,0.006538491798572513,0.005775484235775767,0.012396276106716043,0.7049820175349941,1.357291668990559,6.626884124851413,0.39651607822219254,0.6633333333333334,1.8411952639521971,8.0,0.14889553557579682,0.3249555555555564,0.29002281714478184,0.37607539162916676,0.8474885890038037,-0.0014186695058652017,0.6633333333333333,1.843004792903878,8.0,0.13730048787674937,0.3302111111111109,7.500962466886658,7.518807682119198,7.689478739313687,0.0,0.0,31,31,22,23.0
helicoid_patch,mean_curvature,0,0.005,0,3360039342367730720,centered_standardized_gaussian_coordinates,unperturbed_median_edge_length,81,128,3.589185704630573,0.8409164552591997,0.210490157917058,0.005,0.008660254037844387,0.007422941902964266,0.015431541969230507,0.7153504553946226,1.3630598415267692,6.803491889694185,0.4070167484271821,0.9833333333333334,2.4131583730317687,9.0,0.1947752849452784,0.4793333333333336,0.31629417329637793,0.3932496594525129,0.962565290577959,0.002653968310076248,0.9566666666666667,2.364318083507378,9.0,0.18350649650423584,0.47649999999999926,7.382854070541788,7.542494760194847,7.713349545989367,0.0,0.0,32,33,24,27.0
helicoid_patch,mean_curvature,0,0.005,1,3682360292618700013,centered_standardized_gaussian_coordinates,unperturbed_median_edge_length,81,128,3.589185704630573,0.8409164552591997,0.21055840715359478,0.005,0.008660254037844387,0.007772673976025626,0.014787744064277164,0.7882382496131772,1.387207450283002,5.539551466239559,0.41029867163316286,1.0166666666666668,2.254624876411447,8.0,0.18676302611012374,0.4917777777777782,0.38497146905154384,0.4609393568129207,1.066419708682487,0.00858644853874747,0.9566666666666668,2.1946905628508695,8.0,0.17740937436085794,0.46926666666666605,7.313669232099638,7.399749581408178,7.6402652704882525,0.0,0.0,35,35,29,33.0
helicoid_patch,mean_curvature,0,0.005,2,5137657217570253979,centered_standardized_gaussian_coordinates,unperturbed_median_edge_length,81,128,3.589185704630573,0.8409164552591997,0.21062778834897092,0.005,0.008660254037844387,0.007817472529289863,0.015848940648257002,0.8030326192445918,1.3928606659516918,5.691346754076606,0.4199167115726188,1.0733333333333335,2.5845695966640174,10.0,0.2385585200526524,0.4893777777777771,0.41835571422333123,0.5047650892640697,1.2451304683951598,0.021806473628502424,1.0066666666666668,2.4979991993593593,10.0,0.2251108319620945,0.4629999999999982,7.10412471578371,7.341926839163823,7.569924580638069,0.0,0.0,35,35,24,29.0
helicoid_patch,mean_curvature,0,0.005,3,10703192765225258893,centered_standardized_gaussian_coordinates,unperturbed_median_edge_length,81,128,3.589185704630573,0.8409164552591997,0.21043189571468054,0.005,0.008660254037844387,0.00830024237859199,0.018029763775186378,0.7564045827192447,1.3779871355709243,6.955598192775469,0.44035818451173525,0.9566666666666667,2.279619851349489,11.0,0.1894777130015032,0.4721000000000012,0.3603016388369398,0.44165588404479905,1.0494084530353691,0.04472525289038729,0.9566666666666667,2.2634781495153278,11.0,0.1787445187510351,0.4764777777777779,7.295118513803985,7.303415292374527,7.50620622957726,0.0,0.0,34,35,28,33.0
helicoid_patch,mean_curvature,1,0.0,0,16713547743279102808,centered_standardized_gaussian_coordinates,unperturbed_median_edge_length,289,512,3.589185704630573,0.4248776360725953,0.10661765833072771,0.0,0.0,0.0,0.0,0.23619156840490557,0.9403987419968158,7.158933616183051,0.21523350959757534,0.06000000000000008,0.30550504633038966,2.0,0.01665321679525104,0.029799999999998994,0.0,0.0,0.0,0.0,0.0,0.0,0.0,0.0,0.0,7.789096995321862,7.789096995321862,7.793225791949496,0.0,0.0,19,19,4,5.0
helicoid_patch,mean_curvature,1,0.0001,0,2951365359456866575,centered_standardized_gaussian_coordinates,unperturbed_median_edge_length,289,512,3.589185704630573,0.4248776360725953,0.10661753833819834,0.00010000000000000002,0.00017320508075688776,0.00015394225432963278,0.0003677128817027516,0.24330461756500554,0.9406359435178466,7.165399145336018,0.2152326909426128,0.17666666666666672,1.4177446878757818,20.0,0.02696742471732845,0.05500000000000027,0.014686741174908476,0.018651253809482994,0.06417383342198056,4.991980142299033e-05,0.1633333333333335,1.429452109492771,19.0,0.012042969193512183,0.08166666666666594,7.7840694627829095,7.786208901957301,7.796114223522571,0.0,0.0,135,141,5,53.0
helicoid_patch,mean_curvature,1,0.0001,1,4136873968930662209,centered_standardized_gaussian_coordinates,unperturbed_median_edge_length,289,512,3.589185704630573,0.4248776360725953,0.10661771057528248,9.999999999999998e-05,0.0001732050807568877,0.00014998051491727277,0.0003624387261620229,0.2426082708198573,0.9406303284214549,7.14730687297886,0.21534371779001218,0.1499999999999998,1.3453624047073698,21.0,0.03797051839901171,0.06742222222222213,0.014531537610774832,0.017934481877751183,0.05446916356779573,0.0001683297034056715,0.12333333333333327,1.2948616399703345,20.0,0.022124636194725378,0.05833333333333243,7.782056735741283,7.78521058844996,7.794301604322751,0.0,0.0,128,131,7,49.0
helicoid_patch,mean_curvature,1,0.0001,2,13924890781723153229,centered_standardized_gaussian_coordinates,unperturbed_median_edge_length,289,512,3.589185704630573,0.4248776360725953,0.10661778080308758,9.999999999999998e-05,0.00017320508075688773,0.00015063464980148158,0.00037013033646263855,0.2432242779457417,0.9405687610738911,7.1438856998858045,0.21515580194885073,0.20666666666666683,1.5958278938114434,21.0,0.025845730995651458,0.06000000000000055,0.015250158689314303,0.019266563620396717,0.052170359256863294,-1.6902133219465958e-05,0.1800000000000002,1.616580753730953,20.0,0.010790237166392148,0.08666666666666623,7.777400778911792,7.784669069013052,7.7946855122642065,0.0,0.0,130,139,9,73.0
helicoid_patch,mean_curvature,1,0.0001,3,2219485168692907333,centered_standardized_gaussian_coordinates,unperturbed_median_edge_length,289,512,3.589185704630573,0.4248776360725953,0.10661766396278023,9.999999999999996e-05,0.00017320508075688767,0.00014752575043993341,0.0004419388583935599,0.24185911289063441,0.9406004761817125,7.1682538535287135,0.21554967448307327,0.15333333333333332,1.1430952132988161,16.0,0.02778935314375173,0.0489999999999996,0.01374702288758172,0.017260981372182457,0.055416918311222085,0.0002965269522944324,0.1266666666666668,1.131370849898476,15.0,0.012284708953575979,0.06333333333333274,7.7814297621797825,7.787205842765297,7.79657682701667,0.0,0.0,134,135,8,49.0
helicoid_patch,mean_curvature,1,0.001325,0,14842301457156508261,centered_standardized_gaussian_coordinates,unperturbed_median_edge_length,289,512,3.589185704630573,0.4248776360725953,0.10661912358108548,0.001325,0.0022949673200287624,0.0020855920110377174,0.004697370092463216,0.3967630622898373,0.9702977761936756,7.2342397780279555,0.21425170908594138,2.25,7.084490101623404,38.0,0.3358467728524296,1.1117777777777804,0.18510445761858427,0.2300400038121699,0.6326622201705093,-0.000437925682573434,2.2766666666666664,7.152388878316576,38.0,0.3265861443022438,1.1255111111111127,7.582145988083001,7.726226865442993,7.874969078603821,0.0,0.0,145,155,41,119.0
helicoid_patch,mean_curvature,1,0.001325,1,1486840110722039989,centered_standardized_gaussian_coordinates,unperturbed_median_edge_length,289,512,3.589185704630573,0.4248776360725953,0.10661242014169409,0.001325,0.0022949673200287624,0.0019838042032113345,0.005534036590009991,0.41250933474146373,0.9755964823391043,7.310503515465646,0.20953376988582878,2.8433333333333333,8.027660514330021,38.0,0.3659086454440498,1.4190777777777772,0.19897962691796042,0.25428874890676817,0.732130959851392,-0.005707612301076699,2.8833333333333333,8.120139571871082,38.0,0.36080436957857837,1.439277777777776,7.694792124609977,7.749083631254277,7.878575629755012,0.0,0.0,149,153,44,125.0
helicoid_patch,mean_curvature,1,0.001325,2,4607710143545791457,centered_standardized_gaussian_coordinates,unperturbed_median_edge_length,289,512,3.589185704630573,0.4248776360725953,0.10662031386510352,0.0013250000000000002,0.002294967320028763,0.0020932379094234298,0.004605091127232132,0.4310154235754269,0.9781765345708301,6.679280782518489,0.21672466424436354,2.8533333333333335,7.783315488916019,34.0,0.3642488087148756,1.424555555555557,0.2175513059891607,0.27471654377921756,0.7407918328243516,0.0013535855857426341,2.8933333333333335,7.871467461661771,34.0,0.3608245041545183,1.4466666666666672,7.567189152275161,7.744509654945345,7.87094025621705,0.0,0.0,145,153,47,123.0
helicoid_patch,mean_curvature,1,0.001325,3,5423266685177185339,centered_standardized_gaussian_coordinates,unperturbed_median_edge_length,289,512,3.589185704630573,0.4248776360725953,0.10661416065469105,0.001325,0.002294967320028763,0.0020478400549785716,0.00479085902467028,0.4167152288425263,0.9728752051911183,7.222755351606258,0.21208177880532533,2.643333333333333,7.608985915788428,38.0,0.3262738814241622,1.3176888888888882,0.2021674634689355,0.2516913084208215,0.665390207967208,-0.0026142685701744934,2.6766666666666663,7.693937006933879,38.0,0.3222022020919804,1.336544444444443,7.615022811039411,7.715245153720252,7.868949165287812,0.0,0.0,154,159,49,125.0
helicoid_patch,mean_curvature,1,0.00255,0,17691333344723954307,centered_standardized_gaussian_coordinates,unperturbed_median_edge_length,289,512,3.589185704630573,0.4248776360725953,0.10662192439972391,0.00255,0.0044167295593006365,0.004025775085676585,0.008610815145601521,0.5401624619916257,1.0327900334203304,7.200735502120196,0.20947550561091224,4.293333333333335,9.809179374443104,38.0,0.6674578535421878,2.138822222222223,0.33550562732797806,0.4200745130201676,1.2882185599036093,-0.0053938329399106566,4.326666666666667,9.851226657968372,38.0,0.6630300816841623,2.159022222222222,7.571633662950701,7.673869480569489,7.848321836934707,0.0,0.0,142,147,70,127.0
helicoid_patch,mean_curvature,1,0.00255,1,8447527515202688360,centered_standardized_gaussian_coordinates,unperturbed_median_edge_length,289,512,3.589185704630573,0.4248776360725953,0.10662827446913802,0.00255,0.004416729559300637,0.003850798974185576,0.01040827338648811,0.5857679882495085,1.0661726742019342,7.838447001234728,0.20330881464902253,5.483333333333333,11.09188892840169,38.0,0.915108535704559,2.7110888888888898,0.38593226853777046,0.48555578696104446,1.6768621510719333,-0.011957351846675068,5.476666666666667,11.096095409347079,38.0,0.9103531497745951,2.711888888888889,7.595733390478576,7.689153918678998,7.912092724730441,0.0,0.0,148,155,68,129.0
helicoid_patch,mean_curvature,1,0.00255,2,11507343709193002479,centered_standardized_gaussian_coordinates,unperturbed_median_edge_length,289,512,3.589185704630573,0.4248776360725953,0.10662178079735321,0.00255,0.004416729559300637,0.004054770398559417,0.009739123598164106,0.6118606825476282,1.0699234303163443,7.06809536269614,0.2185370304854213,5.15,10.233116175763211,34.0,0.8825265980789885,2.544611111111111,0.410326319763169,0.5144485480032316,1.7230114954751803,0.0028538623030004845,5.136666666666667,10.240279944090071,34.0,0.8784544681502667,2.5473666666666657,7.543209734698025,7.717260204644335,7.901821186994099,0.0,0.0,139,145,71,121.0
helicoid_patch,mean_curvature,1,0.00255,3,10488523037735828690,centered_standardized_gaussian_coordinates,unperturbed_median_edge_length,289,512,3.589185704630573,0.4248776360725953,0.10662189451095777,0.00255,0.004416729559300637,0.003920477971738744,0.009656685532760442,0.6206629501853296,1.0692383169104807,6.411400397013246,0.20935219159048807,4.586666666666666,8.963258336118624,28.0,0.7634976125990474,2.2833333333333345,0.4179942697405945,0.5172459937374816,1.4915093678256857,-0.005134303490698646,4.62,8.998888820293313,28.0,0.7619934902997919,2.3100000000000005,7.654638510407023,7.704459837135669,7.862726738854444,0.0,0.0,134,139,67,111.0
helicoid_patch,mean_curvature,1,0.003775,0,17264566904994897754,centered_standardized_gaussian_coordinates,unperturbed_median_edge_length,289,512,3.589185704630573,0.4248776360725953,0.10663250385983584,0.0037750000000000006,0.006538491798572512,0.005885299124625665,0.01308888619858822,0.6771480372808677,1.120507897002913,7.417685537155282,0.21170655847735712,6.180000000000001,11.140317170828965,32.0,1.060857129386985,3.0835555555555576,0.47848064593586404,0.604345090313351,1.6217149891304161,-0.00325881848110152,6.206666666666667,11.184215067078542,32.0,1.0602449574093404,3.100311111111112,7.347877064271188,7.5939473072052595,7.9230531234219175,0.0,0.0,143,149,69,117.0
helicoid_patch,mean_curvature,1,0.003775,1,16117562173444382654,centered_standardized_gaussian_coordinates,unperturbed_median_edge_length,289,512,3.589185704630573,0.4248776360725953,0.10661245128776499,0.0037750000000000006,0.006538491798572512,0.005774345656386938,0.014895893110052894,0.76108866658947,1.1788745642477167,7.134663613110125,0.22719722865373643,7.836666666666668,13.230898180647703,35.0,1.4422475634436902,3.908000000000002,0.5710575431302019,0.7143869013961827,2.129694404474163,0.011042156470372658,7.863333333333334,13.258582126305965,35.0,1.4413960229582987,3.923366666666668,7.443034638760387,7.705943397112439,7.896985099336703,0.0,0.0,140,147,75,123.0
helicoid_patch,mean_curvature,1,0.003775,2,11973177129976090925,centered_standardized_gaussian_coordinates,unperturbed_median_edge_length,289,512,3.589185704630573,0.4248776360725953,0.10661649776454092,0.003775,0.006538491798572512,0.005837203156261665,0.013280106333800248,0.727788427236688,1.1427750560130752,7.689323501163536,0.20449232506128673,6.283333333333333,11.769593592530429,37.0,1.185856834996112,3.092388888888889,0.5340557219316339,0.6425786259243241,1.9121353490935868,-0.010163174513080853,6.263333333333334,11.759109943642278,37.0,1.1813866205358299,3.089044444444444,7.366541276091619,7.636941125011563,7.9100629969072855,0.0,0.0,147,157,73,123.0
helicoid_patch,mean_curvature,1,0.003775,3,16094910958631105546,centered_standardized_gaussian_coordinates,unperturbed_median_edge_length,289,512,3.589185704630573,0.4248776360725953,0.10662795440455336,0.003775000000000001,0.006538491798572514,0.005761340350336483,0.013994089646561087,0.7680131287622931,1.1703105672651444,6.770779183654637,0.22016672740395565,7.033333333333333,12.594972541984097,36.0,1.3041641379062778,3.4848888888888907,0.5670613379615724,0.7028580235451154,1.8774076268151645,0.003084680492658887,7.0200000000000005,12.592590413943165,36.0,1.3019814756920578,3.4915333333333343,7.4614862305421195,7.572304526976857,7.881711843886421,0.0,0.0,158,161,83,137.0
helicoid_patch,mean_curvature,1,0.005,0,11690365720803321341,centered_standardized_gaussian_coordinates,unperturbed_median_edge_length,289,512,3.589185704630573,0.4248776360725953,0.10663701011043661,0.004999999999999999,0.008660254037844387,0.007755404167960637,0.018942851861366655,0.8965661274736353,1.299739056113011,7.124828640433597,0.23100269982035326,9.376666666666665,14.25190045806757,38.0,1.9980161567138823,4.626722222222222,0.7115189631346235,0.91305759545295,2.942265308213338,0.015621788222073338,9.356666666666666,14.238796765644677,38.0,1.995075961676668,4.625844444444444,7.388427917137186,7.527181709158531,7.913327651535831,0.0,0.0,144,149,88,129.0
helicoid_patch,mean_curvature,1,0.005,1,17836623471509761278,centered_standardized_gaussian_coordinates,unperturbed_median_edge_length,289,512,3.589185704630573,0.4248776360725953,0.10663966401627605,0.005,0.008660254037844387,0.00796068010290787,0.01928844658755119,0.8685902798102348,1.271977213989217,6.690668756372958,0.2201680916966295,9.790000000000001,14.764935940712148,39.0,2.0230582983540284,4.8242666666666665,0.6743142627180643,0.8660077182416988,3.1815663945809716,0.00357437691327531,9.77,14.754999152829525,39.0,2.0209586174273606,4.818644444444444,6.975714347202907,7.509775899034157,7.885214758320317,0.0,0.0,153,159,93,143.0
helicoid_patch,mean_curvature,1,0.005,2,14021816549567471437,centered_standardized_gaussian_coordinates,unperturbed_median_edge_length,289,512,3.589185704630573,0.4248776360725953,0.10662517824712572,0.004999999999999999,0.008660254037844387,0.007563418382705077,0.01683395917516909,0.9441364225076768,1.3372567228775873,6.559511590577346,0.20109462390025928,9.856666666666667,14.505516192124981,37.0,2.141025624083827,4.890177777777779,0.7600497637214844,0.9587008009159041,2.8257654106084753,-0.016000015130735044,9.856666666666667,14.503907519469825,37.0,2.139800881706966,4.903911111111111,7.321193179726143,7.42263868014193,7.913911445423044,0.0,0.0,160,163,86,135.0
helicoid_patch,mean_curvature,1,0.005,3,18235691152547084849,centered_standardized_gaussian_coordinates,unperturbed_median_edge_length,289,512,3.589185704630573,0.4248776360725953,0.10663329576279842,0.005,0.008660254037844387,0.007713788825026725,0.02079209188051034,0.9717067894509664,1.3632504158683418,6.830039682456911,0.19592697685718585,9.891666666666667,14.101950219739114,33.0,2.1610438100536493,4.842933333333333,0.7803127019177076,0.9919571551595008,3.709392490182325,-0.018078774848129385,9.838333333333335,14.067160338888586,33.0,2.1593005445198648,4.824733333333333,7.15036844548864,7.471966841540661,7.846020062130608,0.0,0.0,151,153,92,128.0
helicoid_patch,mean_curvature,2,0.0,0,3555452361262546694,centered_standardized_gaussian_coordinates,unperturbed_median_edge_length,1089,2048,3.589185704630573,0.21379790153434586,0.053556936766812155,0.0,0.0,0.0,0.0,0.11671975961555192,0.6512614615365746,7.414242610478354,0.11109667232914841,0.04999999999999999,0.2645751311064591,2.0,0.013881142284088474,0.025166666666666032,0.0,0.0,0.0,0.0,0.0,0.0,0.0,0.0,0.0,7.754875642182793,7.754875642182935,7.932164273530766,0.0,0.0,25,25,4,5.0
helicoid_patch,mean_curvature,2,0.0001,0,821130868676876446,centered_standardized_gaussian_coordinates,unperturbed_median_edge_length,1089,2048,3.589185704630573,0.21379790153434586,0.05355696207619919,0.00010000000000000006,0.00017320508075688784,0.0001559099406723013,0.0004204257571193997,0.14345774665827854,0.6524943344640532,7.4414958639699575,0.1111547307745714,1.6366666666666658,11.989022756950066,117.0,0.09910393108438523,0.7949999999999999,0.03068531292874761,0.03841323376389963,0.13219272095917917,8.194590627977501e-05,1.639999999999999,12.099862258169164,117.0,0.09292625555349462,0.8199999999999994,7.7433471489848245,7.752837641983633,7.933628556064331,0.0,0.0,597,617,13,443.0
helicoid_patch,mean_curvature,2,0.0001,1,1971618114624676765,centered_standardized_gaussian_coordinates,unperturbed_median_edge_length,1089,2048,3.589185704630573,0.21379790153434586,0.053556925129465194,0.00010000000000000005,0.00017320508075688778,0.00015185954984917003,0.00041842702560978976,0.14211520822660265,0.6523657525526677,7.3768841982000275,0.11103653392563836,1.359999999999999,10.49825382305711,115.0,0.09684303238648956,0.6533333333333329,0.029475840123661733,0.0367034008751265,0.12841278978487586,-2.373383432982773e-05,1.3566666666666656,10.601414999895058,115.0,0.08878556645479914,0.6783333333333322,7.740434643538696,7.753754133075346,7.934599532144544,0.0,0.0,575,597,12,401.0
helicoid_patch,mean_curvature,2,0.0001,2,14689611753390411968,centered_standardized_gaussian_coordinates,unperturbed_median_edge_length,1089,2048,3.589185704630573,0.21379790153434586,0.05355688624627816,9.999999999999999e-05,0.00017320508075688773,0.00015610379477000937,0.0003951303689846569,0.1414641347611977,0.6524330948879826,7.4208923922843315,0.11136972205618782,1.4699999999999998,11.087380213558115,122.0,0.09950119433904914,0.7040777777777796,0.029046056936692558,0.03683023290011,0.11968146925072973,0.0002861633279827667,1.4666666666666663,11.193748255164575,122.0,0.09171870487008285,0.7292444444444456,7.742268147153549,7.753133491151497,7.9328432753634965,0.0,0.0,602,627,11,451.0
helicoid_patch,mean_curvature,2,0.0001,3,17481502514169696794,centered_standardized_gaussian_coordinates,unperturbed_median_edge_length,1089,2048,3.589185704630573,0.21379790153434586,0.053556959214589965,0.00010000000000000005,0.0001732050807568878,0.0001520652501976028,0.00042209281263721126,0.1431900879333622,0.6524323714759618,7.529304510778602,0.11111334706597176,1.5633333333333326,11.674616339163641,115.0,0.0855125463083149,0.7610777777777777,0.03072662107773305,0.03875425922504876,0.13856900076196646,1.9307131064330704e-05,1.5733333333333324,11.792935738539972,115.0,0.08124211085472663,0.7862444444444437,7.747621837717643,7.75316543272559,7.932288837301125,0.0,0.0,569,587,13,455.0
helicoid_patch,mean_curvature,2,0.001325,0,2327987496258439830,centered_standardized_gaussian_coordinates,unperturbed_median_edge_length,1089,2048,3.589185704630573,0.21379790153434586,0.05355706779403341,0.0013250000000000002,0.002294967320028763,0.0020334574156948555,0.0049495363138391925,0.5059484974912605,0.8256553503529608,7.908194687607311,0.10908464014903396,21.673333333333336,42.485056196267415,126.0,3.4637580360683353,10.806088888888885,0.4033346832788642,0.5073714366160038,1.8071539483271752,-0.0020605882279045116,21.696666666666665,42.52979347861136,126.0,3.4640915518039965,10.82475555555555,7.639380849338747,7.721278512245258,7.944823871858104,0.0,0.0,601,615,106,473.0
helicoid_patch,mean_curvature,2,0.001325,1,9607133330443625790,centered_standardized_gaussian_coordinates,unperturbed_median_edge_length,1089,2048,3.589185704630573,0.21379790153434586,0.05355721156626664,0.0013249999999999996,0.002294967320028762,0.002028719420543302,0.006666803841429373,0.5020644508532527,0.8234136749662797,6.699980746674582,0.11022658305826814,21.156666666666666,41.8253910123185,132.0,3.3760460390885165,10.552177777777779,0.40089361125516604,0.5040886984652931,1.6011853159115712,-0.0006467371067999657,21.193333333333335,41.87162921756608,132.0,3.3754147790238562,10.570844444444443,7.626711203416107,7.7147352065523656,7.960482383091432,0.0,0.0,583,605,109,459.0
helicoid_patch,mean_curvature,2,0.001325,2,332829671977654865,centered_standardized_gaussian_coordinates,unperturbed_median_edge_length,1089,2048,3.589185704630573,0.21379790153434586,0.0535566688108089,0.0013249999999999996,0.002294967320028762,0.0020261229365225075,0.005654448231185712,0.5320913899105377,0.8472386296656856,7.289483029043461,0.11130963091706132,23.43,44.67456397847288,128.0,3.713730745542944,11.69808888888889,0.43044772309229995,0.5426667845617185,2.153282637852362,0.0001668682435225638,23.46666666666667,44.730899089257456,128.0,3.714764821704886,11.716755555555554,7.629562602909187,7.716722405127542,7.9445248229507035,0.0,0.0,609,637,110,479.0
helicoid_patch,mean_curvature,2,0.001325,3,14582507388463694693,centered_standardized_gaussian_coordinates,unperturbed_median_edge_length,1089,2048,3.589185704630573,0.21379790153434586,0.05355800918447463,0.0013250000000000002,0.0022949673200287632,0.002020824646605594,0.005704504340796409,0.503004527150175,0.8240375773350069,7.619978847635153,0.11510792569558714,22.326666666666668,44.55797721321439,135.0,3.461962821809107,11.156177777777776,0.39905816023360413,0.5030368807430242,1.8744176280638076,0.0040736423834479875,22.376666666666665,44.61894216585597,135.0,3.4627037703585244,11.181344444444443,7.6392438161821286,7.7166941635909785,7.946332423741915,0.0,0.0,609,639,109,497.0
helicoid_patch,mean_curvature,2,0.00255,0,3119338794610305764,centered_standardized_gaussian_coordinates,unperturbed_median_edge_length,1089,2048,3.589185704630573,0.21379790153434586,0.05355682254497453,0.0025499999999999993,0.004416729559300635,0.003954397680107976,0.009236814669163148,0.8945391774201364,1.1921680353591073,6.421119356246017,0.11296448321113949,44.49333333333334,62.75757590389652,141.0,9.685624210562294,22.180088888888893,0.7969348362843102,1.0004624344267696,3.5036330534685796,0.0015044194490815843,44.516666666666666,62.77093276350129,141.0,9.686166033494143,22.19875555555556,7.483690081070189,7.644086458071226,7.948616267897063,0.0,0.0,629,655,183,507.0
helicoid_patch,mean_curvature,2,0.00255,1,11666227218527862073,centered_standardized_gaussian_coordinates,unperturbed_median_edge_length,1089,2048,3.589185704630573,0.21379790153434586,0.05355859529244965,0.0025499999999999997,0.0044167295593006365,0.003902066304552209,0.010500329176755679,0.8684657434673879,1.1601889114663684,7.707252634868458,0.12230154324618252,42.093333333333334,61.34286157872541,139.0,8.939580892727193,20.969066666666663,0.771243174458554,0.9585654048092961,2.8309385710456385,0.011433411669464207,42.10333333333333,61.35554851301823,139.0,8.940233629312333,20.98123333333333,7.533708223981545,7.707960713037515,7.945877554826377,0.0,0.0,617,647,167,505.0
helicoid_patch,mean_curvature,2,0.00255,2,1222048156234287772,centered_standardized_gaussian_coordinates,unperturbed_median_edge_length,1089,2048,3.589185704630573,0.21379790153434586,0.053557878386585725,0.002550000000000001,0.004416729559300639,0.0038425173678998505,0.011573441451327295,0.8625967370869916,1.1750279318417667,7.796720274525714,0.11558462637400992,42.38,59.05985664278798,131.0,9.138471049689237,21.167288888888898,0.7662320968545382,0.9774870325659119,3.185770726145734,0.005552862018212845,42.41666666666667,59.08307710334661,131.0,9.139666817023118,21.185955555555566,7.49738339281712,7.719302602376161,7.922756449717661,0.0,0.0,598,627,185,495.0
helicoid_patch,mean_curvature,2,0.00255,3,12237244079561573320,centered_standardized_gaussian_coordinates,unperturbed_median_edge_length,1089,2048,3.589185704630573,0.21379790153434586,0.05356011645377937,0.00255,0.004416729559300637,0.003919591338737762,0.010532828767993711,0.8787633018506369,1.1904044303072592,8.05390672363231,0.11190047819532642,41.818333333333335,57.79756338578066,129.0,9.221535617323388,20.869555555555557,0.7829135118185666,0.9935911729704976,4.061100853702777,0.0005896844434445186,41.855000000000004,57.81535263232423,129.0,9.222370759407324,20.888222222222225,7.519204071686197,7.715391946996456,7.991862282422658,0.0,0.0,591,609,181,460.0
helicoid_patch,mean_curvature,2,0.003775,0,12175782303752514262,centered_standardized_gaussian_coordinates,unperturbed_median_edge_length,1089,2048,3.589185704630573,0.21379790153434586,0.053557389525044394,0.0037750000000000014,0.006538491798572514,0.005797366043683531,0.014994906377344144,1.2351338469146107,1.5894563589568473,7.74628100089512,0.11016355065541006,63.75000000000001,74.28151407539654,132.0,16.641208077489207,31.799777777777766,1.1433372479946255,1.447916757805207,4.84256441127699,0.00027334475211806923,63.76666666666667,74.28898527597032,132.0,16.64236058608772,31.818444444444435,7.3809491424528835,7.603391143398541,7.920930688246204,0.0,0.0,659,679,224,505.0
helicoid_patch,mean_curvature,2,0.003775,1,14630160006551411776,centered_standardized_gaussian_coordinates,unperturbed_median_edge_length,1089,2048,3.589185704630573,0.21379790153434586,0.05355890435049307,0.0037750000000000006,0.006538491798572512,0.0057560705257431455,0.01570666287364947,1.177918197206048,1.5124876832917997,6.534229572353217,0.1116557323814045,57.02333333333334,68.94758879032682,128.0,14.64470813892656,28.406822222222235,1.0880378544390301,1.3669166514140774,4.532220727186204,0.0019017858009914984,57.02666666666667,68.9491600142211,128.0,14.645646893192616,28.413533333333348,7.48694615002976,7.672238395934964,7.943491100144237,0.0,0.0,610,627,214,479.0
helicoid_patch,mean_curvature,2,0.003775,2,15351208030111116178,centered_standardized_gaussian_coordinates,unperturbed_median_edge_length,1089,2048,3.589185704630573,0.21379790153434586,0.053558295416253864,0.0037750000000000006,0.006538491798572513,0.005720842359284154,0.018537489697024248,1.2378492824147986,1.5886592798142862,10.653304976628784,0.10039636215456918,61.38,72.84488085422795,127.0,16.149919257411963,30.571599999999993,1.152720544545734,1.45093266906379,6.850172454651166,-0.012245760031465477,61.38333333333333,72.85053191295174,127.0,16.151206767503986,30.595133333333326,7.436851318585462,7.653920013618026,7.937412677343929,0.0,0.0,598,621,229,497.0
helicoid_patch,mean_curvature,2,0.003775,3,11723239923347425925,centered_standardized_gaussian_coordinates,unperturbed_median_edge_length,1089,2048,3.589185704630573,0.21379790153434586,0.05355898877369005,0.003775000000000001,0.006538491798572513,0.005818533488913431,0.015422335980077211,1.2641455658084833,1.601140110148155,7.4550125674259515,0.11453136175311132,62.52166666666667,73.82697113295836,132.0,16.386053137373356,31.138177777777784,1.17776524124404,1.4629545675251823,4.61040717249812,0.0028673450171913077,62.525,73.8294769497026,132.0,16.38707884836373,31.14384444444445,7.353788153394601,7.650002210019499,7.952108485411181,0.0,0.0,615,637,221,508.0
helicoid_patch,mean_curvature,2,0.005,0,8495845095575367973,centered_standardized_gaussian_coordinates,unperturbed_median_edge_length,1089,2048,3.589185704630573,0.21379790153434586,0.05356211133805324,0.004999999999999998,0.008660254037844383,0.007597749137383035,0.021428643151007783,1.6190544427235742,2.017417171630915,7.153756681260464,0.12872232908197742,75.67166666666667,82.7859388221615,131.0,22.000306800676416,37.69243333333333,1.539282092283615,1.9085565761093874,5.970381396856555,0.016239772328569334,75.68166666666667,82.78773057243045,131.0,22.001671453929738,37.709733333333325,7.372791185290155,7.642963865618981,7.948371208792107,0.0,0.0,641,663,222,470.0
helicoid_patch,mean_curvature,2,0.005,1,5587302655947681170,centered_standardized_gaussian_coordinates,unperturbed_median_edge_length,1089,2048,3.589185704630573,0.21379790153434586,0.053563484422527695,0.005000000000000001,0.00866025403784439,0.00779636535349763,0.02109831972851288,1.55429442245529,1.9727723004807218,9.642625801951626,0.1090763621125298,73.88833333333334,81.13779431723952,135.0,21.383383318985484,36.757999999999996,1.4715460906765003,1.8621260307161225,6.140615882767439,-0.0015883044024846138,73.87166666666667,81.13686995852544,135.0,21.38445012509739,36.77666666666666,7.2168366701378295,7.562398940292315,7.941719908253337,0.0,0.0,603,627,220,438.0
helicoid_patch,mean_curvature,2,0.005,2,14927583484680491986,centered_standardized_gaussian_coordinates,unperturbed_median_edge_length,1089,2048,3.589185704630573,0.21379790153434586,0.0535625649149536,0.005,0.008660254037844385,0.007533808966070442,0.023726584549723456,1.4817304933795317,1.8973447305182989,8.265309137192531,0.11629839939328072,73.40833333333333,80.69691237381184,128.0,20.97736329045606,36.600355555555566,1.4008743966141837,1.7806573789132174,6.783688519558244,0.00535689408216832,73.41166666666666,80.70139404000405,128.0,20.9788236616946,36.619511111111116,7.220037114686038,7.659560406240503,7.938002879610866,0.0,0.0,637,655,228,482.0
helicoid_patch,mean_curvature,2,0.005,3,336290665156117922,centered_standardized_gaussian_coordinates,unperturbed_median_edge_length,1089,2048,3.589185704630573,0.21379790153434586,0.05356098190890392,0.004999999999999998,0.008660254037844381,0.007764211180976639,0.021155999633285183,1.6218680597341733,2.00859015850511,9.477784110016875,0.1089085052143759,77.66166666666666,85.6673508403289,138.0,22.36537437955773,38.70359999999999,1.5387861641289806,1.901164168793612,8.054265266619215,-0.0010238560687544883,77.65833333333333,85.66838195429318,138.0,22.36646577088532,38.72226666666665,7.1268668841475025,7.531006991193214,7.958471897048694,0.0,0.0,597,623,228,488.0
pseudosphere_patch,gaussian_curvature,0,0.0,0,5802300305891072989,centered_standardized_gaussian_coordinates,unperturbed_median_edge_length,72,128,2.21921096754304,0.3224065509534283,0.1702331936838153,0.0,0.0,0.0,0.0,7.345449798857226,33.23434969174489,174.92293721038098,4.9248973184633265,0.0,0.0,0.0,0.0,0.0,0.0,0.0,0.0,0.0,0.0,0.0,0.0,0.0,0.0,6.142821920581892,6.142821920581892,6.14282192058201,0.0,0.0,9,16,0,0.0
pseudosphere_patch,gaussian_curvature,0,0.0001,0,11631852563979906675,centered_standardized_gaussian_coordinates,unperturbed_median_edge_length,72,128,2.21921096754304,0.3224065509534283,0.17023389272947614,0.0001,0.00017320508075688773,0.00014461849838331666,0.00033685974856939707,7.345684260797229,33.23798648054848,175.07349122839594,4.924897318463304,0.020000000000000073,0.2160246899469291,3.0,0.0035949324186485367,0.009999999999999997,0.012123941658582257,0.029209150979872246,0.23220419473167198,0.0017523713611392018,0.020000000000000073,0.2160246899469291,3.0,0.0035949324186485367,0.009999999999999997,6.134369471089405,6.1368566692841275,6.140332803522371,0.0,0.0,24,24,5,10.0
pseudosphere_patch,gaussian_curvature,0,0.0001,1,9361687701520747207,centered_standardized_gaussian_coordinates,unperturbed_median_edge_length,72,128,2.21921096754304,0.3224065509534283,0.17023365360464426,9.999999999999998e-05,0.00017320508075688773,0.0001498766059760248,0.00043255551044344917,7.3463708424706065,33.23162969724514,175.0038226982547,4.924897318463295,0.010000000000000037,0.10000000000000019,1.0,0.001800074301164243,0.004999999999999998,0.0167282273288574,0.037701817211714256,0.25185643521275125,-6.246701373318654e-05,0.010000000000000037,0.10000000000000019,1.0,0.001800074301164243,0.004999999999999998,6.1387203366618515,6.140050573474959,6.141983432846421,0.0,0.0,20,20,4,4.0
pseudosphere_patch,gaussian_curvature,0,0.0001,2,11168727982160602630,centered_standardized_gaussian_coordinates,unperturbed_median_edge_length,72,128,2.21921096754304,0.3224065509534283,0.170232182978063,9.999999999999998e-05,0.0001732050807568877,0.0001575884684328546,0.00031598503935986966,7.348942702384688,33.23692122754172,175.0414278690917,4.924897318463296,0.006666666666666682,0.08164965809277269,1.0,0.0011221672153735646,0.0033333333333333335,0.017989277670403574,0.05100601464954701,0.549286740203911,-0.00043812836394134546,0.006666666666666682,0.08164965809277269,1.0,0.0011221672153735646,0.0033333333333333335,6.138121633436792,6.139509013240359,6.143210429375861,0.0,0.0,22,22,4,4.0
pseudosphere_patch,gaussian_curvature,0,0.0001,3,8185442295439939748,centered_standardized_gaussian_coordinates,unperturbed_median_edge_length,72,128,2.21921096754304,0.3224065509534283,0.17023211089622906,0.00010000000000000002,0.00017320508075688773,0.00015240498217227474,0.00030279825417668085,7.346116633359993,33.230205274719594,174.97353201911778,4.924897318463302,0.009999999999999981,0.12909944487358044,2.0,0.003067421404710177,0.006033333333333345,0.014200963381707206,0.026493452472807048,0.2127382367788826,-0.0007972715619936386,0.009999999999999981,0.12909944487358044,2.0,0.003067421404710177,0.006033333333333345,6.136122372873542,6.137874667200458,6.144073582660753,0.0,0.0,29,32,3,4.0
pseudosphere_patch,gaussian_curvature,0,0.001325,0,12016741192052164613,centered_standardized_gaussian_coordinates,unperturbed_median_edge_length,72,128,2.21921096754304,0.3224065509534283,0.17022388619458775,0.001325,0.0022949673200287624,0.0020895343212562834,0.004848144625233258,7.4140294903458255,33.22553267011742,175.68832436378565,4.924897318463293,0.26,0.8717797887081344,5.0,0.02573904337595835,0.13002222222222223,0.2137813147310842,0.44465916633225494,3.7333383107989775,0.007423631704179412,0.26,0.8717797887081344,5.0,0.02573904337595835,0.13002222222222223,6.017506246270477,6.082351531701011,6.127196461675816,0.0,0.0,32,32,21,26.0
pseudosphere_patch,gaussian_curvature,0,0.001325,1,9936999870118994334,centered_standardized_gaussian_coordinates,unperturbed_median_edge_length,72,128,2.21921096754304,0.3224065509534283,0.17024385869323896,0.001325,0.002294967320028762,0.0019979683764289914,0.004022156124491198,7.409730127842647,33.19946683256137,176.72569847487577,4.9248973184633105,0.26,0.9201449161228173,8.0,0.03449959742116161,0.12999999999999992,0.21237492188484933,0.5021341002496608,4.517434653266864,-0.014022925069257513,0.26,0.9201449161228173,8.0,0.03449959742116161,0.12999999999999992,6.048094259603976,6.06497757262542,6.120203006028059,0.0,0.0,30,30,16,24.0
pseudosphere_patch,gaussian_curvature,0,0.001325,2,6956821742199627267,centered_standardized_gaussian_coordinates,unperturbed_median_edge_length,72,128,2.21921096754304,0.3224065509534283,0.17024012858527127,0.0013249999999999998,0.002294967320028762,0.002032345831519543,0.004565652965985364,7.446563723309737,33.26084996500057,176.84323594560894,4.924897318463298,0.3400000000000002,1.0230672835481875,5.0,0.045780033205855386,0.1696888888888891,0.22591454738018044,0.46208971778023783,3.740722323429665,0.004155474588727989,0.3400000000000002,1.0230672835481875,5.0,0.045780033205855386,0.1696888888888891,6.036285157344141,6.0477889241169285,6.148962500901122,0.0,0.0,36,36,22,28.0
pseudosphere_patch,gaussian_curvature,0,0.001325,3,9912720077261555519,centered_standardized_gaussian_coordinates,unperturbed_median_edge_length,72,128,2.21921096754304,0.3224065509534283,0.17023911162793007,0.001325,0.002294967320028762,0.002104311388737881,0.0042907222926445695,7.419138857195173,33.34760793337286,177.62326390608087,4.924897318463298,0.2733333333333334,0.8981462390204986,5.0,0.0354130767970033,0.1365555555555556,0.21777924160324946,0.4974779691912972,3.8327661006868894,0.043828868705649074,0.2733333333333334,0.8981462390204986,5.0,0.0354130767970033,0.1365555555555556,6.0095494509145775,6.043430542816641,6.099465720010772,0.0,0.0,32,32,17,22.0
pseudosphere_patch,gaussian_curvature,0,0.00255,0,5661761965929761564,centered_standardized_gaussian_coordinates,unperturbed_median_edge_length,72,128,2.21921096754304,0.3224065509534283,0.17024214409546404,0.0025499999999999997,0.0044167295593006365,0.004262619792886302,0.006976304489630646,7.51150347249904,33.225555844970216,178.1042583324407,4.924897318463296,0.7333333333333335,1.593737745050923,6.0,0.10781955776684056,0.368066666666667,0.40471088312492365,0.6931944210405533,4.066786305803724,-0.014287871232205249,0.7333333333333335,1.593737745050923,6.0,0.10781955776684056,0.368066666666667,5.990542663327494,6.002071676997165,6.149493819907556,0.0,0.0,35,36,21,26.0
pseudosphere_patch,gaussian_curvature,0,0.00255,1,13923460992442476843,centered_standardized_gaussian_coordinates,unperturbed_median_edge_length,72,128,2.21921096754304,0.3224065509534283,0.1701943924867183,0.00255,0.0044167295593006365,0.003490310775970256,0.008740815538459972,7.480265516794745,33.38899380011997,177.82990147768197,4.924897318463289,0.46999999999999986,1.037625494418225,4.0,0.07340124254675405,0.23593333333333352,0.37074253843919774,1.1985197200052835,12.777431288679086,0.01957549907204547,0.46999999999999986,1.037625494418225,4.0,0.07340124254675405,0.23593333333333352,6.037331681107372,6.04394748901268,6.1121357244280485,0.0,0.0,33,34,16,18.0
pseudosphere_patch,gaussian_curvature,0,0.00255,2,18413387481901726031,centered_standardized_gaussian_coordinates,unperturbed_median_edge_length,72,128,2.21921096754304,0.3224065509534283,0.17025245570529435,0.00255,0.004416729559300637,0.0038515943094033986,0.010804925426273976,7.478404873463946,33.354362688530834,177.25015364823363,4.9248973184633,0.41333333333333344,1.202774570177915,7.0,0.05430018150921927,0.20593333333333336,0.29226204069602413,0.4552132242380883,2.350160814203541,0.039513729743343814,0.41333333333333344,1.202774570177915,7.0,0.05430018150921927,0.20593333333333336,5.955826353888616,5.9680546562464265,6.063417167871282,0.0,0.0,35,36,19,24.0
pseudosphere_patch,gaussian_curvature,0,0.00255,3,12967262711798910254,centered_standardized_gaussian_coordinates,unperturbed_median_edge_length,72,128,2.21921096754304,0.3224065509534283,0.17024662760486514,0.00255,0.004416729559300637,0.003941100013946992,0.007953184947128215,7.415639005465289,33.070332550896794,176.3521393329665,4.9248973184633,0.4666666666666667,1.208304597359457,6.0,0.06049205709176546,0.2337999999999999,0.33646830705534475,0.7743521050845903,7.074647359738911,-0.030583454124601325,0.4666666666666667,1.208304597359457,6.0,0.06049205709176546,0.2337999999999999,5.924123514734039,6.022515021304405,6.185512125868428,0.0,0.0,36,36,23,28.0
pseudosphere_patch,gaussian_curvature,0,0.003775,0,12964882242726655908,centered_standardized_gaussian_coordinates,unperturbed_median_edge_length,72,128,2.21921096754304,0.3224065509534283,0.170160390659582,0.0037750000000000006,0.006538491798572512,0.005743000657268219,0.012331850124355148,7.6376833767949455,33.35811239691393,179.5911230866527,4.9248973184633025,0.8866666666666667,1.8055470085267789,6.0,0.13125043350898438,0.4432000000000003,0.5819333864437861,1.0608777342242737,6.473566319148787,0.0250254361769084,0.8866666666666667,1.8055470085267789,6.0,0.13125043350898438,0.4432000000000003,5.928100203149858,5.951785180891154,6.091830313373906,0.0,0.0,35,36,22,28.0
pseudosphere_patch,gaussian_curvature,0,0.003775,1,16390990401882239123,centered_standardized_gaussian_coordinates,unperturbed_median_edge_length,72,128,2.21921096754304,0.3224065509534283,0.17031659892754028,0.003775000000000001,0.006538491798572513,0.005532399832642141,0.012964500125614205,7.52044956859159,33.267224373201074,178.2861880022752,4.924897318463294,0.6833333333333333,1.4999999999999998,6.0,0.09967561471455436,0.3421888888888888,0.4734858355137912,0.8913376532960794,5.059048564857147,0.015057093730099513,0.6833333333333333,1.4999999999999998,6.0,0.09967561471455436,0.3421888888888888,5.905004947029804,5.977585751468341,6.095553759014942,0.0,0.0,28,28,21,24.0
pseudosphere_patch,gaussian_curvature,0,0.003775,2,5735826705698269310,centered_standardized_gaussian_coordinates,unperturbed_median_edge_length,72,128,2.21921096754304,0.3224065509534283,0.17022625782453105,0.0037750000000000006,0.006538491798572512,0.006186585732977793,0.012346977466285741,7.741946844450016,33.29431908928303,178.02912008698664,4.924897318463293,1.2333333333333334,2.2978250586152114,7.0,0.19481501028014417,0.6120444444444444,0.7296935902981726,1.3398771261118916,10.186533679376886,-0.003064062776911753,1.2333333333333334,2.2978250586152114,7.0,0.19481501028014417,0.6120444444444444,5.9776209577098705,6.017588036357378,6.128427596645707,0.0,0.0,44,46,30,38.0
pseudosphere_patch,gaussian_curvature,0,0.003775,3,1419393184612349226,centered_standardized_gaussian_coordinates,unperturbed_median_edge_length,72,128,2.21921096754304,0.3224065509534283,0.17021713314161346,0.003775000000000001,0.006538491798572513,0.005695800065835285,0.01786361881699262,7.591227223272017,33.23526181753258,177.99685867686904,4.924897318463273,0.8633333333333333,1.823001188516709,7.0,0.12472753226343715,0.4313888888888889,0.5357956740222193,1.1282766240229631,9.233292413457072,-0.020413243745637116,0.8633333333333333,1.823001188516709,7.0,0.12472753226343715,0.4313888888888889,5.992388257522855,6.04969524240069,6.11271196257129,0.0,0.0,32,34,19,26.0
pseudosphere_patch,gaussian_curvature,0,0.005,0,2030204971759268039,centered_standardized_gaussian_coordinates,unperturbed_median_edge_length,72,128,2.21921096754304,0.3224065509534283,0.17022980265059398,0.005,0.008660254037844387,0.007992205675174608,0.014671132086481724,7.671765616909399,33.39452085851329,180.90551682669928,4.924897318463286,0.95,1.7841898254763513,5.0,0.15304444101608505,0.4765000000000001,0.9508965458873739,2.631963442919459,21.792288204470346,0.006782911006916401,0.95,1.7841898254763513,5.0,0.15304444101608505,0.4765000000000001,5.895092793798218,5.925106178864422,6.094996006531534,0.0,0.0,38,38,25,26.0
pseudosphere_patch,gaussian_curvature,0,0.005,1,6121811557015489676,centered_standardized_gaussian_coordinates,unperturbed_median_edge_length,72,128,2.21921096754304,0.3224065509534283,0.17018960178513498,0.005,0.008660254037844387,0.007573284558107818,0.021203553887758846,7.542507887950738,33.59693844790995,180.7029035624952,4.924897318463302,0.7866666666666666,1.6693312034065217,6.0,0.11624057358126752,0.3927111111111112,0.7131464197795956,1.9070741388755983,15.346951911977822,0.11903668133468479,0.7866666666666666,1.6693312034065217,6.0,0.11624057358126752,0.3927111111111112,5.801759134331383,5.88520839073589,5.9875220285764685,0.0,0.0,36,36,24,28.0
pseudosphere_patch,gaussian_curvature,0,0.005,2,11253008099050803080,centered_standardized_gaussian_coordinates,unperturbed_median_edge_length,72,128,2.21921096754304,0.3224065509534283,0.1702697346203498,0.005,0.008660254037844388,0.0074447517263194415,0.01824965476391897,7.691294748541633,33.28803077773187,184.12730953722414,4.924897318463293,0.9800000000000001,1.8991226044325489,6.0,0.15839085998487723,0.4870666666666668,0.8084915680192268,1.7213047198420715,12.765992505159673,0.013606597221253881,0.9800000000000001,1.8991226044325489,6.0,0.15839085998487723,0.4870666666666668,5.728044862878861,5.753542007257378,6.181623073686004,0.0,0.0,33,34,21,26.0
pseudosphere_patch,gaussian_curvature,0,0.005,3,7304772040361985161,centered_standardized_gaussian_coordinates,unperturbed_median_edge_length,72,128,2.21921096754304,0.3224065509534283,0.17020854632806395,0.005,0.008660254037844388,0.00813178571362555,0.01584590032385307,7.571181280651757,33.49045086007348,182.5181799874004,4.924897318463302,0.9833333333333334,1.9739976359323905,6.0,0.15763915721954647,0.4943666666666666,0.6974553678616662,1.7339970716353805,18.14075663384005,0.11588338960573971,0.9833333333333334,1.9739976359323905,6.0,0.15763915721954647,0.4943666666666666,5.619395102274955,5.68172704748015,5.995452882071767,0.0,0.0,43,44,24,30.0
pseudosphere_patch,gaussian_curvature,1,0.0,0,4820102149749249531,centered_standardized_gaussian_coordinates,unperturbed_median_edge_length,272,512,2.21921096754304,0.1640889613657973,0.08611697452378757,0.0,0.0,0.0,0.0,6.9808713962487845,50.69420778282216,420.9618161158277,4.924897318463274,0.0,0.0,0.0,0.0,0.0,0.0,0.0,0.0,0.0,0.0,0.0,0.0,0.0,0.0,4.759285428211232,4.759285428211309,4.759285428211386,0.0,0.0,23,26,0,0.0
pseudosphere_patch,gaussian_curvature,1,0.0001,0,12510520971494253070,centered_standardized_gaussian_coordinates,unperturbed_median_edge_length,272,512,2.21921096754304,0.1640889613657973,0.08611719082570526,0.0001,0.00017320508075688773,0.00015166510447457297,0.0004684123037401785,6.989818035702123,50.69261818704102,421.2793744117773,4.9248973184632625,0.16666666666666693,1.262273081917434,14.0,0.009488984299980041,0.08333333333333334,0.029643368538176604,0.09756804083917624,1.4650320647131707,-0.00013869977418264106,0.16666666666666693,1.262273081917434,14.0,0.009488984299980041,0.08333333333333334,4.75426482662554,4.756299914404256,4.762217878160137,0.0,0.0,135,138,10,64.0
pseudosphere_patch,gaussian_curvature,1,0.0001,1,705070660624411360,centered_standardized_gaussian_coordinates,unperturbed_median_edge_length,272,512,2.21921096754304,0.1640889613657973,0.08611695925976157,0.0001,0.00017320508075688773,0.00015517386862631968,0.000374394555421084,6.989148418152108,50.682646714934315,421.10178814700515,4.924897318463243,0.1633333333333336,1.1818065267490574,12.0,0.008822377319282261,0.08166666666666664,0.03256346626755201,0.1125740484435919,1.5945516070061245,-0.002082989951594203,0.1633333333333336,1.1818065267490574,12.0,0.008822377319282261,0.08166666666666664,4.751566963110174,4.757121310546114,4.763742348864744,0.0,0.0,141,146,11,56.0
pseudosphere_patch,gaussian_curvature,1,0.0001,2,15387051352812898673,centered_standardized_gaussian_coordinates,unperturbed_median_edge_length,272,512,2.21921096754304,0.1640889613657973,0.08611719361741042,9.999999999999999e-05,0.0001732050807568877,0.00014338024108025767,0.00042466299962496616,6.9919975289751175,50.69435034679031,421.1781057927257,4.924897318463266,0.15000000000000027,1.1503622617824947,13.0,0.008111995131937413,0.075,0.0312619617941802,0.10295058169917891,1.4983180928088444,-0.0008641760064796207,0.15000000000000027,1.1503622617824947,13.0,0.008111995131937413,0.075,4.753836370154175,4.757569867682702,4.762651514355328,0.0,0.0,139,142,10,54.0
pseudosphere_patch,gaussian_curvature,1,0.0001,3,1092337944065782209,centered_standardized_gaussian_coordinates,unperturbed_median_edge_length,272,512,2.21921096754304,0.1640889613657973,0.08611700889517537,9.999999999999999e-05,0.00017320508075688767,0.0001557710386370008,0.00037024070063583194,6.990986062624269,50.69077056767159,421.2765783742965,4.924897318463258,0.20000000000000043,1.5143755588800754,16.0,0.012761780646425873,0.1,0.03017021600601491,0.0783966852346287,0.9669712555097334,-5.1301280542773164e-05,0.20000000000000043,1.5143755588800754,16.0,0.012761780646425873,0.1,4.7498662926264785,4.7550922713129005,4.761929900533639,0.0,0.0,155,156,11,72.0
pseudosphere_patch,gaussian_curvature,1,0.001325,0,7515698570852550683,centered_standardized_gaussian_coordinates,unperturbed_median_edge_length,272,512,2.21921096754304,0.1640889613657973,0.08611804499112355,0.001325,0.0022949673200287624,0.0020685484363686833,0.0054815852312345165,7.171949169822287,50.574369324005445,423.47026718479833,4.9248973184632545,2.3666666666666663,6.368149914483274,27.0,0.25239364675405507,1.1832444444444445,0.36019378668196156,0.9595453596220236,10.981586238851143,-0.027329830865924117,2.3666666666666663,6.368149914483274,27.0,0.25239364675405507,1.1832444444444445,4.700474889253724,4.737868419258606,4.83209190043068,0.0,0.0,148,154,41,108.0
pseudosphere_patch,gaussian_curvature,1,0.001325,1,1664881346116438364,centered_standardized_gaussian_coordinates,unperturbed_median_edge_length,272,512,2.21921096754304,0.1640889613657973,0.08611487738877564,0.0013250000000000002,0.002294967320028763,0.002045854416941561,0.006001421061804105,7.195261632599613,50.743993726907526,427.94319973140506,4.924897318463282,2.38,5.814350063993968,25.0,0.2895297099121448,1.188822222222222,0.4053367897400657,1.287668531364011,25.19467445072671,0.013108399562983639,2.38,5.814350063993968,25.0,0.2895297099121448,1.188822222222222,4.681362604829577,4.701337924609211,4.794614233399873,0.0,0.0,140,146,48,96.0
pseudosphere_patch,gaussian_curvature,1,0.001325,2,9837189115723911384,centered_standardized_gaussian_coordinates,unperturbed_median_edge_length,272,512,2.21921096754304,0.1640889613657973,0.08611859552782321,0.0013249999999999998,0.002294967320028762,0.002086035993045178,0.004970084653246838,7.190933191756443,50.76732791350662,428.49108251093185,4.92489731846326,2.44,6.41300761473637,26.0,0.277292436888487,1.2199999999999998,0.333149229486269,0.8073982425995186,9.104339937849502,0.00684950595997871,2.44,6.41300761473637,26.0,0.277292436888487,1.2199999999999998,4.67529977912618,4.707279472905132,4.808469944448877,0.0,0.0,154,160,45,110.0
pseudosphere_patch,gaussian_curvature,1,0.001325,3,13724552162076964886,centered_standardized_gaussian_coordinates,unperturbed_median_edge_length,272,512,2.21921096754304,0.1640889613657973,0.08611910923140559,0.0013250000000000004,0.0022949673200287632,0.002032184938124455,0.005249833758619301,7.190760839836508,50.68922077431591,427.74558379941675,4.92489731846325,2.3266666666666667,6.244997998398398,29.0,0.26427613644878406,1.1626,0.35345042031685736,0.9462611112093365,14.838234382098108,-0.006996858780718939,2.3266666666666667,6.244997998398398,29.0,0.26427613644878406,1.1626,4.625764102897991,4.7172280078482975,4.825119751912922,0.0,0.0,152,156,48,114.0
pseudosphere_patch,gaussian_curvature,1,0.00255,0,15305145664132131718,centered_standardized_gaussian_coordinates,unperturbed_median_edge_length,272,512,2.21921096754304,0.1640889613657973,0.08612376774157239,0.0025500000000000006,0.004416729559300637,0.003963807817543996,0.011223043569269741,7.406054418611905,50.67209451983509,428.12477556171206,4.924897318463267,4.723333333333333,9.244998647917695,31.0,0.7264602756650507,2.3616666666666664,0.7787130368239106,2.525981002083757,40.096915371861655,-0.019949721188100504,4.723333333333333,9.244998647917695,31.0,0.7264602756650507,2.3616666666666664,4.593131058019752,4.689699298901005,4.849402353158995,0.0,0.0,145,150,58,114.0
pseudosphere_patch,gaussian_curvature,1,0.00255,1,8276383975695393583,centered_standardized_gaussian_coordinates,unperturbed_median_edge_length,272,512,2.21921096754304,0.1640889613657973,0.08611894492685143,0.0025500000000000006,0.004416729559300638,0.0038453881815097126,0.009404407628165313,7.399467428471343,50.756941639790504,435.18035609945093,4.924897318463258,4.83,9.200181157636697,30.0,0.7338300560291104,2.413777777777778,0.6979168603642063,2.05284699865471,28.80327582371099,0.0029025612497866476,4.83,9.200181157636697,30.0,0.7338300560291104,2.413777777777778,4.588580002593991,4.680998049790695,4.839777476183791,0.0,0.0,166,174,64,116.0
pseudosphere_patch,gaussian_curvature,1,0.00255,2,17380150916057163,centered_standardized_gaussian_coordinates,unperturbed_median_edge_length,272,512,2.21921096754304,0.1640889613657973,0.08611780594827205,0.00255,0.004416729559300637,0.0038817613992521106,0.011107035709347773,7.389639382337562,50.88635250244948,435.7460362680763,4.924897318463268,4.486666666666666,8.782938005018593,26.0,0.6807280334726606,2.243333333333333,0.8233197443300351,3.0638987944745906,49.160696408486544,0.032163595759721705,4.486666666666666,8.782938005018593,26.0,0.6807280334726606,2.243333333333333,4.564750691593197,4.672947664686248,4.811099712973126,0.0,0.0,148,152,65,114.0
pseudosphere_patch,gaussian_curvature,1,0.00255,3,7809582213203322232,centered_standardized_gaussian_coordinates,unperturbed_median_edge_length,272,512,2.21921096754304,0.1640889613657973,0.08611832457901425,0.0025500000000000006,0.004416729559300637,0.0038030729841122346,0.009565032182394061,7.419629541887084,50.777105153678036,424.30721026662087,4.924897318463238,4.123333333333333,7.889021908111719,24.0,0.6297829095069156,2.060033333333333,0.7125263302920583,2.64890336265708,48.03149500388363,-0.023068658005715087,4.123333333333333,7.889021908111719,24.0,0.6297829095069156,2.060033333333333,4.616152569041383,4.6954219976387,4.846658215008792,0.0,0.0,148,154,59,108.0
pseudosphere_patch,gaussian_curvature,1,0.003775,0,5649355717698327123,centered_standardized_gaussian_coordinates,unperturbed_median_edge_length,272,512,2.21921096754304,0.1640889613657973,0.08611740990486104,0.003775,0.006538491798572512,0.005836056013934119,0.014411722625514144,7.614095423855486,50.60700148043544,429.3030076661977,4.924897318463252,6.83,10.908864896648659,31.0,1.2390794798173872,3.4149999999999996,1.0862406821783863,3.4535982363523234,52.280241319204166,-0.05952283563139083,6.83,10.908864896648659,31.0,1.2390794798173872,3.4149999999999996,4.527529844588185,4.712937197747558,4.887145602558579,0.0,0.0,152,156,80,128.0
pseudosphere_patch,gaussian_curvature,1,0.003775,1,15761764053337853647,centered_standardized_gaussian_coordinates,unperturbed_median_edge_length,272,512,2.21921096754304,0.1640889613657973,0.0861160521649065,0.003775000000000001,0.006538491798572513,0.005810876782159443,0.013605625567958623,7.621397430090538,50.9157041925723,429.0876901410897,4.924897318463299,7.393333333333333,11.362804818060255,28.0,1.407924229366716,3.6957111111111116,1.1552846894133544,3.9565568448737976,59.38151408951262,0.032678928026887544,7.393333333333333,11.362804818060255,28.0,1.407924229366716,3.6957111111111116,4.5086874378265644,4.622641314923234,4.822966418134056,0.0,0.0,145,150,80,126.0
pseudosphere_patch,gaussian_curvature,1,0.003775,2,14092998239570450883,centered_standardized_gaussian_coordinates,unperturbed_median_edge_length,272,512,2.21921096754304,0.1640889613657973,0.08612069825358645,0.003775000000000001,0.006538491798572513,0.005510514033097729,0.014221337412398725,7.597319350967441,50.774926751549145,436.41020426510323,4.924897318463269,7.323333333333333,11.918473056562238,33.0,1.310593721336787,3.659766666666667,1.0430675736542023,3.3245322615044235,48.640959362003564,-0.008413210404352417,7.323333333333333,11.918473056562238,33.0,1.310593721336787,3.659766666666667,4.436991104488851,4.6560132295062555,4.897885468455916,0.0,0.0,161,166,83,138.0
pseudosphere_patch,gaussian_curvature,1,0.003775,3,17830057994181343795,centered_standardized_gaussian_coordinates,unperturbed_median_edge_length,272,512,2.21921096754304,0.1640889613657973,0.08612403436838237,0.0037749999999999997,0.0065384917985725115,0.005830593072615945,0.014094011963613522,7.636474573898927,50.905537826857106,438.24698345507926,4.924897318463245,6.57,10.844199678476356,30.0,1.2092540296948913,3.2849999999999997,1.0250473133774738,2.7373977969008036,45.089307009768625,0.0030720109480766172,6.57,10.844199678476356,30.0,1.2092540296948913,3.2849999999999997,4.494302204627576,4.628246843817101,4.890889973688811,0.0,0.0,146,150,81,118.0
pseudosphere_patch,gaussian_curvature,1,0.005,0,14166063721338255541,centered_standardized_gaussian_coordinates,unperturbed_median_edge_length,272,512,2.21921096754304,0.1640889613657973,0.08612056880255976,0.005,0.008660254037844387,0.007570543827223467,0.02084591007319253,7.824573621021406,51.104190192128925,442.35812252620724,4.9248973184632865,8.338333333333335,11.816302298096474,26.0,1.753935465758438,4.168333333333334,1.3202037550990515,3.751757349990308,55.98088133317524,0.05736304580898899,8.338333333333335,11.816302298096474,26.0,1.753935465758438,4.168333333333334,4.431958678937761,4.58504912320106,4.827072994726358,0.0,0.0,140,142,89,119.0
pseudosphere_patch,gaussian_curvature,1,0.005,1,11232579455398823251,centered_standardized_gaussian_coordinates,unperturbed_median_edge_length,272,512,2.21921096754304,0.1640889613657973,0.08611553565666177,0.005,0.008660254037844387,0.007497312111177065,0.020983915790479944,7.831274767001856,50.62869257123574,436.2080923042469,4.924897318463277,8.563333333333333,11.970658572804869,29.0,1.8286412177210027,4.279966666666668,1.4228444872723123,4.041253668725571,63.17468025804892,-0.027568889543751834,8.563333333333333,11.970658572804869,29.0,1.8286412177210027,4.279966666666668,4.583737451421766,4.614508042306124,4.933321887298159,0.0,0.0,147,150,88,122.0
pseudosphere_patch,gaussian_curvature,1,0.005,2,11249404529964553259,centered_standardized_gaussian_coordinates,unperturbed_median_edge_length,272,512,2.21921096754304,0.1640889613657973,0.08611383981745246,0.004999999999999999,0.008660254037844385,0.007318021385739067,0.020110633457860485,7.784574656727473,50.82123889317853,440.29209104178346,4.924897318463259,9.551666666666666,13.247830010986705,29.0,1.9473338869446084,4.778822222222221,1.501707930009073,5.749433038332016,82.65647208471165,-0.033304397034860725,9.551666666666666,13.247830010986705,29.0,1.9473338869446084,4.778822222222221,4.46708128314137,4.584900474840698,4.964295490041924,0.0,0.0,155,164,89,133.0
pseudosphere_patch,gaussian_curvature,1,0.005,3,7926176853633807368,centered_standardized_gaussian_coordinates,unperturbed_median_edge_length,272,512,2.21921096754304,0.1640889613657973,0.08613167420187355,0.005000000000000001,0.008660254037844388,0.007680141274796491,0.019756254854448773,7.793768776709287,50.47274270183087,443.385295271839,4.924897318463257,8.461666666666666,11.685674991201836,25.0,1.7469676786850903,4.232466666666668,1.4252015717954247,4.304304229211597,59.67742834043097,-0.05816070551153657,8.461666666666666,11.685674991201836,25.0,1.7469676786850903,4.232466666666668,4.3946497083065,4.642019876782663,4.948600318925827,0.0,0.0,146,152,84,123.0
pseudosphere_patch,gaussian_curvature,2,0.0,0,5528164197935987734,centered_standardized_gaussian_coordinates,unperturbed_median_edge_length,1056,2048,2.21921096754304,0.08156901129578,0.043142511279673494,0.0,0.0,0.0,0.0,6.890468459818224,76.87855625088964,978.4586386601222,4.9248973184630715,0.0,0.0,0.0,0.0,0.0,0.0,0.0,0.0,0.0,0.0,0.0,0.0,0.0,0.0,4.0056880710551654,4.005688071055256,5.603588492736073,0.0,0.0,53,62,0,0.0
pseudosphere_patch,gaussian_curvature,2,0.0001,0,8741085138119428556,centered_standardized_gaussian_coordinates,unperturbed_median_edge_length,1056,2048,2.21921096754304,0.08156901129578,0.04314252988789461,0.00010000000000000003,0.00017320508075688776,0.00015560736867828348,0.0004909700108575214,6.921319456860966,76.87624440962118,980.2613844373528,4.924897318463103,1.5600000000000005,10.158740079360241,108.0,0.07238061946456449,0.78,0.05696509515916916,0.25580593660629053,5.923195852063998,-0.00011957148423604987,1.5600000000000005,10.158740079360241,108.0,0.07238061946456449,0.78,3.991671315917975,4.004564126139174,5.604571380290249,0.0,0.0,628,648,17,420.0
pseudosphere_patch,gaussian_curvature,2,0.0001,1,17404097559487765977,centered_standardized_gaussian_coordinates,unperturbed_median_edge_length,1056,2048,2.21921096754304,0.08156901129578,0.043142496964245665,9.999999999999999e-05,0.0001732050807568877,0.00015155230247214862,0.00040004148024342496,6.925214137513928,76.88313197135938,980.000310755766,4.924897318463067,1.6500000000000006,10.609901036296241,112.0,0.07757889824349735,0.825,0.056762193916758595,0.1970137229729838,4.200723812995506,0.00037678544729585,1.6500000000000006,10.609901036296241,112.0,0.07757889824349735,0.825,3.9981488941522954,4.0031196213114955,5.604557408921888,0.0,0.0,652,672,19,410.0
pseudosphere_patch,gaussian_curvature,2,0.0001,2,16632300234683156489,centered_standardized_gaussian_coordinates,unperturbed_median_edge_length,1056,2048,2.21921096754304,0.08156901129578,0.043142462320170806,0.00010000000000000003,0.00017320508075688778,0.00015502281650070528,0.000378651045137589,6.922607560487014,76.88003405840034,979.6136516112189,4.9248973184630325,1.6933333333333336,10.62857782897913,111.0,0.07967220704945803,0.8466666666666667,0.05909137421609645,0.2663735239944706,5.162932744562113,1.2891015911075526e-05,1.6933333333333336,10.62857782897913,111.0,0.07967220704945803,0.8466666666666667,3.9983526277142816,4.0039461886925585,5.604465809729079,0.0,0.0,643,664,21,414.0
pseudosphere_patch,gaussian_curvature,2,0.0001,3,4694790684970454537,centered_standardized_gaussian_coordinates,unperturbed_median_edge_length,1056,2048,2.21921096754304,0.08156901129578,0.043142539886081466,0.0001,0.00017320508075688773,0.00015203994699100073,0.0004190656056469331,6.922769720110521,76.87468823589563,979.53348598293,4.924897318463102,1.476666666666667,9.190030830561271,91.0,0.07065847043663245,0.7383333333333334,0.05280014204121025,0.21337422544130122,6.2394187213821795,-0.0003247965101293563,1.476666666666667,9.190030830561271,91.0,0.07065847043663245,0.7383333333333334,3.999050610008501,4.004196235760357,5.604342587194001,0.0,0.0,601,620,19,362.0
pseudosphere_patch,gaussian_curvature,2,0.001325,0,5971602328179177613,centered_standardized_gaussian_coordinates,unperturbed_median_edge_length,1056,2048,2.21921096754304,0.08156901129578,0.04314230789357735,0.001325,0.0022949673200287624,0.002070846723589803,0.005095590090215615,7.37602113365083,76.94303599824116,999.7824999093237,4.924897318463108,18.740000000000002,34.58920833631978,102.0,2.9624541612956286,9.370000000000003,0.7698066944476959,3.338638447795425,69.67713236321302,0.00010375419745336373,18.740000000000002,34.58920833631978,102.0,2.9624541612956286,9.370000000000003,3.9025278394190015,3.984476327267317,5.618487228229555,0.0,0.0,583,596,108,402.0
pseudosphere_patch,gaussian_curvature,2,0.001325,1,6407002834002440902,centered_standardized_gaussian_coordinates,unperturbed_median_edge_length,1056,2048,2.21921096754304,0.08156901129578,0.04314270338787493,0.001325,0.002294967320028762,0.002032509413427452,0.005593575951617927,7.393876127906419,76.9920007950238,992.530641994173,4.924897318463126,21.523333333333333,40.72259814893937,117.0,3.376803748161984,10.761988888888888,0.7265177035314074,2.796726461156058,70.57221843357274,0.011988749226783649,21.523333333333333,40.72259814893937,117.0,3.376803748161984,10.761988888888888,3.9209812925567142,3.975397448755856,5.632462152554082,0.0,0.0,621,642,114,462.0
pseudosphere_patch,gaussian_curvature,2,0.001325,2,4005200751526339904,centered_standardized_gaussian_coordinates,unperturbed_median_edge_length,1056,2048,2.21921096754304,0.08156901129578,0.043142484082268194,0.001325,0.002294967320028763,0.0020614845168560837,0.006147982922338108,7.361402495722558,76.89316121953456,989.6039002540259,4.9248973184630875,21.163333333333334,40.22623522031362,120.0,3.2836692057981414,10.581666666666665,0.6535856784016517,2.4127890117601343,74.63506304805009,-0.004643041176797735,21.163333333333334,40.22623522031362,120.0,3.2836692057981414,10.581666666666665,3.9299481115214667,3.986406578313665,5.612112718489391,0.0,0.0,623,640,112,462.0
pseudosphere_patch,gaussian_curvature,2,0.001325,3,18268197354770892891,centered_standardized_gaussian_coordinates,unperturbed_median_edge_length,1056,2048,2.21921096754304,0.08156901129578,0.04314284214569692,0.0013249999999999996,0.002294967320028762,0.002069511074037483,0.005947701265172809,7.340222724424576,76.95131097076539,993.8584898651985,4.924897318463101,19.4,35.319494145112934,109.0,3.028698914329807,9.700000000000003,0.697708515283348,3.043647502540457,86.54216175857005,0.006250060105269066,19.4,35.319494145112934,109.0,3.028698914329807,9.700000000000003,3.931594625085215,3.9797708439596944,5.6255625680585775,0.0,0.0,585,610,116,428.0
pseudosphere_patch,gaussian_curvature,2,0.00255,0,11526034759683120585,centered_standardized_gaussian_coordinates,unperturbed_median_edge_length,1056,2048,2.21921096754304,0.08156901129578,0.04314330950840098,0.0025500000000000015,0.004416729559300639,0.003956658197831335,0.009798091053151818,7.842645699433601,76.836525337485,1002.6338233978274,4.924897318463128,41.71500000000001,54.895248731865074,118.0,9.218959935822049,20.852788888888877,1.5000423701333672,6.6340777811161455,148.94826122744678,-0.04978736635946121,41.71500000000001,54.895248731865074,118.0,9.218959935822049,20.852788888888877,3.8294425943282016,3.9883980273199318,5.631572136316503,0.0,0.0,626,650,175,483.0
pseudosphere_patch,gaussian_curvature,2,0.00255,1,1548993594950527019,centered_standardized_gaussian_coordinates,unperturbed_median_edge_length,1056,2048,2.21921096754304,0.08156901129578,0.04314363060580421,0.0025499999999999997,0.004416729559300637,0.003927463259734581,0.011011681060254118,7.822947903764479,76.79114256654026,1005.3605946626416,4.924897318463089,41.72500000000001,56.05885300289331,117.0,9.010562210642126,20.860000000000003,1.2680657640413626,4.029610009824738,90.37716178937467,-0.02068852654127127,41.72500000000001,56.05885300289331,117.0,9.010562210642126,20.860000000000003,3.899675075211456,3.9868406104935237,5.60218473577382,0.0,0.0,632,652,177,469.0
pseudosphere_patch,gaussian_curvature,2,0.00255,2,5508900383404243347,centered_standardized_gaussian_coordinates,unperturbed_median_edge_length,1056,2048,2.21921096754304,0.08156901129578,0.04314277590936121,0.002550000000000001,0.004416729559300638,0.003907265218164787,0.011888817994714017,7.81748558574357,76.70757024489238,1008.5418768666285,4.924897318463078,39.55,52.368151899158455,113.0,8.604249318117962,19.775766666666673,1.4888268261526405,6.840749731197795,154.21908395306838,-0.07752149090216584,39.55,52.368151899158455,113.0,8.604249318117962,19.775766666666673,3.8226342683457037,4.00344821330714,5.606371082829998,0.0,0.0,616,640,170,470.0
pseudosphere_patch,gaussian_curvature,2,0.00255,3,2697889061101531746,centered_standardized_gaussian_coordinates,unperturbed_median_edge_length,1056,2048,2.21921096754304,0.08156901129578,0.043142313927779834,0.0025500000000000006,0.004416729559300638,0.003894317683786729,0.010838814219139887,7.825909451013198,76.72981492030054,1003.0027383001046,4.924897318463082,41.053333333333335,54.87324788394918,112.0,8.909626238219744,20.526666666666667,1.4900689406391316,6.469000403896065,135.81316749705712,-0.05983118274498908,41.053333333333335,54.87324788394918,112.0,8.909626238219744,20.526666666666667,3.837559764524334,4.002751469426806,5.618239364279253,0.0,0.0,613,634,174,462.0
pseudosphere_patch,gaussian_curvature,2,0.003775,0,14774103732465829116,centered_standardized_gaussian_coordinates,unperturbed_median_edge_length,1056,2048,2.21921096754304,0.08156901129578,0.043143997988665556,0.003775,0.006538491798572513,0.005800359781627058,0.017728397387073495,8.381354745417463,76.48087461607918,999.7762175161168,4.924897318463079,56.96666666666667,66.71656465976048,120.0,14.49644896546152,28.481822222222217,2.3487259069260165,11.458059713636827,259.1684799644808,-0.15543368760265228,56.96666666666667,66.71656465976048,120.0,14.49644896546152,28.481822222222217,3.8774948182810642,3.993003622438758,5.613383690323022,0.0,0.0,612,636,201,470.0
pseudosphere_patch,gaussian_curvature,2,0.003775,1,4867164324000588626,centered_standardized_gaussian_coordinates,unperturbed_median_edge_length,1056,2048,2.21921096754304,0.08156901129578,0.04314305423182326,0.003775,0.006538491798572512,0.0058713539089545845,0.014064903475628027,8.268358932453307,77.62873262939534,1039.3451552695471,4.924897318463044,54.46333333333334,65.61409909463057,119.0,13.455898604234061,27.211111111111126,2.001168828332033,8.363383487885548,211.6370282304314,0.04300855635795289,54.46333333333334,65.61409909463057,119.0,13.455898604234061,27.211111111111126,3.6850364424966897,3.908179817720229,5.634828205873093,0.0,0.0,622,650,201,488.0
pseudosphere_patch,gaussian_curvature,2,0.003775,2,5775864748736714415,centered_standardized_gaussian_coordinates,unperturbed_median_edge_length,1056,2048,2.21921096754304,0.08156901129578,0.043143501498650406,0.003775000000000001,0.006538491798572514,0.00578056745254882,0.014901895377446666,8.191039513490388,76.72598907554193,1016.4063981191554,4.924897318463092,51.30500000000001,59.051658175984635,100.0,13.025209339518971,25.635811111111114,1.9548147384037247,7.829455638538446,197.89531574195226,-0.06447593810555224,51.30500000000001,59.051658175984635,100.0,13.025209339518971,25.635811111111114,3.7654405988567587,3.940540170688741,5.650307499099753,0.0,0.0,605,620,194,433.0
pseudosphere_patch,gaussian_curvature,2,0.003775,3,8513462383197442171,centered_standardized_gaussian_coordinates,unperturbed_median_edge_length,1056,2048,2.21921096754304,0.08156901129578,0.0431443779245077,0.003775000000000001,0.006538491798572514,0.005745673462189557,0.015546039705410597,8.28589422336339,75.43787149670875,1035.4258313193322,4.924897318463091,57.95666666666666,66.25850888753837,115.0,15.023108015806477,28.956488888888906,2.1897874477791874,9.305798295545033,246.2198488457841,-0.2988368585170643,57.95666666666666,66.25850888753837,115.0,15.023108015806477,28.956488888888906,3.7314112771183434,3.9850218729092974,5.664549632647466,0.0,0.0,638,660,210,474.0
pseudosphere_patch,gaussian_curvature,2,0.005,0,12422271227752113342,centered_standardized_gaussian_coordinates,unperturbed_median_edge_length,1056,2048,2.21921096754304,0.08156901129578,0.04314281842699483,0.005000000000000002,0.00866025403784439,0.007583869729306742,0.02092099398705644,8.94933501998014,76.67536039113843,1008.2665037881764,4.924897318463103,71.375,76.5724820023486,113.0,20.013124776341535,35.64884444444443,2.9636704694740574,13.757230869511835,316.8595730260346,-0.18664139490586099,71.375,76.5724820023486,113.0,20.013124776341535,35.64884444444443,3.739031569646549,3.9654500084428,5.581103800067138,0.0,0.0,657,678,202,429.0
pseudosphere_patch,gaussian_curvature,2,0.005,1,14134353814693899125,centered_standardized_gaussian_coordinates,unperturbed_median_edge_length,1056,2048,2.21921096754304,0.08156901129578,0.04314528748520286,0.005,0.008660254037844387,0.007736277383728644,0.018767337922295835,8.95790715390932,77.18131477368084,1054.3513732994993,4.9248973184631275,74.13833333333334,79.3254162716255,120.0,21.692207320591553,37.06425555555552,3.1102347692549306,12.825887048742617,279.5546235843581,-0.11662699691011663,74.13833333333334,79.3254162716255,120.0,21.692207320591553,37.06425555555552,3.58091576916012,3.904280082033074,5.724608605262294,0.0,0.0,614,642,207,431.0
pseudosphere_patch,gaussian_curvature,2,0.005,2,4535041995075315199,centered_standardized_gaussian_coordinates,unperturbed_median_edge_length,1056,2048,2.21921096754304,0.08156901129578,0.04314546438831079,0.005,0.008660254037844387,0.00769886355064488,0.020149057059874728,8.811511212520054,76.3510161431495,1075.5028915276523,4.924897318463041,73.63000000000001,79.26798428958146,118.0,21.05252437969797,36.816466666666656,2.909220447845761,11.99427269658197,252.12072225165775,-0.22247909792317624,73.63000000000001,79.26798428958146,118.0,21.05252437969797,36.816466666666656,3.6293591923365898,3.9206471754501724,5.683799951117161,0.0,0.0,628,656,209,460.0
pseudosphere_patch,gaussian_curvature,2,0.005,3,11336023113869915515,centered_standardized_gaussian_coordinates,unperturbed_median_edge_length,1056,2048,2.21921096754304,0.08156901129578,0.04314456063865555,0.005,0.008660254037844387,0.00777851881548494,0.021923597553443225,8.9432164343065,76.28113892816266,1022.9351439579536,4.924897318463086,70.21666666666667,75.2066929645671,110.0,20.608832191846478,35.10542222222224,2.8586819903458744,12.176988728719243,306.8172273361845,-0.21054570339854933,70.21666666666667,75.2066929645671,110.0,20.608832191846478,35.10542222222224,3.720691070253889,3.965104439501707,5.689569308432388,0.0,0.0,621,638,204,410.0
pseudosphere_patch,mean_curvature,0,0.0,0,5802300305891072989,centered_standardized_gaussian_coordinates,unperturbed_median_edge_length,72,128,2.21921096754304,0.3224065509534283,0.1702331936838153,0.0,0.0,0.0,0.0,0.28416100656048043,1.1199158420700575,5.955643298625303,-0.21431952354548334,0.0,0.0,0.0,0.0,0.0,0.0,0.0,0.0,0.0,0.0,0.0,0.0,0.0,0.0,6.142821920581892,6.142821920581892,6.14282192058201,0.0,0.0,16,20,0,0.0
pseudosphere_patch,mean_curvature,0,0.0001,0,11631852563979906675,centered_standardized_gaussian_coordinates,unperturbed_median_edge_length,72,128,2.21921096754304,0.3224065509534283,0.17023389272947614,0.0001,0.00017320508075688773,0.00014461849838331666,0.00033685974856939707,0.2839058291466553,1.119628132542019,5.962771438855187,-0.21427428979943075,0.006666666666666599,0.11547005383792457,2.0,0.0019679113031636744,0.003733333333333326,0.002192995558044205,0.0035564515517677747,0.020645191271148722,-1.238625321606905e-05,0.006666666666666599,0.11547005383792457,2.0,0.0019679113031636744,0.003733333333333326,6.134369471089405,6.1368566692841275,6.140332803522371,0.0,0.0,18,18,2,4.0
pseudosphere_patch,mean_curvature,0,0.0001,1,9361687701520747207,centered_standardized_gaussian_coordinates,unperturbed_median_edge_length,72,128,2.21921096754304,0.3224065509534283,0.17023365360464426,9.999999999999998e-05,0.00017320508075688773,0.0001498766059760248,0.00043255551044344917,0.283717506575321,1.119825943181905,5.968048661905959,-0.21464408478715233,0.009999999999999898,0.17320508075688684,3.0,0.0029518669547455127,0.005599999999999979,0.0027662405409501854,0.004022439021318512,0.01482203387587866,-0.00032256407386699315,0.009999999999999898,0.17320508075688684,3.0,0.0029518669547455127,0.005599999999999979,6.1387203366618515,6.140050573474959,6.141983432846421,0.0,0.0,16,16,2,6.0
pseudosphere_patch,mean_curvature,0,0.0001,2,11168727982160602630,centered_standardized_gaussian_coordinates,unperturbed_median_edge_length,72,128,2.21921096754304,0.3224065509534283,0.170232182978063,9.999999999999998e-05,0.0001732050807568877,0.0001575884684328546,0.00031598503935986966,0.2850601876020237,1.1203512844803225,5.971822948994828,-0.2138983703186707,0.006666666666666599,0.11547005383792457,2.0,0.0019679113031636744,0.003733333333333326,0.002872313649477355,0.004620234538259751,0.01826588059763745,0.0004351914194280112,0.006666666666666599,0.11547005383792457,2.0,0.0019679113031636744,0.003733333333333326,6.138121633436792,6.139509013240359,6.143210429375861,0.0,0.0,18,18,2,4.0
pseudosphere_patch,mean_curvature,0,0.0001,3,8185442295439939748,centered_standardized_gaussian_coordinates,unperturbed_median_edge_length,72,128,2.21921096754304,0.3224065509534283,0.17023211089622906,0.00010000000000000002,0.00017320508075688773,0.00015240498217227474,0.00030279825417668085,0.2840399640668632,1.1199976986271127,5.971650879688064,-0.21453092690399012,0.009999999999999898,0.17320508075688684,3.0,0.0029518669547455127,0.005599999999999979,0.0030530421966641587,0.004658978081096771,0.019956858211109818,-0.0001856641195059263,0.009999999999999898,0.17320508075688684,3.0,0.0029518669547455127,0.005599999999999979,6.136122372873542,6.137874667200458,6.144073582660753,0.0,0.0,18,18,2,6.0
pseudosphere_patch,mean_curvature,0,0.001325,0,12016741192052164613,centered_standardized_gaussian_coordinates,unperturbed_median_edge_length,72,128,2.21921096754304,0.3224065509534283,0.17022388619458775,0.001325,0.0022949673200287624,0.0020895343212562834,0.004848144625233258,0.27385651950342027,1.116341625764761,6.045057461418251,-0.21941587277030988,0.06333333333333323,0.351188458428424,3.0,0.007806994068052106,0.029955555555555548,0.03424363621762256,0.049748563242782685,0.18361904647768013,-0.005387336628127274,0.06333333333333323,0.351188458428424,3.0,0.007806994068052106,0.029955555555555548,6.017506246270477,6.082351531701011,6.127196461675816,0.0,0.0,16,16,11,14.0
pseudosphere_patch,mean_curvature,0,0.001325,1,9936999870118994334,centered_standardized_gaussian_coordinates,unperturbed_median_edge_length,72,128,2.21921096754304,0.3224065509534283,0.17024385869323896,0.001325,0.002294967320028762,0.0019979683764289914,0.004022156124491198,0.2918628358872597,1.1242383757738321,6.148129400466866,-0.2145127346205753,0.1066666666666666,0.43969686527576396,3.0,0.018748750301289002,0.05077777777777789,0.03841923451835799,0.058312724420207185,0.24720435554659415,0.0002310348016330943,0.1066666666666666,0.43969686527576396,3.0,0.018748750301289002,0.05077777777777789,6.048094259603976,6.06497757262542,6.120203006028059,0.0,0.0,14,14,12,14.0
pseudosphere_patch,mean_curvature,0,0.001325,2,6956821742199627267,centered_standardized_gaussian_coordinates,unperturbed_median_edge_length,72,128,2.21921096754304,0.3224065509534283,0.17024012858527127,0.0013249999999999998,0.002294967320028762,0.002032345831519543,0.004565652965985364,0.29035592719148723,1.1203351249442708,6.2922099838011825,-0.212303426590148,0.13999999999999993,0.5477225575051659,3.0,0.019685887238796284,0.0646666666666667,0.04232422770451258,0.06264052608672016,0.33656668517590127,0.001885771855176936,0.13999999999999993,0.5477225575051659,3.0,0.019685887238796284,0.0646666666666667,6.036285157344141,6.0477889241169285,6.148962500901122,0.0,0.0,22,22,14,16.0
pseudosphere_patch,mean_curvature,0,0.001325,3,9912720077261555519,centered_standardized_gaussian_coordinates,unperturbed_median_edge_length,72,128,2.21921096754304,0.3224065509534283,0.17023911162793007,0.001325,0.002294967320028762,0.002104311388737881,0.0042907222926445695,0.28367985088493075,1.1140438797661325,6.167806808587951,-0.21341267145177412,0.1166666666666667,0.506622805119022,3.0,0.019496652134262583,0.05466666666666671,0.031219575816966494,0.04754106267612228,0.2121635099626702,-0.0005081686404653652,0.1166666666666667,0.506622805119022,3.0,0.019496652134262583,0.05466666666666671,6.0095494509145775,6.043430542816641,6.099465720010772,0.0,0.0,16,16,12,16.0
pseudosphere_patch,mean_curvature,0,0.00255,0,5661761965929761564,centered_standardized_gaussian_coordinates,unperturbed_median_edge_length,72,128,2.21921096754304,0.3224065509534283,0.17024214409546404,0.0025499999999999997,0.0044167295593006365,0.004262619792886302,0.006976304489630646,0.3236439038534261,1.1351572674010415,6.640685107770956,-0.21091924913442495,0.28333333333333316,0.8582928793055818,4.0,0.032729475081257405,0.13617777777777773,0.0917442971557141,0.14701985737004705,0.6850418091456947,0.00382249498107868,0.28333333333333316,0.8582928793055818,4.0,0.032729475081257405,0.13617777777777773,5.990542663327494,6.002071676997165,6.149493819907556,0.0,0.0,22,22,16,18.0
pseudosphere_patch,mean_curvature,0,0.00255,1,13923460992442476843,centered_standardized_gaussian_coordinates,unperturbed_median_edge_length,72,128,2.21921096754304,0.3224065509534283,0.1701943924867183,0.00255,0.0044167295593006365,0.003490310775970256,0.008740815538459972,0.3064251957378119,1.1302628293795738,6.309941124815859,-0.20828805676542447,0.21333333333333335,0.594418483337567,2.0,0.028067313267822365,0.10046666666666679,0.06759776587821366,0.12065961194774104,0.7004447427041562,0.005289697970926754,0.21333333333333335,0.594418483337567,2.0,0.028067313267822365,0.10046666666666679,6.037331681107372,6.04394748901268,6.1121357244280485,0.0,0.0,12,12,11,12.0
pseudosphere_patch,mean_curvature,0,0.00255,2,18413387481901726031,centered_standardized_gaussian_coordinates,unperturbed_median_edge_length,72,128,2.21921096754304,0.3224065509534283,0.17025245570529435,0.00255,0.004416729559300637,0.0038515943094033986,0.010804925426273976,0.300982750596241,1.122561492423085,6.1684322067568855,-0.2086624869319005,0.1366666666666666,0.4999999999999998,3.0,0.029468803690453696,0.06347777777777767,0.059209418311964315,0.08411719356504856,0.28857184997613383,0.004518722598796228,0.1366666666666666,0.4999999999999998,3.0,0.029468803690453696,0.06347777777777767,5.955826353888616,5.9680546562464265,6.063417167871282,0.0,0.0,14,14,10,12.0
pseudosphere_patch,mean_curvature,0,0.00255,3,12967262711798910254,centered_standardized_gaussian_coordinates,unperturbed_median_edge_length,72,128,2.21921096754304,0.3224065509534283,0.17024662760486514,0.00255,0.004416729559300637,0.003941100013946992,0.007953184947128215,0.2968840129072059,1.1246775016777684,6.540130760253367,-0.2211595645699409,0.18666666666666668,0.5999999999999999,3.0,0.0232178748367321,0.0874666666666667,0.0688047462566151,0.12420980983879226,0.717068418946327,-0.00581792672059736,0.18666666666666668,0.5999999999999999,3.0,0.0232178748367321,0.0874666666666667,5.924123514734039,6.022515021304405,6.185512125868428,0.0,0.0,16,16,15,16.0
pseudosphere_patch,mean_curvature,0,0.003775,0,12964882242726655908,centered_standardized_gaussian_coordinates,unperturbed_median_edge_length,72,128,2.21921096754304,0.3224065509534283,0.170160390659582,0.0037750000000000006,0.006538491798572512,0.005743000657268219,0.012331850124355148,0.32847512298612785,1.1238369747455617,6.2769522911459275,-0.21050979370430795,0.21333333333333326,0.6377042156569661,3.0,0.038380027384795075,0.09826666666666681,0.09892236142360433,0.1286696833643986,0.43973134905749145,0.0028784874526007775,0.21333333333333326,0.6377042156569661,3.0,0.038380027384795075,0.09826666666666681,5.928100203149858,5.951785180891154,6.091830313373906,0.0,0.0,16,16,13,16.0
pseudosphere_patch,mean_curvature,0,0.003775,1,16390990401882239123,centered_standardized_gaussian_coordinates,unperturbed_median_edge_length,72,128,2.21921096754304,0.3224065509534283,0.17031659892754028,0.003775000000000001,0.006538491798572513,0.005532399832642141,0.012964500125614205,0.3296719763484034,1.136890160181443,6.776462389614724,-0.21007810549358302,0.33999999999999997,0.8755950357709131,3.0,0.05560388638458611,0.16017777777777786,0.10182427957881256,0.15949320572183934,0.8208190909894206,0.003613388474538407,0.33999999999999997,0.8755950357709131,3.0,0.05560388638458611,0.16017777777777786,5.905004947029804,5.977585751468341,6.095553759014942,0.0,0.0,18,18,17,18.0
pseudosphere_patch,mean_curvature,0,0.003775,2,5735826705698269310,centered_standardized_gaussian_coordinates,unperturbed_median_edge_length,72,128,2.21921096754304,0.3224065509534283,0.17022625782453105,0.0037750000000000006,0.006538491798572512,0.006186585732977793,0.012346977466285741,0.3585060442849811,1.140514673118553,6.526400906460558,-0.20846037969607187,0.33000000000000007,0.8582928793055823,3.0,0.06458203909495726,0.15142222222222265,0.140481356682134,0.1874160305624656,0.695270136878775,0.0060709783094157746,0.33000000000000007,0.8582928793055823,3.0,0.06458203909495726,0.15142222222222265,5.9776209577098705,6.017588036357378,6.128427596645707,0.0,0.0,18,18,18,18.0
pseudosphere_patch,mean_curvature,0,0.003775,3,1419393184612349226,centered_standardized_gaussian_coordinates,unperturbed_median_edge_length,72,128,2.21921096754304,0.3224065509534283,0.17021713314161346,0.003775000000000001,0.006538491798572513,0.005695800065835285,0.01786361881699262,0.32255135771009436,1.1388387735799652,6.858395375237456,-0.21100518292309756,0.35000000000000003,0.9000000000000001,3.0,0.04560049747941761,0.15969999999999998,0.1066524814537159,0.17201471068193197,0.9027520766121966,0.0039918358487912135,0.35000000000000003,0.9000000000000001,3.0,0.04560049747941761,0.15969999999999998,5.992388257522855,6.04969524240069,6.11271196257129,0.0,0.0,16,16,15,16.0
pseudosphere_patch,mean_curvature,0,0.005,0,2030204971759268039,centered_standardized_gaussian_coordinates,unperturbed_median_edge_length,72,128,2.21921096754304,0.3224065509534283,0.17022980265059398,0.005,0.008660254037844387,0.007992205675174608,0.014671132086481724,0.3455869881694211,1.1409801115505038,6.6656188627938295,-0.20711283610011097,0.33666666666666667,0.8544003745317531,3.0,0.06366307161332094,0.15527777777777815,0.13294263231820214,0.19465910441195391,0.7099755641685261,0.006933547166733887,0.33666666666666667,0.8544003745317531,3.0,0.06366307161332094,0.15527777777777815,5.895092793798218,5.925106178864422,6.094996006531534,0.0,0.0,14,14,11,14.0
pseudosphere_patch,mean_curvature,0,0.005,1,6121811557015489676,centered_standardized_gaussian_coordinates,unperturbed_median_edge_length,72,128,2.21921096754304,0.3224065509534283,0.17018960178513498,0.005,0.008660254037844387,0.007573284558107818,0.021203553887758846,0.3231361515341303,1.1131918232231561,6.93173508388883,-0.207740020672318,0.3800000000000001,0.9092121131323905,4.0,0.08310937064923506,0.17055555555555552,0.11527581978130522,0.17814578983743865,0.976091785263526,0.0027977668706673457,0.3800000000000001,0.9092121131323905,4.0,0.08310937064923506,0.17055555555555552,5.801759134331383,5.88520839073589,5.9875220285764685,0.0,0.0,18,18,15,18.0
pseudosphere_patch,mean_curvature,0,0.005,2,11253008099050803080,centered_standardized_gaussian_coordinates,unperturbed_median_edge_length,72,128,2.21921096754304,0.3224065509534283,0.1702697346203498,0.005,0.008660254037844388,0.0074447517263194415,0.01824965476391897,0.35038131557998375,1.1426771009177614,6.719253379698302,-0.21304961033404396,0.3933333333333334,0.9899494936611667,3.0,0.058039577811977536,0.1753333333333334,0.13071227843212713,0.18661472468922352,0.7636100810729991,0.0009789137881316657,0.3933333333333334,0.9899494936611667,3.0,0.058039577811977536,0.1753333333333334,5.728044862878861,5.753542007257378,6.181623073686004,0.0,0.0,18,18,16,18.0
pseudosphere_patch,mean_curvature,0,0.005,3,7304772040361985161,centered_standardized_gaussian_coordinates,unperturbed_median_edge_length,72,128,2.21921096754304,0.3224065509534283,0.17020854632806395,0.005,0.008660254037844388,0.00813178571362555,0.01584590032385307,0.3501588896421406,1.1245653223423624,6.9250391403571285,-0.22021955906557777,0.4099999999999999,1.0535653752852738,4.0,0.08833306091269415,0.18713333333333296,0.14659870150011448,0.24226988212410105,1.1728045325200198,-0.009394199136311966,0.4099999999999999,1.0535653752852738,4.0,0.08833306091269415,0.18713333333333296,5.619395102274955,5.68172704748015,5.995452882071767,0.0,0.0,24,24,18,22.0
pseudosphere_patch,mean_curvature,1,0.0,0,4820102149749249531,centered_standardized_gaussian_coordinates,unperturbed_median_edge_length,272,512,2.21921096754304,0.1640889613657973,0.08611697452378757,0.0,0.0,0.0,0.0,0.12127547792864636,0.8040962194285125,6.7480580339665925,-0.09335671625245086,0.0,0.0,0.0,0.0,0.0,0.0,0.0,0.0,0.0,0.0,0.0,0.0,0.0,0.0,4.759285428211232,4.759285428211309,4.759285428211386,0.0,0.0,31,32,0,0.0
pseudosphere_patch,mean_curvature,1,0.0001,0,12510520971494253070,centered_standardized_gaussian_coordinates,unperturbed_median_edge_length,272,512,2.21921096754304,0.1640889613657973,0.08611719082570526,0.0001,0.00017320508075688773,0.00015166510447457297,0.0004684123037401785,0.12191356347027145,0.8041651702821463,6.846522913057997,-0.09340902911862949,0.06666666666666654,0.47609522856952224,5.0,0.014616049017736964,0.0330666666666667,0.005921993431822309,0.011334230955086774,0.09846487909147794,-5.113940181398645e-05,0.06666666666666654,0.47609522856952224,5.0,0.014616049017736964,0.0330666666666667,4.75426482662554,4.756299914404256,4.762217878160137,0.0,0.0,32,32,10,24.0
pseudosphere_patch,mean_curvature,1,0.0001,1,705070660624411360,centered_standardized_gaussian_coordinates,unperturbed_median_edge_length,272,512,2.21921096754304,0.1640889613657973,0.08611695925976157,0.0001,0.00017320508075688773,0.00015517386862631968,0.000374394555421084,0.12130798344633688,0.8041617538511269,6.8212933295408105,-0.09372186045596588,0.06999999999999984,0.5131601439446873,5.0,0.01581937981647124,0.03450000000000004,0.005912062164968779,0.009776737112415338,0.08542202570174956,-0.00033285732768329845,0.06999999999999984,0.5131601439446873,5.0,0.01581937981647124,0.03450000000000004,4.751566963110174,4.757121310546114,4.763742348864744,0.0,0.0,42,42,11,28.0
pseudosphere_patch,mean_curvature,1,0.0001,2,15387051352812898673,centered_standardized_gaussian_coordinates,unperturbed_median_edge_length,272,512,2.21921096754304,0.1640889613657973,0.08611719361741042,9.999999999999999e-05,0.0001732050807568877,0.00014338024108025767,0.00042466299962496616,0.1222810294996261,0.8044588415068219,6.850012138883704,-0.09296623750005842,0.056666666666666615,0.4123105625617656,4.0,0.013579642382728612,0.02811111111111116,0.0056887552086128685,0.010424473601560508,0.10273095641441765,0.0004043015102190167,0.056666666666666615,0.4123105625617656,4.0,0.013579642382728612,0.02811111111111116,4.753836370154175,4.757569867682702,4.762651514355328,0.0,0.0,36,36,10,22.0
pseudosphere_patch,mean_curvature,1,0.0001,3,1092337944065782209,centered_standardized_gaussian_coordinates,unperturbed_median_edge_length,272,512,2.21921096754304,0.1640889613657973,0.08611700889517537,9.999999999999999e-05,0.00017320508075688767,0.0001557710386370008,0.00037024070063583194,0.12134395700753475,0.8039513383830341,6.817547107729522,-0.0937209732616594,0.0766666666666665,0.5686240703077317,5.0,0.017819340881890657,0.038022222222222256,0.006257854245187,0.011126405929673755,0.08288368167360005,-0.00036253643952021525,0.0766666666666665,0.5686240703077317,5.0,0.017819340881890657,0.038022222222222256,4.7498662926264785,4.7550922713129005,4.761929900533639,0.0,0.0,36,36,10,30.0
pseudosphere_patch,mean_curvature,1,0.001325,0,7515698570852550683,centered_standardized_gaussian_coordinates,unperturbed_median_edge_length,272,512,2.21921096754304,0.1640889613657973,0.08611804499112355,0.001325,0.0022949673200287624,0.0020685484363686833,0.0054815852312345165,0.17475974096080907,0.8166697824601721,7.528065710870788,-0.09495842945927893,0.6466666666666667,1.574801574802362,6.0,0.14164321635977034,0.314933333333333,0.07790332435282549,0.1311294296062737,0.9368416316034689,-0.0011732404841044044,0.6466666666666667,1.574801574802362,6.0,0.14164321635977034,0.314933333333333,4.700474889253724,4.737868419258606,4.83209190043068,0.0,0.0,32,32,27,32.0
pseudosphere_patch,mean_curvature,1,0.001325,1,1664881346116438364,centered_standardized_gaussian_coordinates,unperturbed_median_edge_length,272,512,2.21921096754304,0.1640889613657973,0.08611487738877564,0.0013250000000000002,0.002294967320028763,0.002045854416941561,0.006001421061804105,0.16402202103538313,0.8094360727063863,7.517438316463096,-0.0947773148091517,0.6233333333333333,1.5800843859321771,7.0,0.13284157842651426,0.29967777777777765,0.07149150489840918,0.10941772214570426,0.7693802824966294,-0.001641063948910945,0.6233333333333333,1.5800843859321771,7.0,0.13284157842651426,0.29967777777777765,4.681362604829577,4.701337924609211,4.794614233399873,0.0,0.0,36,36,29,34.0
pseudosphere_patch,mean_curvature,1,0.001325,2,9837189115723911384,centered_standardized_gaussian_coordinates,unperturbed_median_edge_length,272,512,2.21921096754304,0.1640889613657973,0.08611859552782321,0.0013249999999999998,0.002294967320028762,0.002086035993045178,0.004970084653246838,0.17092161120197955,0.8158316399884249,7.69542015346291,-0.08781571147390062,0.7266666666666668,1.7925772879665005,7.0,0.15972629779019246,0.354,0.07478174095800082,0.12351542743935262,0.9473621194964219,0.005460507605880426,0.7266666666666668,1.7925772879665005,7.0,0.15972629779019246,0.354,4.67529977912618,4.707279472905132,4.808469944448877,0.0,0.0,38,38,31,38.0
pseudosphere_patch,mean_curvature,1,0.001325,3,13724552162076964886,centered_standardized_gaussian_coordinates,unperturbed_median_edge_length,272,512,2.21921096754304,0.1640889613657973,0.08611910923140559,0.0013250000000000004,0.0022949673200287632,0.002032184938124455,0.005249833758619301,0.17379026432633934,0.8141014784711816,7.322979214457617,-0.0912527059074927,0.6133333333333335,1.6613247725836149,6.0,0.1333546171284108,0.29811111111111094,0.07646591357932678,0.1129825464847748,0.5749211804913315,0.002222858865961872,0.6133333333333335,1.6613247725836149,6.0,0.1333546171284108,0.29811111111111094,4.625764102897991,4.7172280078482975,4.825119751912922,0.0,0.0,36,36,25,34.0
pseudosphere_patch,mean_curvature,1,0.00255,0,15305145664132131718,centered_standardized_gaussian_coordinates,unperturbed_median_edge_length,272,512,2.21921096754304,0.1640889613657973,0.08612376774157239,0.0025500000000000006,0.004416729559300637,0.003963807817543996,0.011223043569269741,0.24295894021059147,0.8521083204440474,8.419634961955001,-0.0917760254320829,1.6666666666666667,2.6645825188948455,7.0,0.35314814329274224,0.7700000000000005,0.1596194163427591,0.272561784645957,2.02290247858086,0.0017936182204844444,1.6666666666666667,2.6645825188948455,7.0,0.35314814329274224,0.7700000000000005,4.593131058019752,4.689699298901005,4.849402353158995,0.0,0.0,34,34,28,34.0
pseudosphere_patch,mean_curvature,1,0.00255,1,8276383975695393583,centered_standardized_gaussian_coordinates,unperturbed_median_edge_length,272,512,2.21921096754304,0.1640889613657973,0.08611894492685143,0.0025500000000000006,0.004416729559300638,0.0038453881815097126,0.009404407628165313,0.23452144557029686,0.8379909639110705,8.223262001951767,-0.090252027526387,1.12,2.039607805437114,7.0,0.22981866890253166,0.5276444444444435,0.14410422475442486,0.22391306211213888,1.4922608275012204,0.0030472817155321723,1.12,2.039607805437114,7.0,0.22981866890253166,0.5276444444444435,4.588580002593991,4.680998049790695,4.839777476183791,0.0,0.0,36,36,28,32.0
pseudosphere_patch,mean_curvature,1,0.00255,2,17380150916057163,centered_standardized_gaussian_coordinates,unperturbed_median_edge_length,272,512,2.21921096754304,0.1640889613657973,0.08611780594827205,0.00255,0.004416729559300637,0.0038817613992521106,0.011107035709347773,0.2247664766224071,0.831092203776966,8.033563937203006,-0.09494946888643364,1.1466666666666667,2.1648710508172693,7.0,0.25083774008679816,0.550933333333334,0.13568871547388653,0.21984810732088056,1.3808461027177232,-0.0020551126947292225,1.1466666666666667,2.1648710508172693,7.0,0.25083774008679816,0.550933333333334,4.564750691593197,4.672947664686248,4.811099712973126,0.0,0.0,34,34,27,34.0
pseudosphere_patch,mean_curvature,1,0.00255,3,7809582213203322232,centered_standardized_gaussian_coordinates,unperturbed_median_edge_length,272,512,2.21921096754304,0.1640889613657973,0.08611832457901425,0.0025500000000000006,0.004416729559300637,0.0038030729841122346,0.009565032182394061,0.2393329078851913,0.8460713408865772,7.579435916584457,-0.08046690267857239,1.1,1.9874606914351791,7.0,0.30096529108907094,0.5226000000000003,0.14290520658671932,0.23845144947319458,1.6649871282713624,0.013199135146819516,1.1,1.9874606914351791,7.0,0.30096529108907094,0.5226000000000003,4.616152569041383,4.6954219976387,4.846658215008792,0.0,0.0,36,36,31,32.0
pseudosphere_patch,mean_curvature,1,0.003775,0,5649355717698327123,centered_standardized_gaussian_coordinates,unperturbed_median_edge_length,272,512,2.21921096754304,0.1640889613657973,0.08611740990486104,0.003775,0.006538491798572512,0.005836056013934119,0.014411722625514144,0.30232623388084573,0.8898466982309446,8.695359597166664,-0.08556381306441065,1.5266666666666666,2.2128413107737,5.0,0.3497457842502518,0.713911111111113,0.21557905082953138,0.36444014380398854,2.0386084526761903,0.008419357783963683,1.5266666666666666,2.2128413107737,5.0,0.3497457842502518,0.713911111111113,4.527529844588185,4.712937197747558,4.887145602558579,0.0,0.0,38,38,27,28.0
pseudosphere_patch,mean_curvature,1,0.003775,1,15761764053337853647,centered_standardized_gaussian_coordinates,unperturbed_median_edge_length,272,512,2.21921096754304,0.1640889613657973,0.0861160521649065,0.003775000000000001,0.006538491798572513,0.005810876782159443,0.013605625567958623,0.2786076591847705,0.8617546226818257,8.29338986464823,-0.09960711576529077,1.1200000000000003,1.8618986725025257,7.0,0.22896124818126826,0.5125777777777778,0.19775430090415153,0.3374510136914161,3.312296056777281,-0.00667745980789914,1.1200000000000003,1.8618986725025257,7.0,0.22896124818126826,0.5125777777777778,4.5086874378265644,4.622641314923234,4.822966418134056,0.0,0.0,44,44,37,42.0
pseudosphere_patch,mean_curvature,1,0.003775,2,14092998239570450883,centered_standardized_gaussian_coordinates,unperturbed_median_edge_length,272,512,2.21921096754304,0.1640889613657973,0.08612069825358645,0.003775000000000001,0.006538491798572513,0.005510514033097729,0.014221337412398725,0.27571708603531797,0.8648925671456964,8.939144982327532,-0.09304766919690638,1.9383333333333337,3.0328754233125594,7.0,0.3656857404120936,0.9038666666666675,0.1914379725391866,0.31799776006429425,2.191086948361182,0.0003318592372177644,1.9383333333333337,3.0328754233125594,7.0,0.3656857404120936,0.9038666666666675,4.436991104488851,4.6560132295062555,4.897885468455916,0.0,0.0,42,42,35,39.0
pseudosphere_patch,mean_curvature,1,0.003775,3,17830057994181343795,centered_standardized_gaussian_coordinates,unperturbed_median_edge_length,272,512,2.21921096754304,0.1640889613657973,0.08612403436838237,0.0037749999999999997,0.0065384917985725115,0.005830593072615945,0.014094011963613522,0.3068197643426578,0.8975695655220336,8.867397434909924,-0.07177037696979326,1.7883333333333336,2.4674548290360523,6.0,0.39402147455107944,0.834799999999999,0.21701350283289653,0.3808840180197687,3.737312315001102,0.021623211101131766,1.7883333333333336,2.4674548290360523,6.0,0.39402147455107944,0.834799999999999,4.494302204627576,4.628246843817101,4.890889973688811,0.0,0.0,40,40,33,35.0
pseudosphere_patch,mean_curvature,1,0.005,0,14166063721338255541,centered_standardized_gaussian_coordinates,unperturbed_median_edge_length,272,512,2.21921096754304,0.1640889613657973,0.08612056880255976,0.005,0.008660254037844387,0.007570543827223467,0.02084591007319253,0.37342586211980744,0.9743037373299288,10.497017013845365,-0.08503643333755181,2.5600000000000005,3.3758949430731207,7.0,0.6021174533200249,1.1925666666666659,0.29839645789117,0.5534646342381521,4.554071376762447,0.007611064030800078,2.5600000000000005,3.3758949430731207,7.0,0.6021174533200249,1.1925666666666659,4.431958678937761,4.58504912320106,4.827072994726358,0.0,0.0,70,70,56,58.0
pseudosphere_patch,mean_curvature,1,0.005,1,11232579455398823251,centered_standardized_gaussian_coordinates,unperturbed_median_edge_length,272,512,2.21921096754304,0.1640889613657973,0.08611553565666177,0.005,0.008660254037844387,0.007497312111177065,0.020983915790479944,0.37854150754166993,0.9392397228735184,8.49985740552056,-0.09942732053476187,1.9866666666666668,2.8682166352398606,8.0,0.40207758234229174,0.9110666666666666,0.29830704415483567,0.49246525622599446,3.3772486428867063,-0.005813685964219081,1.9866666666666668,2.8682166352398606,8.0,0.40207758234229174,0.9110666666666666,4.583737451421766,4.614508042306124,4.933321887298159,0.0,0.0,62,62,54,58.0
pseudosphere_patch,mean_curvature,1,0.005,2,11249404529964553259,centered_standardized_gaussian_coordinates,unperturbed_median_edge_length,272,512,2.21921096754304,0.1640889613657973,0.08611383981745246,0.004999999999999999,0.008660254037844385,0.007318021385739067,0.020110633457860485,0.3514817317871183,0.9707282466279982,11.302795639886707,-0.09223070535350981,2.211666666666667,2.9066016812307347,7.0,0.4949347933316127,1.0007333333333344,0.2769820775927867,0.5384195878350146,5.7276663627980025,0.0015029432001930883,2.211666666666667,2.9066016812307347,7.0,0.4949347933316127,1.0007333333333344,4.46708128314137,4.584900474840698,4.964295490041924,0.0,0.0,50,50,42,45.0
pseudosphere_patch,mean_curvature,1,0.005,3,7926176853633807368,centered_standardized_gaussian_coordinates,unperturbed_median_edge_length,272,512,2.21921096754304,0.1640889613657973,0.08613167420187355,0.005000000000000001,0.008660254037844388,0.007680141274796491,0.019756254854448773,0.34136754128900704,0.9173267326983491,10.538648560100816,-0.10581060389261186,2.245,3.0119207603565314,7.0,0.4755265069875032,1.0564666666666656,0.26541620414928224,0.4382640724156859,3.7905905261342228,-0.011244198704123305,2.245,3.0119207603565314,7.0,0.4755265069875032,1.0564666666666656,4.3946497083065,4.642019876782663,4.948600318925827,0.0,0.0,48,48,38,41.0
pseudosphere_patch,mean_curvature,2,0.0,0,5528164197935987734,centered_standardized_gaussian_coordinates,unperturbed_median_edge_length,1056,2048,2.21921096754304,0.08156901129578,0.043142511279673494,0.0,0.0,0.0,0.0,0.05025558710312059,0.5518337070595182,7.09553256844087,-0.0442164196876038,0.0,0.0,0.0,0.0,0.0,0.0,0.0,0.0,0.0,0.0,0.0,0.0,0.0,0.0,4.0056880710551654,4.005688071055256,5.603588492736073,0.0,0.0,66,66,0,0.0
pseudosphere_patch,mean_curvature,2,0.0001,0,8741085138119428556,centered_standardized_gaussian_coordinates,unperturbed_median_edge_length,1056,2048,2.21921096754304,0.08156901129578,0.04314252988789461,0.00010000000000000003,0.00017320508075688776,0.00015560736867828348,0.0004909700108575214,0.056811307446832195,0.5522063697058722,7.342403377659471,-0.04433532896007277,0.2866666666666666,1.4212670403551895,13.0,0.07712711489386755,0.14333333333333348,0.011628119311681118,0.02140082407620154,0.3009160048869388,-0.00011650257095880738,0.2866666666666666,1.4212670403551895,13.0,0.07712711489386755,0.14333333333333348,3.991671315917975,4.004564126139174,5.604571380290249,0.0,0.0,70,70,21,62.0
pseudosphere_patch,mean_curvature,2,0.0001,1,17404097559487765977,centered_standardized_gaussian_coordinates,unperturbed_median_edge_length,1056,2048,2.21921096754304,0.08156901129578,0.043142496964245665,9.999999999999999e-05,0.0001732050807568877,0.00015155230247214862,0.00040004148024342496,0.05768205581936918,0.5523350996918921,7.233903688564981,-0.04404033501604775,0.28666666666666674,1.442220510185596,11.0,0.07711222114688292,0.14333333333333345,0.012381226043180862,0.02167130285877058,0.20437563966862005,0.000172556116113185,0.28666666666666674,1.442220510185596,11.0,0.07711222114688292,0.14333333333333345,3.9981488941522954,4.0031196213114955,5.604557408921888,0.0,0.0,68,68,18,58.0
pseudosphere_patch,mean_curvature,2,0.0001,2,16632300234683156489,centered_standardized_gaussian_coordinates,unperturbed_median_edge_length,1056,2048,2.21921096754304,0.08156901129578,0.043142462320170806,0.00010000000000000003,0.00017320508075688778,0.00015502281650070528,0.000378651045137589,0.057083055989853915,0.5522283956256673,7.224268181230459,-0.04420212437489001,0.24666666666666676,1.2806248474865702,10.0,0.06964949815032824,0.12346666666666675,0.01183463337158858,0.02082988164826852,0.24176565565926467,1.2705803351110957e-05,0.24666666666666676,1.2806248474865702,10.0,0.06964949815032824,0.12346666666666675,3.9983526277142816,4.0039461886925585,5.604465809729079,0.0,0.0,66,66,18,54.0
pseudosphere_patch,mean_curvature,2,0.0001,3,4694790684970454537,centered_standardized_gaussian_coordinates,unperturbed_median_edge_length,1056,2048,2.21921096754304,0.08156901129578,0.043142539886081466,0.0001,0.00017320508075688773,0.00015203994699100073,0.0004190656056469331,0.05710069883329029,0.5522191833589394,7.2306251376217485,-0.04445191088609881,0.2533333333333334,1.2832251036613445,10.0,0.06851530843331255,0.12666666666666682,0.012487223881309295,0.02232512992950056,0.21917364796166497,-0.00023348635433082432,0.2533333333333334,1.2832251036613445,10.0,0.06851530843331255,0.12666666666666682,3.999050610008501,4.004196235760357,5.604342587194001,0.0,0.0,66,66,19,56.0
pseudosphere_patch,mean_curvature,2,0.001325,0,5971602328179177613,centered_standardized_gaussian_coordinates,unperturbed_median_edge_length,1056,2048,2.21921096754304,0.08156901129578,0.04314230789357735,0.001325,0.0022949673200287624,0.002070846723589803,0.005095590090215615,0.19045057148656963,0.6098380961387101,9.37039442133422,-0.0444480006573344,3.511666666666667,5.117128100800292,14.0,0.7694316549812874,1.5472666666666666,0.15269371431889467,0.26015512786592776,2.2748618528933506,-0.0001808909583895721,3.511666666666667,5.117128100800292,14.0,0.7694316549812874,1.5472666666666666,3.9025278394190015,3.984476327267317,5.618487228229555,0.0,0.0,154,154,98,119.0
pseudosphere_patch,mean_curvature,2,0.001325,1,6407002834002440902,centered_standardized_gaussian_coordinates,unperturbed_median_edge_length,1056,2048,2.21921096754304,0.08156901129578,0.04314270338787493,0.001325,0.002294967320028762,0.002032509413427452,0.005593575951617927,0.20847576820327748,0.6302305399730588,9.68038089598833,-0.04484655638592536,4.331666666666667,5.842801839300503,13.0,1.0178261412979452,1.9652222222222218,0.1719929225359283,0.3053543187388718,3.854118747242792,-0.0006672664256806523,4.331666666666667,5.842801839300503,13.0,1.0178261412979452,1.9652222222222218,3.9209812925567142,3.975397448755856,5.632462152554082,0.0,0.0,184,184,110,137.0
pseudosphere_patch,mean_curvature,2,0.001325,2,4005200751526339904,centered_standardized_gaussian_coordinates,unperturbed_median_edge_length,1056,2048,2.21921096754304,0.08156901129578,0.043142484082268194,0.001325,0.002294967320028763,0.0020614845168560837,0.006147982922338108,0.1907572009595746,0.6089207753820134,8.473435963810706,-0.04373755691102206,2.8916666666666666,4.40208284035334,11.0,0.7108163347945082,1.349422222222221,0.15130409222393817,0.2559669033649271,2.381365025489512,0.0005389079417117801,2.8916666666666666,4.40208284035334,11.0,0.7108163347945082,1.349422222222221,3.9299481115214667,3.986406578313665,5.612112718489391,0.0,0.0,164,164,104,131.0
pseudosphere_patch,mean_curvature,2,0.001325,3,18268197354770892891,centered_standardized_gaussian_coordinates,unperturbed_median_edge_length,1056,2048,2.21921096754304,0.08156901129578,0.04314284214569692,0.0013249999999999996,0.002294967320028762,0.002069511074037483,0.005947701265172809,0.19347361421125508,0.618389597176875,9.199535086388401,-0.04499748753848247,3.5233333333333334,4.892511284265645,13.0,0.7853516930324733,1.6046444444444459,0.15615350710670584,0.2809493461130344,3.022636168563615,-0.0009081020986562108,3.5233333333333334,4.892511284265645,13.0,0.7853516930324733,1.6046444444444459,3.931594625085215,3.9797708439596944,5.6255625680585775,0.0,0.0,152,152,90,116.0
pseudosphere_patch,mean_curvature,2,0.00255,0,11526034759683120585,centered_standardized_gaussian_coordinates,unperturbed_median_edge_length,1056,2048,2.21921096754304,0.08156901129578,0.04314330950840098,0.0025500000000000015,0.004416729559300639,0.003956658197831335,0.009798091053151818,0.3366472198914477,0.7759064710671597,12.73584399592206,-0.044141947059051376,5.82,6.909655080634151,16.0,1.275743371295062,2.5379333333333327,0.30377222023215994,0.5431911163676906,6.830502875355491,0.0003780522699458203,5.82,6.909655080634151,16.0,1.275743371295062,2.5379333333333327,3.8294425943282016,3.9883980273199318,5.631572136316503,0.0,0.0,379,388,152,206.0
pseudosphere_patch,mean_curvature,2,0.00255,1,1548993594950527019,centered_standardized_gaussian_coordinates,unperturbed_median_edge_length,1056,2048,2.21921096754304,0.08156901129578,0.04314363060580421,0.0025499999999999997,0.004416729559300637,0.003927463259734581,0.011011681060254118,0.3220649863465555,0.7243238725367902,10.762092453156566,-0.04780776625526306,6.013333333333334,7.292918940086107,18.0,1.2727053168503293,2.606800000000001,0.2867993444338047,0.4701336354129797,3.824583940180718,-0.003731180550512577,6.013333333333334,7.292918940086107,18.0,1.2727053168503293,2.606800000000001,3.899675075211456,3.9868406104935237,5.60218473577382,0.0,0.0,412,416,151,214.0
pseudosphere_patch,mean_curvature,2,0.00255,2,5508900383404243347,centered_standardized_gaussian_coordinates,unperturbed_median_edge_length,1056,2048,2.21921096754304,0.08156901129578,0.04314277590936121,0.002550000000000001,0.004416729559300638,0.003907265218164787,0.011888817994714017,0.3184467275816958,0.7501449926785094,11.161565356963502,-0.038785094209368425,7.050000000000001,8.267405880927825,18.0,1.5961265347709759,3.0754333333333337,0.2852504214659707,0.500587401238697,4.577915410321161,0.006026463432763493,7.050000000000001,8.267405880927825,18.0,1.5961265347709759,3.0754333333333337,3.8226342683457037,4.00344821330714,5.606371082829998,0.0,0.0,390,402,138,204.0
pseudosphere_patch,mean_curvature,2,0.00255,3,2697889061101531746,centered_standardized_gaussian_coordinates,unperturbed_median_edge_length,1056,2048,2.21921096754304,0.08156901129578,0.043142313927779834,0.0025500000000000006,0.004416729559300638,0.003894317683786729,0.010838814219139887,0.3257186000875778,0.7481014708341747,10.480227659545884,-0.04598092353365582,5.748333333333333,6.891177935109014,14.0,1.3516307410929547,2.603644444444444,0.2909301226756138,0.5032422643483462,5.582629337107948,-0.0012449941978681192,5.748333333333333,6.891177935109014,14.0,1.3516307410929547,2.603644444444444,3.837559764524334,4.002751469426806,5.618239364279253,0.0,0.0,398,406,172,251.0
pseudosphere_patch,mean_curvature,2,0.003775,0,14774103732465829116,centered_standardized_gaussian_coordinates,unperturbed_median_edge_length,1056,2048,2.21921096754304,0.08156901129578,0.043143997988665556,0.003775,0.006538491798572513,0.005800359781627058,0.017728397387073495,0.461216099414626,0.9190531115170542,11.75036960156604,-0.06102188922802121,7.211666666666668,8.816745431280184,22.0,1.5938396370015913,3.146844444444444,0.4284568052864281,0.7327372714263732,7.532079774012808,-0.015766115140232535,7.211666666666668,8.816745431280184,22.0,1.5938396370015913,3.146844444444444,3.8774948182810642,3.993003622438758,5.613383690323022,0.0,0.0,545,562,156,255.0
pseudosphere_patch,mean_curvature,2,0.003775,1,4867164324000588626,centered_standardized_gaussian_coordinates,unperturbed_median_edge_length,1056,2048,2.21921096754304,0.08156901129578,0.04314305423182326,0.003775,0.006538491798572512,0.0058713539089545845,0.014064903475628027,0.44522307968119806,0.9141870488396546,12.556649799765431,-0.03994556102501244,7.373333333333333,8.937001734362594,21.0,1.648071248066572,3.033233333333337,0.41708184390848624,0.7289536409381742,7.146519489193688,0.004067261802070908,7.373333333333333,8.937001734362594,21.0,1.648071248066572,3.033233333333337,3.6850364424966897,3.908179817720229,5.634828205873093,0.0,0.0,490,506,147,226.0
pseudosphere_patch,mean_curvature,2,0.003775,2,5775864748736714415,centered_standardized_gaussian_coordinates,unperturbed_median_edge_length,1056,2048,2.21921096754304,0.08156901129578,0.043143501498650406,0.003775000000000001,0.006538491798572514,0.00578056745254882,0.014901895377446666,0.4614254954341234,1.0026296971990618,15.351326288983646,-0.04999603683520803,7.511666666666667,9.178144329510912,20.0,1.7813410133271272,3.3848888888888893,0.43613349820648606,0.8364778442512405,9.870951435877442,-0.004968519031349239,7.511666666666667,9.178144329510912,20.0,1.7813410133271272,3.3848888888888893,3.7654405988567587,3.940540170688741,5.650307499099753,0.0,0.0,504,516,158,255.0
pseudosphere_patch,mean_curvature,2,0.003775,3,8513462383197442171,centered_standardized_gaussian_coordinates,unperturbed_median_edge_length,1056,2048,2.21921096754304,0.08156901129578,0.0431443779245077,0.003775000000000001,0.006538491798572514,0.005745673462189557,0.015546039705410597,0.4652530591965025,0.9483921863209112,11.90638121834305,-0.04174594639254523,8.411666666666667,10.335779280409065,28.0,1.8814402904866967,3.630599999999999,0.43394823712739994,0.758592998667737,8.23552011331968,0.004787503730848211,8.411666666666667,10.335779280409065,28.0,1.8814402904866967,3.630599999999999,3.7314112771183434,3.9850218729092974,5.664549632647466,0.0,0.0,542,562,166,291.0
pseudosphere_patch,mean_curvature,2,0.005,0,12422271227752113342,centered_standardized_gaussian_coordinates,unperturbed_median_edge_length,1056,2048,2.21921096754304,0.08156901129578,0.04314281842699483,0.005000000000000002,0.00866025403784439,0.007583869729306742,0.02092099398705644,0.5848839179200208,1.1394976767876859,14.17357521591643,-0.060628039903880944,8.058333333333334,9.785448380120352,21.0,1.854990581992219,3.4378222222222203,0.5594389301298955,0.9870230940187704,9.145197669570184,-0.014428236062802946,8.058333333333334,9.785448380120352,21.0,1.854990581992219,3.4378222222222203,3.739031569646549,3.9654500084428,5.581103800067138,0.0,0.0,584,604,176,289.0
pseudosphere_patch,mean_curvature,2,0.005,1,14134353814693899125,centered_standardized_gaussian_coordinates,unperturbed_median_edge_length,1056,2048,2.21921096754304,0.08156901129578,0.04314528748520286,0.005,0.008660254037844387,0.007736277383728644,0.018767337922295835,0.6201270094291389,1.1726380390966284,15.244471506217321,-0.03233406467189464,9.901666666666666,11.26388032606881,25.0,2.359991991516192,4.087822222222218,0.5978402436826571,1.027212038879929,12.67380272282707,0.013212882421800251,9.901666666666666,11.26388032606881,25.0,2.359991991516192,4.087822222222218,3.58091576916012,3.904280082033074,5.724608605262294,0.0,0.0,564,592,169,269.0
pseudosphere_patch,mean_curvature,2,0.005,2,4535041995075315199,centered_standardized_gaussian_coordinates,unperturbed_median_edge_length,1056,2048,2.21921096754304,0.08156901129578,0.04314546438831079,0.005,0.008660254037844387,0.00769886355064488,0.020149057059874728,0.614208910213986,1.1898783016196257,18.347526181707067,-0.03267359074172448,10.303333333333335,12.392336341465237,32.0,2.5041506676138936,4.602133333333333,0.5906721964551008,1.042479553885887,11.25199361326678,0.012805046494869781,10.303333333333335,12.392336341465237,32.0,2.5041506676138936,4.602133333333333,3.6293591923365898,3.9206471754501724,5.683799951117161,0.0,0.0,600,624,169,290.0
pseudosphere_patch,mean_curvature,2,0.005,3,11336023113869915515,centered_standardized_gaussian_coordinates,unperturbed_median_edge_length,1056,2048,2.21921096754304,0.08156901129578,0.04314456063865555,0.005,0.008660254037844387,0.00777851881548494,0.021923597553443225,0.6053232081374256,1.1899117192456725,14.763459861685702,-0.0555031560382529,9.773333333333333,11.504781614615725,26.0,2.332579377395729,4.227333333333332,0.5817324842736067,1.0499543396209428,11.078933770501326,-0.010306083177699432,9.773333333333333,11.504781614615725,26.0,2.332579377395729,4.227333333333332,3.720691070253889,3.965104439501707,5.689569308432388,0.0,0.0,575,590,152,250.0
