surface,curvature,subdivision_level,perturbation_scale,realizations,vertex_count,face_count,reference_median_edge_length,curvature_reference_error_l2_q25,curvature_reference_error_l2_median,curvature_reference_error_l2_q75,ecc_reference_error_l2_q25,ecc_reference_error_l2_median,ecc_reference_error_l2_q75,secc_reference_error_l2_q25,secc_reference_error_l2_median,secc_reference_error_l2_q75,curvature_baseline_l2_q25,curvature_baseline_l2_median,curvature_baseline_l2_q75,ecc_baseline_l2_q25,ecc_baseline_l2_median,ecc_baseline_l2_q75,secc_baseline_l2_q25,secc_baseline_l2_median,secc_baseline_l2_q75,realized_coordinate_std_q25,realized_coordinate_std_median,realized_coordinate_std_q75,vertex_displacement_rms_q25,vertex_displacement_rms_median,vertex_displacement_rms_q75,median_vertex_displacement_q25,median_vertex_displacement_median,median_vertex_displacement_q75,maximum_vertex_displacement_q25,maximum_vertex_displacement_median,maximum_vertex_displacement_q75,minimum_angle_degrees_q25,minimum_angle_degrees_median,minimum_angle_degrees_q75,angle_q01_degrees_q25,angle_q01_degrees_median,angle_q01_degrees_q75,angle_q05_degrees_q25,angle_q05_degrees_median,angle_q05_degrees_q75,normal_reversal_fraction_q25,normal_reversal_fraction_median,normal_reversal_fraction_q75,degenerate_face_fraction_q25,degenerate_face_fraction_median,degenerate_face_fraction_q75,ecc_exact_jump_count_q25,ecc_exact_jump_count_median,ecc_exact_jump_count_q75,ecc_exact_total_variation_q25,ecc_exact_total_variation_median,ecc_exact_total_variation_q75,ecc_sampled_jump_count_q25,ecc_sampled_jump_count_median,ecc_sampled_jump_count_q75,ecc_sampled_total_variation_q25,ecc_sampled_total_variation_median,ecc_sampled_total_variation_q75
doubly_elliptic_torus,gaussian_curvature,0,0.0,1,64,128,1.796189158632215,6.894583464208,6.894583464208,6.894583464208,1.2596295751794124,1.2596295751794124,1.2596295751794124,0.16496012562212556,0.16496012562212556,0.16496012562212556,0.0,0.0,0.0,0.0,0.0,0.0,0.0,0.0,0.0,0.0,0.0,0.0,0.0,0.0,0.0,0.0,0.0,0.0,0.0,0.0,0.0,8.905337059337631,8.905337059337631,8.905337059337631,8.905337059337642,8.905337059337642,8.905337059337642,8.905337059337715,8.905337059337715,8.905337059337715,0.0,0.0,0.0,0.0,0.0,0.0,13.0,13.0,13.0,16.0,16.0,16.0,6.0,6.0,6.0,16.0,16.0,16.0
doubly_elliptic_torus,gaussian_curvature,0,0.0001,4,64,128,1.796189158632215,6.89312800109904,6.894025696401012,6.8948919006884495,1.2596295751794124,1.2596295751794124,1.2596295751794124,0.16496012562212556,0.16496012562212556,0.16496012562212556,0.02064252165224973,0.021433631005977352,0.022069121379360134,0.0,0.0,0.0,0.0,0.0,0.0,0.0001,0.0001,0.0001,0.00017320508075688773,0.00017320508075688773,0.00017320508075688773,0.0001449431243243338,0.00014739702455267214,0.00015142176340189273,0.00032151555486119017,0.0003400221753148909,0.0003502398578890273,8.898663943774965,8.899057700363542,8.899495225068641,8.900305651333966,8.900739380922227,8.901648744630075,8.908680341806187,8.910568360609663,8.912392925752282,0.0,0.0,0.0,0.0,0.0,0.0,16.0,16.0,16.0,16.0,16.0,16.0,6.0,6.0,6.0,16.0,16.0,16.0
doubly_elliptic_torus,gaussian_curvature,0,0.001325,4,64,128,1.796189158632215,6.89446444796269,6.908769661593711,6.916609346937083,1.2479971897094781,1.256296180540669,1.2639223370680814,0.16495771486524108,0.1669815414619994,0.16901298456149433,0.31969147394281394,0.3466455603113536,0.3687563144066505,0.17248157962293226,0.19574271077563393,0.20204164998665336,0.003436431786022264,0.004635247291720811,0.0052927625294934685,0.0013250000000000002,0.0013250000000000002,0.0013250000000000002,0.002294967320028763,0.002294967320028763,0.002294967320028763,0.0020586312792645668,0.0020872033530938833,0.0021174666448835104,0.004168017479232291,0.00452384923924056,0.004890191818228908,8.791537537236708,8.801120660585951,8.824167315549364,8.839041347765239,8.856687410999813,8.885751886939758,8.971320209319138,8.982432847288957,9.003464430263055,0.0,0.0,0.0,0.0,0.0,0.0,16.0,16.0,16.0,16.0,16.0,16.0,8.75,9.0,9.25,16.0,16.0,16.0
doubly_elliptic_torus,gaussian_curvature,0,0.00255,4,64,128,1.796189158632215,6.835537396564107,6.859262618100917,6.9034348048870315,1.229152706425948,1.238260086629809,1.2469915720026967,0.15976792463121214,0.16268255141655882,0.1657988678674065,0.6489946370642242,0.6824758921849161,0.7234714470933323,0.22640706610138822,0.248123252015961,0.26864916731037014,0.004123699431696649,0.006595575005857142,0.00852943223164851,0.00255,0.00255,0.00255,0.004416729559300637,0.004416729559300637,0.004416729559300637,0.0038304692698330287,0.003972719955238075,0.004119687102372187,0.007637271605247403,0.008046436653768743,0.008548740924681785,8.701727392520255,8.710426285210255,8.733970920988137,8.782109103918126,8.808529931761534,8.828976107740308,8.957852116319195,9.005657236254125,9.054123275298664,0.0,0.0,0.0,0.0,0.0,0.0,16.0,16.0,16.0,16.0,16.0,16.0,9.75,10.0,10.5,16.0,16.0,16.0
doubly_elliptic_torus,gaussian_curvature,0,0.003775,4,64,128,1.796189158632215,6.807420444204661,6.819119351475385,6.833958606985739,1.2429138570688956,1.251664848757452,1.2546547002554784,0.15948145930902372,0.16249593194827278,0.16619452840101795,0.7533239282925424,0.7916333342147748,0.8736599415956657,0.2543330477673391,0.2822875655532296,0.30137626158259745,0.00547807536957925,0.00766902450554582,0.010490731575201216,0.003775,0.003775,0.0037750000000000006,0.006538491798572512,0.006538491798572512,0.006538491798572512,0.005759857232636284,0.0058502024735403,0.005985913004315339,0.012024859354468722,0.012368768674179121,0.01282236576061919,8.57685583086534,8.604749905943164,8.626819978940025,8.67568613127207,8.688812533238696,8.700430736790105,9.169798121043453,9.22121010641083,9.272532722507316,0.0,0.0,0.0,0.0,0.0,0.0,16.0,16.0,16.0,16.0,16.0,16.0,12.0,12.5,13.25,16.0,16.0,16.0
doubly_elliptic_torus,gaussian_curvature,0,0.005,4,64,128,1.796189158632215,6.6441624519193265,6.770938621715116,6.955566988098063,1.1877836524049652,1.1937236365497408,1.202066621142814,0.14851897512328327,0.15200439434197263,0.15656257952342958,1.2209165242443634,1.2595775186788087,1.2753586500598653,0.31881942780056355,0.3455697877900391,0.3730061234358688,0.01150239161159422,0.0168922958039061,0.020413590519541308,0.005,0.005,0.005,0.008660254037844387,0.008660254037844387,0.008660254037844388,0.007338281008426411,0.007429585429334487,0.007608412053653863,0.016395241614171295,0.01721606696609488,0.018206415623615094,8.354252268940568,8.425341752872264,8.493928322050305,8.557807217355547,8.606626025510563,8.640877559261535,8.935442885071375,9.013597729213654,9.080950143762555,0.0,0.0,0.0,0.0,0.0,0.0,16.0,16.0,16.0,16.0,16.0,16.0,12.75,13.0,13.0,16.0,16.0,16.0
doubly_elliptic_torus,gaussian_curvature,1,0.0,1,256,512,0.9334801028002744,1.654292906525074,1.654292906525074,1.654292906525074,0.6831300510639734,0.6831300510639734,0.6831300510639734,0.06859535131641345,0.06859535131641345,0.06859535131641345,0.0,0.0,0.0,0.0,0.0,0.0,0.0,0.0,0.0,0.0,0.0,0.0,0.0,0.0,0.0,0.0,0.0,0.0,0.0,0.0,0.0,8.216103648926683,8.216103648926683,8.216103648926683,8.216103648926694,8.216103648926694,8.216103648926694,9.438492567533961,9.438492567533961,9.438492567533961,0.0,0.0,0.0,0.0,0.0,0.0,13.0,13.0,13.0,16.0,16.0,16.0,6.0,6.0,6.0,16.0,16.0,16.0
doubly_elliptic_torus,gaussian_curvature,1,0.0001,4,256,512,0.9334801028002744,1.6532475439463445,1.6546716963601802,1.6555171111921214,0.6831300510639734,0.684347755552039,0.6861721570346642,0.06859535131641345,0.06936052230562795,0.070248045404082,0.04625893922319746,0.046779543015075364,0.047787849409118406,0.0,0.02886751345948129,0.06371368471241504,0.0,0.0008064586253513134,0.0017769262118231387,9.999999999999999e-05,9.999999999999999e-05,0.0001,0.00017320508075688773,0.00017320508075688773,0.00017320508075688773,0.00014934844895812867,0.00015117594307935582,0.00015189921737501907,0.00037983147901128513,0.0003917957808229199,0.0004001862550096992,8.207191272486234,8.208674196884747,8.20973482029648,8.21598777863985,8.217243435821217,8.21861377948134,9.433448810148708,9.433598775448798,9.434416147636474,0.0,0.0,0.0,0.0,0.0,0.0,16.0,16.0,16.0,16.0,16.0,16.0,6.0,6.5,7.25,16.0,16.0,16.0
doubly_elliptic_torus,gaussian_curvature,1,0.001325,4,256,512,0.9334801028002744,1.7860971548302924,1.7972804164784422,1.8073808015102064,0.6474298584725652,0.6656020604523796,0.6837389033080061,0.06760667473540123,0.06991376983337468,0.07294223250159046,0.6108092842405725,0.645980040724511,0.6704039530649815,0.20531978764941836,0.2234823988113896,0.2393488635335028,0.0034464163139707026,0.004386476206190184,0.006603293912602448,0.001325,0.001325,0.001325,0.002294967320028763,0.002294967320028763,0.002294967320028763,0.0019612517219274386,0.001963311568380024,0.0019781156759774367,0.00476706539106333,0.0055070183715033375,0.006238866561444623,8.128800930894416,8.15614329451512,8.17783772844495,8.2621739839321,8.264427329290427,8.270747587028433,9.379455562589275,9.394420328022505,9.411395866991038,0.0,0.0,0.0,0.0,0.0,0.0,17.5,18.0,18.0,17.5,18.0,18.0,11.0,11.5,12.0,16.0,17.0,18.0
doubly_elliptic_torus,gaussian_curvature,1,0.00255,4,256,512,0.9334801028002744,2.0298844313594233,2.0660891053418187,2.102421996582087,0.6184647405993924,0.6271122417377394,0.6594578135467404,0.052473650886653365,0.059180910626000074,0.06499628516432031,1.204538305106817,1.2548288328440156,1.2926844390998276,0.3403363103020077,0.35562478787281737,0.38623588624875255,0.016835479869918034,0.01903259597772866,0.022444159352932227,0.00255,0.00255,0.00255,0.004416729559300637,0.004416729559300637,0.004416729559300637,0.0039284528476744365,0.003943029990354643,0.003952871694330863,0.00932671461979134,0.009365440035865778,0.009594581787686289,7.965094625963124,8.010011782757951,8.086063016113638,8.276497989066831,8.303262216550612,8.305445093845863,9.305443532972838,9.353101220669807,9.3955522741052,0.0,0.0,0.0,0.0,0.0,0.0,17.5,19.0,21.5,17.5,19.0,21.5,13.5,14.5,15.75,16.0,17.0,19.0
doubly_elliptic_torus,gaussian_curvature,1,0.003775,4,256,512,0.9334801028002744,2.4145148529656217,2.44419711756695,2.4552556910555916,0.6224412563131252,0.6477470896331703,0.698627096099536,0.043914853939217464,0.051497127602264894,0.05490133694800063,1.682312000316141,1.7395078351133577,1.8006212727443849,0.3542223112274445,0.4370828693386972,0.5032900359861723,0.02346427205647882,0.02935625083903216,0.03749031663087965,0.0037749999999999997,0.0037749999999999997,0.003775,0.0065384917985725115,0.006538491798572512,0.006538491798572512,0.00563374759956106,0.005733957563672723,0.005893848385786837,0.013348489435987189,0.014125825011603109,0.015119467570646127,7.893104878141433,7.947725595525414,8.0285346071686,8.282599124632132,8.317530531615763,8.359373024327239,9.344195181600604,9.366382712641723,9.380531121777612,0.0,0.0,0.0,0.0,0.0,0.0,23.5,24.0,24.5,23.5,24.0,24.5,17.75,19.0,20.25,20.0,21.0,22.5
doubly_elliptic_torus,gaussian_curvature,1,0.005,4,256,512,0.9334801028002744,2.6888186280646202,2.827525982178308,3.0123667337670703,0.7614227311233056,0.7702813338860898,0.7761423487444118,0.04282040524813829,0.04487297144640411,0.05179971965916063,2.0864438979234534,2.224283859167569,2.425854134680992,0.5090821647992146,0.5226572824164564,0.5473332574763581,0.029082949854880982,0.044693618351346276,0.05705748455382072,0.005,0.005,0.005,0.008660254037844387,0.008660254037844387,0.008660254037844387,0.007616206948324293,0.0077183456614643466,0.007730993280444985,0.019589532341593295,0.020504868871219335,0.020967834327853263,7.834651291892358,7.874777655309446,7.910510873960991,8.30697769306979,8.36372584159928,8.416181359387867,9.309460945534223,9.373648949114,9.417519969841656,0.0,0.0,0.0,0.0,0.0,0.0,28.0,28.0,28.5,28.0,28.0,28.5,22.0,23.0,23.75,25.0,26.0,26.5
doubly_elliptic_torus,gaussian_curvature,2,0.0,1,1024,2048,0.4675209719774793,0.4543092351691049,0.4543092351691049,0.4543092351691049,0.4472135954999579,0.4472135954999579,0.4472135954999579,0.017549283924283555,0.017549283924283555,0.017549283924283555,0.0,0.0,0.0,0.0,0.0,0.0,0.0,0.0,0.0,0.0,0.0,0.0,0.0,0.0,0.0,0.0,0.0,0.0,0.0,0.0,0.0,8.207368177384408,8.207368177384408,8.207368177384408,8.511285837911071,8.511285837911071,8.511285837911071,9.319612215281076,9.319612215281076,9.319612215281076,0.0,0.0,0.0,0.0,0.0,0.0,16.0,16.0,16.0,16.0,16.0,16.0,6.0,6.0,6.0,16.0,16.0,16.0
doubly_elliptic_torus,gaussian_curvature,2,0.0001,4,1024,2048,0.4675209719774793,0.46315673735760116,0.4638182583165642,0.46427870425491374,0.43199675587320463,0.4415517449270126,0.44906171076651724,0.016995875515740264,0.017344331165681612,0.01823025936319648,0.09262064989911797,0.0937834171608168,0.0946318335350915,0.04330127018922171,0.057735026918962526,0.06371368471241516,0.0007237137376577834,0.001380556196735687,0.002131812051436051,0.0001,0.0001,0.0001,0.0001732050807568877,0.00017320508075688773,0.00017320508075688773,0.0001523773371400098,0.00015317258904164356,0.00015371924136197492,0.0003775526847997013,0.0004136803471442078,0.00045610772996704273,8.198867886114293,8.19902555086507,8.20019793267716,8.511949027357456,8.51290374459356,8.513553382302451,9.325439942178477,9.326525643377895,9.328445186834719,0.0,0.0,0.0,0.0,0.0,0.0,16.0,16.0,16.5,16.0,16.0,16.5,6.75,7.0,7.25,16.0,16.0,16.0
doubly_elliptic_torus,gaussian_curvature,2,0.001325,4,1024,2048,0.4675209719774793,1.301909622530543,1.3290140659244796,1.3568057353878156,0.53347658380222,0.5567683891597144,0.5960078448592168,0.019573703105947284,0.02488159563261961,0.041519107499456524,1.2309686665049986,1.2505405799365028,1.2745144015525547,0.48033304182108605,0.5171032707413572,0.586978372394425,0.029217660874761846,0.03386374849027862,0.051304498392229184,0.0013249999999999996,0.0013249999999999998,0.001325,0.002294967320028762,0.0022949673200287624,0.002294967320028763,0.002013713858004977,0.0020216138317154437,0.0020318643908168016,0.00526480345093586,0.005573221382956784,0.00596751405817573,8.136125242909298,8.143217547705003,8.157334925395407,8.467343379031997,8.480729520924823,8.495562195744393,9.351793140732589,9.360220382486744,9.364035777657595,0.0,0.0,0.0,0.0,0.0,0.0,46.0,47.0,51.0,46.0,47.0,51.0,24.75,27.5,29.5,33.0,37.0,41.5
doubly_elliptic_torus,gaussian_curvature,2,0.00255,4,1024,2048,0.4675209719774793,2.570077265849507,2.584445784982932,2.5992755199870112,1.2160835722122874,1.2929460697793242,1.366873611041051,0.1712827498917741,0.19101267921184045,0.21245282816897335,2.533857832870459,2.546473031015483,2.558086305159337,1.2122421566554602,1.2598032556809622,1.326462990066549,0.18387046848300764,0.2032476671142291,0.22459175659009625,0.00255,0.002550000000000001,0.002550000000000001,0.004416729559300638,0.00441672955930064,0.00441672955930064,0.003927689187751888,0.003950131980447891,0.003970211615210723,0.010269905612186356,0.010411165617859017,0.010681336338314081,7.989936625110197,8.016442619725915,8.023961825549467,8.44511827590522,8.467640574072771,8.480905158258928,9.35025818715295,9.375311120698328,9.394785392446428,0.0,0.0,0.0,0.0,0.0,0.0,107.25,108.0,111.0,107.5,108.0,111.0,57.75,59.0,59.5,74.0,75.0,77.5
doubly_elliptic_torus,gaussian_curvature,2,0.003775,4,1024,2048,0.4675209719774793,3.544512445271536,3.5895521889658144,3.6432156425156887,1.9375077678933141,2.040973653152493,2.1170481676406556,0.27937589319918643,0.32024650103355323,0.3645311060367802,3.514983263944795,3.562695903069501,3.6180111446340746,1.9568231735849593,2.0525898049198377,2.117800579396066,0.29156062373535757,0.3329741519077795,0.37779897392008327,0.0037750000000000006,0.003775000000000001,0.003775000000000001,0.006538491798572512,0.006538491798572513,0.006538491798572513,0.005764486404158657,0.005819655180860092,0.005893664675161168,0.015439649248064995,0.015923465326005665,0.016127792966855743,7.913918055021403,7.947632769492407,7.9663406941273145,8.401948265547137,8.431004628273396,8.456269019216153,9.319591626969848,9.349873221331112,9.391046403218795,0.0,0.0,0.0,0.0,0.0,0.0,171.0,172.5,178.25,173.0,175.0,181.5,76.0,79.5,84.0,110.25,118.0,124.0
doubly_elliptic_torus,gaussian_curvature,2,0.005,4,1024,2048,0.4675209719774793,4.865355326590857,4.917895598101173,5.036500578839229,2.9629029946288297,3.1094901839829467,3.130877323491651,0.5242293232652998,0.5646860593752302,0.5904626435773983,4.8477899952038825,4.897606337379763,5.014350538642679,2.9934289353757,3.133017318391955,3.1414537980904003,0.5362369635321,0.5765681110962184,0.6027421955766483,0.004999999999999999,0.004999999999999999,0.005,0.008660254037844385,0.008660254037844387,0.008660254037844387,0.00764212229048773,0.007688548255012146,0.007732690776005746,0.01942393715942531,0.02052057375322893,0.021545088450558646,7.816118062962852,7.872167128511771,7.930210958684441,8.417213286344056,8.431338036686656,8.448748072317503,9.346020838819664,9.37825897526472,9.403027240413962,0.0,0.0,0.0,0.0,0.0,0.0,226.5,233.5,241.25,229.0,236.0,243.5,96.75,102.5,106.0,144.0,151.5,152.75
doubly_elliptic_torus,mean_curvature,0,0.0,1,64,128,1.796189158632215,1.358303693090928,1.358303693090928,1.358303693090928,2.1633307652783933,2.1633307652783933,2.1633307652783933,0.4228398466142638,0.4228398466142638,0.4228398466142638,0.0,0.0,0.0,0.0,0.0,0.0,0.0,0.0,0.0,0.0,0.0,0.0,0.0,0.0,0.0,0.0,0.0,0.0,0.0,0.0,0.0,8.905337059337631,8.905337059337631,8.905337059337631,8.905337059337642,8.905337059337642,8.905337059337642,8.905337059337715,8.905337059337715,8.905337059337715,0.0,0.0,0.0,0.0,0.0,0.0,15.0,15.0,15.0,16.0,16.0,16.0,6.0,6.0,6.0,16.0,16.0,16.0
doubly_elliptic_torus,mean_curvature,0,0.0001,4,64,128,1.796189158632215,1.3585065351751202,1.3587051380362147,1.3589405783271056,2.162752643583153,2.1633307652783933,2.163523335229776,0.4226173066907852,0.4228398466142638,0.4233045870920676,0.0036875127568201218,0.004072712128999061,0.004473240403829909,0.0,0.02886751345948138,0.08660254037844406,0.0,0.000586898277794228,0.0018161335730606104,0.0001,0.0001,0.0001,0.00017320508075688773,0.00017320508075688773,0.00017320508075688773,0.0001449431243243338,0.00014739702455267214,0.00015142176340189273,0.00032151555486119017,0.0003400221753148909,0.0003502398578890273,8.898663943774965,8.899057700363542,8.899495225068641,8.900305651333966,8.900739380922227,8.901648744630075,8.908680341806187,8.910568360609663,8.912392925752282,0.0,0.0,0.0,0.0,0.0,0.0,16.0,16.0,16.0,16.0,16.0,16.0,6.0,6.5,7.0,16.0,16.0,16.0
doubly_elliptic_torus,mean_curvature,0,0.001325,4,64,128,1.796189158632215,1.3606255989872054,1.3639508364332964,1.370408638573135,2.1532500154262713,2.163329530634101,2.1656407827707715,0.4233148114927124,0.4239207419069659,0.42435487903010977,0.05992035690212297,0.06166049503821218,0.06560927287590257,0.16861406616345082,0.22803027632886363,0.2813469680887297,0.0026252922350749244,0.00346073565936592,0.004861708977083379,0.0013250000000000002,0.0013250000000000002,0.0013250000000000002,0.002294967320028763,0.002294967320028763,0.002294967320028763,0.0020586312792645668,0.0020872033530938833,0.0021174666448835104,0.004168017479232291,0.00452384923924056,0.004890191818228908,8.791537537236708,8.801120660585951,8.824167315549364,8.839041347765239,8.856687410999813,8.885751886939758,8.971320209319138,8.982432847288957,9.003464430263055,0.0,0.0,0.0,0.0,0.0,0.0,16.0,16.0,16.0,16.0,16.0,16.0,11.0,12.0,12.25,16.0,16.0,16.0
doubly_elliptic_torus,mean_curvature,0,0.00255,4,64,128,1.796189158632215,1.3405014286539443,1.3554733665750203,1.3725955549539524,2.0973951808288254,2.110673761310974,2.137304127244443,0.4180077176482557,0.4235392095600473,0.4290218790204506,0.1139069559687397,0.1184199309268629,0.12176449064011825,0.38382228499836796,0.39157800414902444,0.394719800219953,0.00841816657174622,0.009391216979130847,0.01102322230179775,0.00255,0.00255,0.00255,0.004416729559300637,0.004416729559300637,0.004416729559300637,0.0038304692698330287,0.003972719955238075,0.004119687102372187,0.007637271605247403,0.008046436653768743,0.008548740924681785,8.701727392520255,8.710426285210255,8.733970920988137,8.782109103918126,8.808529931761534,8.828976107740308,8.957852116319195,9.005657236254125,9.054123275298664,0.0,0.0,0.0,0.0,0.0,0.0,16.0,16.0,16.5,16.0,16.0,16.5,13.25,14.0,15.0,16.0,16.0,16.5
doubly_elliptic_torus,mean_curvature,0,0.003775,4,64,128,1.796189158632215,1.323217816186769,1.3365465903070903,1.3604773577733857,2.093384161116443,2.1023796041628637,2.1203071650928256,0.4133566759370909,0.41487682377268,0.42019237598975046,0.1667718929270587,0.17049828662911576,0.1830466854229204,0.37784604426478563,0.4059476722898203,0.4251622216419032,0.01116486884540245,0.011755385644421214,0.012440920500107526,0.003775,0.003775,0.0037750000000000006,0.006538491798572512,0.006538491798572512,0.006538491798572512,0.005759857232636284,0.0058502024735403,0.005985913004315339,0.012024859354468722,0.012368768674179121,0.01282236576061919,8.57685583086534,8.604749905943164,8.626819978940025,8.67568613127207,8.688812533238696,8.700430736790105,9.169798121043453,9.22121010641083,9.272532722507316,0.0,0.0,0.0,0.0,0.0,0.0,16.0,16.0,16.5,16.0,16.0,16.5,13.0,14.0,15.25,16.0,16.0,16.0
doubly_elliptic_torus,mean_curvature,0,0.005,4,64,128,1.796189158632215,1.3309564848876565,1.3604582360842645,1.3883787722935694,2.0808610330331674,2.092426683876524,2.119520803704913,0.42297442289118015,0.4280211898443782,0.43534997264562797,0.2265997840971999,0.23706264224005325,0.2472100833280916,0.41502263518913163,0.4242640687119284,0.43092929535451885,0.009235258074802018,0.01319813022511641,0.01860083796331976,0.005,0.005,0.005,0.008660254037844387,0.008660254037844387,0.008660254037844388,0.007338281008426411,0.007429585429334487,0.007608412053653863,0.016395241614171295,0.01721606696609488,0.018206415623615094,8.354252268940568,8.425341752872264,8.493928322050305,8.557807217355547,8.606626025510563,8.640877559261535,8.935442885071375,9.013597729213654,9.080950143762555,0.0,0.0,0.0,0.0,0.0,0.0,16.0,17.0,18.0,16.0,17.0,18.0,15.0,15.5,16.25,16.0,16.0,16.5
doubly_elliptic_torus,mean_curvature,1,0.0,1,256,512,0.9334801028002744,0.32514106969383455,0.32514106969383455,0.32514106969383455,1.3711309200802089,1.3711309200802089,1.3711309200802089,0.1675455338883309,0.1675455338883309,0.1675455338883309,0.0,0.0,0.0,0.0,0.0,0.0,0.0,0.0,0.0,0.0,0.0,0.0,0.0,0.0,0.0,0.0,0.0,0.0,0.0,0.0,0.0,8.216103648926683,8.216103648926683,8.216103648926683,8.216103648926694,8.216103648926694,8.216103648926694,9.438492567533961,9.438492567533961,9.438492567533961,0.0,0.0,0.0,0.0,0.0,0.0,20.0,20.0,20.0,20.0,20.0,20.0,7.0,7.0,7.0,20.0,20.0,20.0
doubly_elliptic_torus,mean_curvature,1,0.0001,4,256,512,0.9334801028002744,0.3246535170723561,0.3250722668943743,0.32551176348862254,1.3622813616653286,1.3680853010215468,1.3741564220809304,0.16990454364751206,0.1703217009990473,0.17097908489798036,0.00970660176265868,0.010098732718559756,0.010214713312551244,0.16193063937629135,0.2067571467554526,0.2344423243264669,0.003115224407126133,0.004093011622313523,0.005348541197151132,9.999999999999999e-05,9.999999999999999e-05,0.0001,0.00017320508075688773,0.00017320508075688773,0.00017320508075688773,0.00014934844895812867,0.00015117594307935582,0.00015189921737501907,0.00037983147901128513,0.0003917957808229199,0.0004001862550096992,8.207191272486234,8.208674196884747,8.20973482029648,8.21598777863985,8.217243435821217,8.21861377948134,9.433448810148708,9.433598775448798,9.434416147636474,0.0,0.0,0.0,0.0,0.0,0.0,20.0,20.0,20.5,20.0,20.0,20.5,9.0,9.5,10.5,20.0,20.0,20.0
doubly_elliptic_torus,mean_curvature,1,0.001325,4,256,512,0.9334801028002744,0.34689644683593157,0.3495447544115144,0.3518195351185198,1.2851595123328676,1.2929216182038752,1.303478816161412,0.17080598730166618,0.17133503041582648,0.17198115791172974,0.12673233406877385,0.13432456439027482,0.13981690615646522,0.43010305209837507,0.44876202400974435,0.47820544596780407,0.009750789115662326,0.011658498523964235,0.013912018954257229,0.001325,0.001325,0.001325,0.002294967320028763,0.002294967320028763,0.002294967320028763,0.0019612517219274386,0.001963311568380024,0.0019781156759774367,0.00476706539106333,0.0055070183715033375,0.006238866561444623,8.128800930894416,8.15614329451512,8.17783772844495,8.2621739839321,8.264427329290427,8.270747587028433,9.379455562589275,9.394420328022505,9.411395866991038,0.0,0.0,0.0,0.0,0.0,0.0,23.0,24.0,25.0,23.0,24.0,25.0,16.0,16.5,17.25,21.5,22.0,22.0
doubly_elliptic_torus,mean_curvature,1,0.00255,4,256,512,0.9334801028002744,0.4212786085325106,0.43239527633815467,0.4411731209630882,1.1983886394918684,1.236242908027672,1.2426448927821716,0.14439167787813476,0.15261075705706068,0.15843934093732992,0.252462391025688,0.26421998748549125,0.2830369477467935,0.5355422781856165,0.6045188216664967,0.6768542829185867,0.02468892807255659,0.02954231271380449,0.032632283415905405,0.00255,0.00255,0.00255,0.004416729559300637,0.004416729559300637,0.004416729559300637,0.0039284528476744365,0.003943029990354643,0.003952871694330863,0.00932671461979134,0.009365440035865778,0.009594581787686289,7.965094625963124,8.010011782757951,8.086063016113638,8.276497989066831,8.303262216550612,8.305445093845863,9.305443532972838,9.353101220669807,9.3955522741052,0.0,0.0,0.0,0.0,0.0,0.0,26.0,28.0,30.5,26.0,28.0,30.5,21.0,22.0,23.25,24.0,26.0,28.5
doubly_elliptic_torus,mean_curvature,1,0.003775,4,256,512,0.9334801028002744,0.48255007455265225,0.5124398147625655,0.5326698378405456,1.0159061715337814,1.0956357437241473,1.1780014646611465,0.10060537169445667,0.12254582048406734,0.14778688279908303,0.37918181029194525,0.39897195058353824,0.41082610342440185,0.727321646391765,0.7547217960382185,0.8064099895722574,0.04697440341599256,0.05741509606856699,0.0714393910630862,0.0037749999999999997,0.0037749999999999997,0.003775,0.0065384917985725115,0.006538491798572512,0.006538491798572512,0.00563374759956106,0.005733957563672723,0.005893848385786837,0.013348489435987189,0.014125825011603109,0.015119467570646127,7.893104878141433,7.947725595525414,8.0285346071686,8.282599124632132,8.317530531615763,8.359373024327239,9.344195181600604,9.366382712641723,9.380531121777612,0.0,0.0,0.0,0.0,0.0,0.0,25.5,28.0,30.5,25.5,28.0,30.5,22.25,24.0,25.25,25.0,27.0,28.0
doubly_elliptic_torus,mean_curvature,1,0.005,4,256,512,0.9334801028002744,0.5829112109757926,0.5967192499098841,0.6140102105154802,1.0665857465276616,1.1724899898717211,1.2146989245893525,0.07539382268646361,0.10068073074346084,0.12681628815198492,0.4847712735671458,0.5090540583384182,0.5407204221206093,0.7778374209979837,0.8335317073055509,0.8774873720927167,0.053731714809156415,0.07580166977993327,0.09739405629967797,0.005,0.005,0.005,0.008660254037844387,0.008660254037844387,0.008660254037844387,0.007616206948324293,0.0077183456614643466,0.007730993280444985,0.019589532341593295,0.020504868871219335,0.020967834327853263,7.834651291892358,7.874777655309446,7.910510873960991,8.30697769306979,8.36372584159928,8.416181359387867,9.309460945534223,9.373648949114,9.417519969841656,0.0,0.0,0.0,0.0,0.0,0.0,34.25,35.5,36.0,35.0,36.0,36.0,28.0,29.0,29.25,31.5,32.0,32.5
doubly_elliptic_torus,mean_curvature,2,0.0,1,1024,2048,0.4675209719774793,0.08955391283518213,0.08955391283518213,0.08955391283518213,0.7211102550927979,0.7211102550927979,0.7211102550927979,0.050888003388703446,0.050888003388703446,0.050888003388703446,0.0,0.0,0.0,0.0,0.0,0.0,0.0,0.0,0.0,0.0,0.0,0.0,0.0,0.0,0.0,0.0,0.0,0.0,0.0,0.0,0.0,8.207368177384408,8.207368177384408,8.207368177384408,8.511285837911071,8.511285837911071,8.511285837911071,9.319612215281076,9.319612215281076,9.319612215281076,0.0,0.0,0.0,0.0,0.0,0.0,20.0,20.0,20.0,20.0,20.0,20.0,7.0,7.0,7.0,20.0,20.0,20.0
doubly_elliptic_torus,mean_curvature,2,0.0001,4,1024,2048,0.4675209719774793,0.09184343061992212,0.09213782796573326,0.09241356514950108,0.673876645414387,0.6973529201596749,0.718209084956873,0.04907501130290823,0.05002681242340114,0.05124451556749125,0.021100554267467837,0.02158580327176773,0.021902938344185517,0.16525914962699312,0.19461488535190807,0.2179202168976912,0.002888480538195487,0.0036454046916002836,0.004563777521334368,0.0001,0.0001,0.0001,0.0001732050807568877,0.00017320508075688773,0.00017320508075688773,0.0001523773371400098,0.00015317258904164356,0.00015371924136197492,0.0003775526847997013,0.0004136803471442078,0.00045610772996704273,8.198867886114293,8.19902555086507,8.20019793267716,8.511949027357456,8.51290374459356,8.513553382302451,9.325439942178477,9.326525643377895,9.328445186834719,0.0,0.0,0.0,0.0,0.0,0.0,21.5,22.0,23.0,21.5,22.0,23.0,9.75,10.5,11.0,20.0,20.0,20.5
doubly_elliptic_torus,mean_curvature,2,0.001325,4,1024,2048,0.4675209719774793,0.28942146854621176,0.29480606705143597,0.30173454212665446,0.7874086349485933,0.8414570022145571,0.8723933717127239,0.0560613687044727,0.06125639922475741,0.06855470636515332,0.2762653548504055,0.2824594567549892,0.28968855537886773,0.8937397656105122,0.9424641812239644,0.9686849153426396,0.10419193308891125,0.10785183552473013,0.11455579586167688,0.0013249999999999996,0.0013249999999999998,0.001325,0.002294967320028762,0.0022949673200287624,0.002294967320028763,0.002013713858004977,0.0020216138317154437,0.0020318643908168016,0.00526480345093586,0.005573221382956784,0.00596751405817573,8.136125242909298,8.143217547705003,8.157334925395407,8.467343379031997,8.480729520924823,8.495562195744393,9.351793140732589,9.360220382486744,9.364035777657595,0.0,0.0,0.0,0.0,0.0,0.0,75.0,77.0,78.0,75.0,77.0,78.0,41.0,44.5,46.5,53.0,57.0,59.5
doubly_elliptic_torus,mean_curvature,2,0.00255,4,1024,2048,0.4675209719774793,0.5529444275645105,0.557915093797406,0.5672079849763366,1.9126206042085752,2.046747811313381,2.2294791031814567,0.24803551890561157,0.32683299413265565,0.3751187922044877,0.5465193252343055,0.5524985861250068,0.5619098090820227,1.9550369003223407,2.1340356167172425,2.3496470616493648,0.2917966534207781,0.37128805806717413,0.42046282286835424,0.00255,0.002550000000000001,0.002550000000000001,0.004416729559300638,0.00441672955930064,0.00441672955930064,0.003927689187751888,0.003950131980447891,0.003970211615210723,0.010269905612186356,0.010411165617859017,0.010681336338314081,7.989936625110197,8.016442619725915,8.023961825549467,8.44511827590522,8.467640574072771,8.480905158258928,9.35025818715295,9.375311120698328,9.394785392446428,0.0,0.0,0.0,0.0,0.0,0.0,185.0,187.0,191.5,188.5,190.0,194.0,91.0,96.5,104.0,125.75,132.5,140.25
doubly_elliptic_torus,mean_curvature,2,0.003775,4,1024,2048,0.4675209719774793,0.802424353144282,0.8169739185477667,0.8281145653861679,3.180652627313516,3.2154126481765246,3.4194879314652726,0.5143076415244398,0.5618510317168565,0.6515410772297728,0.7964706196453651,0.8113028133888555,0.8231100682275206,3.2801331028537892,3.321483721816538,3.529396607155756,0.553525357022188,0.6033398718080577,0.6963634541573064,0.0037750000000000006,0.003775000000000001,0.003775000000000001,0.006538491798572512,0.006538491798572513,0.006538491798572513,0.005764486404158657,0.005819655180860092,0.005893664675161168,0.015439649248064995,0.015923465326005665,0.016127792966855743,7.913918055021403,7.947632769492407,7.9663406941273145,8.401948265547137,8.431004628273396,8.456269019216153,9.319591626969848,9.349873221331112,9.391046403218795,0.0,0.0,0.0,0.0,0.0,0.0,262.25,271.5,280.75,267.0,278.0,289.5,119.75,122.0,124.75,168.75,177.0,184.5
doubly_elliptic_torus,mean_curvature,2,0.005,4,1024,2048,0.4675209719774793,1.081499783960926,1.0981571389072182,1.1092489674504036,4.735334215741093,5.08086003343511,5.34654354437636,0.9183471023307166,0.9818214879208003,1.0674250691740794,1.0779308077343093,1.092979160953969,1.103914918001269,4.8518263643933075,5.182832856634619,5.430372395312365,0.9613986094861078,1.0249891066268622,1.1103938214465738,0.004999999999999999,0.004999999999999999,0.005,0.008660254037844385,0.008660254037844387,0.008660254037844387,0.00764212229048773,0.007688548255012146,0.007732690776005746,0.01942393715942531,0.02052057375322893,0.021545088450558646,7.816118062962852,7.872167128511771,7.930210958684441,8.417213286344056,8.431338036686656,8.448748072317503,9.346020838819664,9.37825897526472,9.403027240413962,0.0,0.0,0.0,0.0,0.0,0.0,359.75,375.5,385.0,368.0,384.0,394.5,140.75,143.5,147.25,219.75,222.5,224.75
ellipsoid,gaussian_curvature,0,0.0,1,58,112,0.835987840009618,1.4582601571959197,1.4582601571959197,1.4582601571959197,0.5537749241945384,0.5537749241945384,0.5537749241945384,0.027394639167983667,0.027394639167983667,0.027394639167983667,0.0,0.0,0.0,0.0,0.0,0.0,0.0,0.0,0.0,0.0,0.0,0.0,0.0,0.0,0.0,0.0,0.0,0.0,0.0,0.0,0.0,15.375780036137657,15.375780036137657,15.375780036137657,15.375780036137657,15.375780036137657,15.375780036137657,15.375780036137682,15.375780036137682,15.375780036137682,0.0,0.0,0.0,0.0,0.0,0.0,5.0,5.0,5.0,6.0,6.0,6.0,3.0,3.0,3.0,6.0,6.0,6.0
ellipsoid,gaussian_curvature,0,0.0001,4,58,112,0.835987840009618,1.456318008558147,1.4586018027134928,1.4608829512265338,0.5537749241945384,0.5552756802387704,0.5567764362830023,0.027394639167983667,0.027467491655860925,0.027540344143738186,0.015452535527242548,0.01624799050169406,0.017127147269658284,0.0,0.02886751345948126,0.05773502691896252,0.0,0.0005541695674297294,0.0011083391348594587,0.0001,0.00010000000000000002,0.00010000000000000002,0.00017320508075688773,0.00017320508075688773,0.00017320508075688773,0.00014982596982998452,0.0001552586884418212,0.0001599378162356024,0.0002875493555519379,0.0003203275031802377,0.00035350687864567115,15.368227458374598,15.36947502236056,15.370719741038481,15.370738193271254,15.371778548029651,15.372983661152503,15.378642511618265,15.379838158486862,15.381263685938572,0.0,0.0,0.0,0.0,0.0,0.0,6.0,6.0,6.0,6.0,6.0,6.0,3.0,3.5,4.0,6.0,6.0,6.0
ellipsoid,gaussian_curvature,0,0.001325,4,58,112,0.835987840009618,1.4612028272204378,1.4700526931663185,1.4824480343653017,0.5392745820873924,0.5476887422518013,0.5567525493832134,0.026853985013724352,0.02818308279987749,0.028945887549064304,0.1856365044457542,0.19844377980294603,0.21716119042762758,0.1933012701892218,0.19999999999999984,0.1999999999999999,0.004469658884107451,0.005880717907755429,0.007156150727648293,0.001325,0.001325,0.001325,0.0022949673200287624,0.0022949673200287624,0.002294967320028763,0.0020225610923959593,0.0020458078919707136,0.0020653690557715645,0.0041222397278837045,0.004187544895606226,0.00423916699953891,15.256716392580914,15.273639472232045,15.293624603399753,15.31269026030752,15.320611505885351,15.326981827616526,15.431650492754219,15.444686178539582,15.446240747992439,0.0,0.0,0.0,0.0,0.0,0.0,6.0,6.0,6.0,6.0,6.0,6.0,4.5,5.0,5.25,6.0,6.0,6.0
ellipsoid,gaussian_curvature,0,0.00255,4,58,112,0.835987840009618,1.5248115792042132,1.5423007979129983,1.5449046547903744,0.5354405263193164,0.5700858384785705,0.5729982722844627,0.028117726746372505,0.032427929390479844,0.03476357869628055,0.3507643700448651,0.3597765856132088,0.3903581335696513,0.2285357107135714,0.2513113726956104,0.26613166836847707,0.008264851858419759,0.012726723016937495,0.017124226162884768,0.00255,0.00255,0.00255,0.004416729559300637,0.004416729559300637,0.004416729559300637,0.003956717711444166,0.00401454754357365,0.004099101257195042,0.008463656487227234,0.008815187136130363,0.0091659299838261,15.214878525791061,15.226051852681584,15.230734626469637,15.271056473284482,15.281697352750136,15.284669580959152,15.392320631803402,15.433554073363233,15.475742678984107,0.0,0.0,0.0,0.0,0.0,0.0,6.0,6.0,6.0,6.0,6.0,6.0,4.75,5.0,5.25,6.0,6.0,6.0
ellipsoid,gaussian_curvature,0,0.003775,4,58,112,0.835987840009618,1.5277147138125509,1.5611793008967356,1.5963911068854717,0.5130335032609037,0.5381958392768327,0.558265185680036,0.025573797132058436,0.0279030394178593,0.030929046068580122,0.5259677561329866,0.5955861056914884,0.6704583274175864,0.24173261851906616,0.2645751311064591,0.29307982075984895,0.008757920007006915,0.013787229787185818,0.02067131633943805,0.003775,0.003775,0.003775,0.0065384917985725115,0.006538491798572512,0.006538491798572512,0.005878080108178006,0.0059671350369419635,0.006054550944938726,0.012177539736919337,0.012734701953774966,0.013590470693231597,15.03621825814616,15.102510817467495,15.178187814396521,15.11979505475108,15.185797435327526,15.231382825050991,15.393353834869101,15.434027247081293,15.481625774873953,0.0,0.0,0.0,0.0,0.0,0.0,6.0,6.0,6.0,6.0,6.0,6.0,5.0,5.5,6.0,6.0,6.0,6.0
ellipsoid,gaussian_curvature,0,0.005,4,58,112,0.835987840009618,1.7573463697629377,1.7616103749419825,1.7688708959358932,0.5671044360356908,0.5730019356516056,0.5849525485645767,0.03791729308501468,0.03963838179803167,0.04103552849738529,0.8447824582514611,0.8540431058806908,0.8815202839822784,0.34729071264239075,0.36503417353921896,0.37636701478367945,0.01501366470027388,0.01728312574975871,0.019366982333176526,0.004999999999999999,0.004999999999999999,0.004999999999999999,0.008660254037844387,0.008660254037844387,0.008660254037844387,0.007570631802107506,0.007714870805162411,0.0077478691894102844,0.015683881694870838,0.01620839296679439,0.01719243104790999,14.99459294763642,15.092691310622332,15.154116876743608,15.217561576455482,15.263453569257482,15.271427926268698,15.431886944669095,15.45339088616441,15.495231393067304,0.0,0.0,0.0,0.0,0.0,0.0,6.0,6.0,6.75,6.0,6.0,7.0,5.0,5.5,6.5,6.0,6.0,6.5
ellipsoid,gaussian_curvature,1,0.0,1,226,448,0.423749525398978,0.47669739818825746,0.47669739818825746,0.47669739818825746,0.3829708431025354,0.3829708431025354,0.3829708431025354,0.02735788869913036,0.02735788869913036,0.02735788869913036,0.0,0.0,0.0,0.0,0.0,0.0,0.0,0.0,0.0,0.0,0.0,0.0,0.0,0.0,0.0,0.0,0.0,0.0,0.0,0.0,0.0,14.369708393674909,14.369708393674909,14.369708393674909,14.921334037486725,14.921334037486725,14.921334037486725,15.664873422249137,15.664873422249137,15.664873422249137,0.0,0.0,0.0,0.0,0.0,0.0,6.0,6.0,6.0,6.0,6.0,6.0,3.0,3.0,3.0,6.0,6.0,6.0
ellipsoid,gaussian_curvature,1,0.0001,4,226,448,0.423749525398978,0.47741815709821583,0.4783841501417875,0.47934648996944884,0.3773669142135013,0.3829708431025354,0.384052715982087,0.02735788869913036,0.027681036528626957,0.028259670110487016,0.026738035661469317,0.027542075760233105,0.0285893064422346,0.0,0.02886751345948138,0.06830127018922208,0.0,0.0005936434548117297,0.0013209057283865202,0.0001,0.0001,0.0001,0.00017320508075688773,0.00017320508075688773,0.00017320508075688776,0.00015291881247838453,0.00015464702777940752,0.0001551267640082866,0.00037467281133338247,0.00038234071491447636,0.0003886242407183046,14.363201999664994,14.365180183664409,14.366593735011907,14.914813287720062,14.915734686095082,14.91683435859458,15.665105285180056,15.665319125558344,15.666060568011492,0.0,0.0,0.0,0.0,0.0,0.0,6.0,6.0,6.0,6.0,6.0,6.0,3.0,3.5,4.25,6.0,6.0,6.0
ellipsoid,gaussian_curvature,1,0.001325,4,226,448,0.423749525398978,0.5829814990187332,0.6049549120969726,0.6216385372062321,0.3189686062874362,0.3716004715108928,0.3975173557877658,0.013589638397946163,0.015129277515296701,0.017215157221538543,0.38507218114784925,0.4021977940294027,0.41124013245955265,0.30535325997592355,0.31357020055989915,0.36546086049880044,0.017497724764864723,0.019700995027409587,0.02651096460825622,0.0013249999999999998,0.001325,0.001325,0.002294967320028762,0.002294967320028762,0.0022949673200287624,0.001993372817616676,0.0020172328521591595,0.0020391536938672676,0.004940192939255321,0.005179533380887159,0.005321128881099593,14.299897525148733,14.31570380552221,14.321943691464401,14.841649206808215,14.878216269605275,14.90473597461493,15.65225920080835,15.654055368677945,15.663737030863224,0.0,0.0,0.0,0.0,0.0,0.0,11.25,13.5,16.25,11.5,14.0,17.5,6.25,8.0,9.0,7.5,10.0,12.5
ellipsoid,gaussian_curvature,1,0.00255,4,226,448,0.423749525398978,0.8370747238996008,0.8487139127812302,0.8686514922047038,0.705778614279565,0.733457747781683,0.7614296863821061,0.032429058516200614,0.035678071630236126,0.04277366366071407,0.7216805849204518,0.7477841344054376,0.7518546703414022,0.7192885264269311,0.7291467005485526,0.7376246875731681,0.03778491459383962,0.040731470743431086,0.04314771602016279,0.00255,0.00255,0.00255,0.004416729559300637,0.004416729559300637,0.004416729559300637,0.0038739874641266223,0.003906980239648374,0.003924543192851548,0.009670027881974992,0.009887766022455223,0.010110113192723294,14.269407073222565,14.302415296491986,14.332517379704411,14.87102033707971,14.882146697850533,14.891226839949166,15.68057190432896,15.702417562883387,15.718375050114192,0.0,0.0,0.0,0.0,0.0,0.0,22.75,26.0,29.75,23.5,27.0,30.5,14.75,15.5,16.0,19.5,21.0,22.0
ellipsoid,gaussian_curvature,1,0.003775,4,226,448,0.423749525398978,1.1770777817354845,1.216832066910217,1.29259236723746,1.0259139850660226,1.1019442016998782,1.1954259865527046,0.05245134438862128,0.07254681462075982,0.0919850049313842,1.0879652550473509,1.1240529364499237,1.1992250333629775,1.087934739282686,1.1393407791925378,1.1769380388873993,0.051479837263065265,0.07837743081371777,0.10710543226707234,0.0037749999999999997,0.0037749999999999997,0.0037749999999999997,0.006538491798572511,0.006538491798572511,0.0065384917985725115,0.005844968392487004,0.005871200842334204,0.005902797415534488,0.01379402852611808,0.01466613970553386,0.015273975950280932,14.14419113234748,14.26967160666297,14.394933462496379,14.743900086257248,14.794602397502985,14.819710139086887,15.643067440036168,15.663667785605712,15.688078470321997,0.0,0.0,0.0,0.0,0.0,0.0,35.75,39.5,42.5,37.0,40.0,43.0,21.75,23.5,25.5,31.0,33.0,34.5
ellipsoid,gaussian_curvature,1,0.005,4,226,448,0.423749525398978,1.5584361274347,1.6401334992719336,1.6952014484027562,1.1100502324238875,1.275313844727703,1.472541831868527,0.08438201164658402,0.09515203417645705,0.10522290368598881,1.4884657542973994,1.550472051883022,1.6095537157767232,1.1406588179698942,1.287386354243376,1.4710132384922479,0.10175035681810767,0.11098557713963271,0.11945134761034396,0.005,0.005,0.005,0.008660254037844385,0.008660254037844387,0.008660254037844387,0.007638444263420392,0.007669544415841351,0.007711860335941734,0.017974023300323213,0.018946047828162435,0.019835892914423336,14.029379324393972,14.077443910102875,14.103404406415295,14.67750457964469,14.704890627760726,14.728714304673767,15.641311857169685,15.651786845444615,15.656933102719899,0.0,0.0,0.0,0.0,0.0,0.0,49.75,51.0,52.0,51.5,52.0,52.0,30.5,33.0,34.25,35.5,37.0,40.0
ellipsoid,gaussian_curvature,2,0.0,1,898,1792,0.21257533663366107,0.18930862691655034,0.18930862691655034,0.18930862691655034,0.3464101615137756,0.3464101615137756,0.3464101615137756,0.028439966372039566,0.028439966372039566,0.028439966372039566,0.0,0.0,0.0,0.0,0.0,0.0,0.0,0.0,0.0,0.0,0.0,0.0,0.0,0.0,0.0,0.0,0.0,0.0,0.0,0.0,0.0,14.119516038306188,14.119516038306188,14.119516038306188,14.72363124257571,14.72363124257571,14.72363124257571,15.99526288565273,15.99526288565273,15.99526288565273,0.0,0.0,0.0,0.0,0.0,0.0,13.0,13.0,13.0,14.0,14.0,14.0,3.0,3.0,3.0,6.0,6.0,6.0
ellipsoid,gaussian_curvature,2,0.0001,4,898,1792,0.21257533663366107,0.1970906083901974,0.19780039322782184,0.19913593331165919,0.31881942780056416,0.3240268288687613,0.3339246263785789,0.022452176008034796,0.022766822577914816,0.02369472018799474,0.05486382840111268,0.056261055250384134,0.058985801255668636,0.1849924634194413,0.22991387389448587,0.2623438681011675,0.005813093177210812,0.00696862751156194,0.008045684632547047,9.999999999999999e-05,0.00010000000000000002,0.00010000000000000002,0.00017320508075688773,0.00017320508075688776,0.00017320508075688778,0.00015104708607266063,0.0001530929064064594,0.00015472998690128448,0.0004017028014906778,0.0004125761744968048,0.00042610050507941514,14.114086677832432,14.115950788099752,14.116836649385945,14.725301081174349,14.726023753175921,14.727546765988283,15.98955908822097,15.992418194128096,15.99428308789092,0.0,0.0,0.0,0.0,0.0,0.0,19.0,20.5,21.25,19.5,21.0,22.0,4.5,6.5,8.25,10.5,12.0,12.0
ellipsoid,gaussian_curvature,2,0.001325,4,898,1792,0.21257533663366107,0.7964812807234882,0.8038026501435513,0.812180721042058,2.9747572413427834,3.0732715730752584,3.1442475142663486,0.09897763864606068,0.10204609260066659,0.11367512135148153,0.7727819675006409,0.7817002850831044,0.786524360329948,3.0352886892674302,3.1323509430745853,3.205353699926171,0.11685569825083024,0.1217072205957539,0.13560466274216668,0.0013250000000000002,0.0013250000000000002,0.0013250000000000002,0.0022949673200287624,0.0022949673200287624,0.002294967320028763,0.002050452203984718,0.0020561419017907164,0.0020634125754313724,0.005412686981488713,0.005476075098426096,0.005633153286725238,14.039447469508257,14.043045461091001,14.050133346446959,14.70220150828868,14.706547609953763,14.720615557845179,15.950875500782399,15.960066196095712,15.97456918887258,0.0,0.0,0.0,0.0,0.0,0.0,180.25,183.0,184.75,186.0,188.0,189.5,39.5,41.5,43.25,96.0,98.0,101.5
ellipsoid,gaussian_curvature,2,0.00255,4,898,1792,0.21257533663366107,1.4656658372286873,1.4756773258051754,1.5128746965401518,5.026635747297265,5.321659071427083,5.589208896322762,0.22146534087920883,0.22729960889318274,0.23115378275316834,1.4473946005921703,1.4611231977009465,1.498389092149342,5.068526708378464,5.358743111007735,5.621303145026175,0.22169519146425049,0.23128075590015013,0.2442302324196857,0.0025499999999999997,0.00255,0.0025500000000000006,0.0044167295593006365,0.0044167295593006365,0.004416729559300637,0.003914527999512214,0.003930285252398963,0.003949281607430367,0.010083405620288937,0.01061388555447454,0.011201285577982736,13.862929263730273,13.932428557734575,13.995355677615906,14.636329614240696,14.65908066190061,14.684397216026593,15.919208647448562,15.932842345695143,15.948071222034127,0.0,0.0,0.0,0.0,0.0,0.0,297.5,305.5,310.25,301.5,312.0,318.5,76.5,82.0,87.0,149.5,153.5,159.5
ellipsoid,gaussian_curvature,2,0.003775,4,898,1792,0.21257533663366107,2.255813623844358,2.2759981605392685,2.3066444063209346,8.043913377712986,8.239097364871274,8.376272900578304,0.3786342713809411,0.41948042081603054,0.4556344368450491,2.252922209408307,2.2733703230251314,2.2993664566097016,8.083794386072624,8.276304875421461,8.404312717265945,0.38642177748823897,0.4202542420639868,0.4534811581493677,0.003774999999999999,0.0037749999999999997,0.003775,0.00653849179857251,0.006538491798572511,0.006538491798572512,0.005743136064037504,0.005772014173539846,0.0058245904435210785,0.01553723453435411,0.01580777065710797,0.016170061450150187,13.894562184435667,13.9165595923312,13.946941899647477,14.655099605049106,14.666735415463766,14.677094158924055,15.895367572639323,15.90351509327886,15.916481090389846,0.0,0.0,0.0,0.0,0.0,0.0,384.75,390.0,397.25,399.5,403.0,410.0,107.25,110.0,112.5,205.25,213.0,219.25
ellipsoid,gaussian_curvature,2,0.005,4,898,1792,0.21257533663366107,2.9391645290879147,3.0102270425595092,3.114797167819548,9.331100667449231,9.539271026408064,9.862436988462338,0.5431720262557804,0.5526023937973648,0.5879283725234632,2.9338795615292725,3.0019317818737394,3.1045583896438593,9.364777233583974,9.574490935450624,9.896437837957205,0.5518259419879115,0.5624556704042215,0.6005110727260555,0.005000000000000001,0.005000000000000002,0.005000000000000002,0.008660254037844388,0.00866025403784439,0.00866025403784439,0.007707685820062737,0.007783590892187088,0.007839927188965933,0.01876247657476477,0.019297914678378263,0.02000061503659212,13.714693240396617,13.79063298782956,13.834972267519346,14.643790373546183,14.667705141719836,14.69727061022581,15.885583975182612,15.91474594587996,15.946363867326538,0.0,0.0,0.0,0.0,0.0,0.0,444.25,453.5,456.5,458.0,466.0,469.0,119.5,125.0,130.75,227.25,235.5,238.0
ellipsoid,mean_curvature,0,0.0,1,58,112,0.835987840009618,0.2504045109868723,0.2504045109868723,0.2504045109868723,0.8326663997864532,0.8326663997864532,0.8326663997864532,0.15079588362590907,0.15079588362590907,0.15079588362590907,0.0,0.0,0.0,0.0,0.0,0.0,0.0,0.0,0.0,0.0,0.0,0.0,0.0,0.0,0.0,0.0,0.0,0.0,0.0,0.0,0.0,15.375780036137657,15.375780036137657,15.375780036137657,15.375780036137657,15.375780036137657,15.375780036137657,15.375780036137682,15.375780036137682,15.375780036137682,0.0,0.0,0.0,0.0,0.0,0.0,6.0,6.0,6.0,6.0,6.0,6.0,3.0,3.0,3.0,6.0,6.0,6.0
ellipsoid,mean_curvature,0,0.0001,4,58,112,0.835987840009618,0.2501966117524361,0.25050172963437156,0.2507543695142742,0.8326663997864532,0.8326663997864532,0.8326663997864532,0.15079588362590907,0.15079588362590907,0.15079588362590907,0.0023039378739773,0.0026411503750134605,0.003035890989483241,0.0,0.0,0.0,0.0,0.0,0.0,0.0001,0.00010000000000000002,0.00010000000000000002,0.00017320508075688773,0.00017320508075688773,0.00017320508075688773,0.00014982596982998452,0.0001552586884418212,0.0001599378162356024,0.0002875493555519379,0.0003203275031802377,0.00035350687864567115,15.368227458374598,15.36947502236056,15.370719741038481,15.370738193271254,15.371778548029651,15.372983661152503,15.378642511618265,15.379838158486862,15.381263685938572,0.0,0.0,0.0,0.0,0.0,0.0,6.0,6.0,6.0,6.0,6.0,6.0,3.0,3.0,3.0,6.0,6.0,6.0
ellipsoid,mean_curvature,0,0.001325,4,58,112,0.835987840009618,0.2524359165611546,0.25331906094309986,0.2537785470504519,0.8195508264864901,0.821583210144808,0.8256145343884687,0.15025894290844358,0.15134544043308173,0.15207544451244007,0.03215339517119803,0.03536079546050086,0.03888734142496974,0.16066261793045747,0.17293675101030026,0.18897228936294502,0.003394004026615689,0.004361440656677186,0.005620935165787901,0.001325,0.001325,0.001325,0.0022949673200287624,0.0022949673200287624,0.002294967320028763,0.0020225610923959593,0.0020458078919707136,0.0020653690557715645,0.0041222397278837045,0.004187544895606226,0.00423916699953891,15.256716392580914,15.273639472232045,15.293624603399753,15.31269026030752,15.320611505885351,15.326981827616526,15.431650492754219,15.444686178539582,15.446240747992439,0.0,0.0,0.0,0.0,0.0,0.0,6.0,6.0,6.0,6.0,6.0,6.0,5.25,6.0,6.0,6.0,6.0,6.0
ellipsoid,mean_curvature,0,0.00255,4,58,112,0.835987840009618,0.2593413159730886,0.2634077591014836,0.2654948388387396,0.8238153363903858,0.8366600265340757,0.8420682397269523,0.14725603585943917,0.15134425404517915,0.15444752575103762,0.06559848696151646,0.06726735168010664,0.06923183529654948,0.2241792571723349,0.2513113726956102,0.2720293555492431,0.006854311090297464,0.008437646847064429,0.010612013222835203,0.00255,0.00255,0.00255,0.004416729559300637,0.004416729559300637,0.004416729559300637,0.003956717711444166,0.00401454754357365,0.004099101257195042,0.008463656487227234,0.008815187136130363,0.0091659299838261,15.214878525791061,15.226051852681584,15.230734626469637,15.271056473284482,15.281697352750136,15.284669580959152,15.392320631803402,15.433554073363233,15.475742678984107,0.0,0.0,0.0,0.0,0.0,0.0,6.0,6.0,6.0,6.0,6.0,6.0,5.0,5.5,6.0,6.0,6.0,6.0
ellipsoid,mean_curvature,0,0.003775,4,58,112,0.835987840009618,0.2680625345915999,0.2692068364164789,0.27029555336878586,0.8260977498347547,0.8316643930391303,0.8361402181598447,0.1403636532863045,0.1441520840854362,0.1446906612730542,0.10367783867390494,0.10892069419212799,0.11427318724564511,0.2853437440949865,0.3364929592988065,0.3828982680153297,0.009085722851304436,0.013937607318606975,0.020403759444226288,0.003775,0.003775,0.003775,0.0065384917985725115,0.006538491798572512,0.006538491798572512,0.005878080108178006,0.0059671350369419635,0.006054550944938726,0.012177539736919337,0.012734701953774966,0.013590470693231597,15.03621825814616,15.102510817467495,15.178187814396521,15.11979505475108,15.185797435327526,15.231382825050991,15.393353834869101,15.434027247081293,15.481625774873953,0.0,0.0,0.0,0.0,0.0,0.0,6.0,7.0,8.0,6.0,7.0,8.0,5.75,6.5,7.25,6.0,7.0,8.0
ellipsoid,mean_curvature,0,0.005,4,58,112,0.835987840009618,0.30272369099366625,0.30523509767018375,0.3063749153861133,0.8391246145658278,0.8552813742018692,0.8731656887474667,0.145565083091146,0.1471039330318009,0.14892890427859556,0.13762894071106097,0.14146247614298038,0.14838487404062842,0.3920845434248144,0.43480992827918474,0.46636639508980937,0.01568822338712094,0.017544752453990693,0.019217447314165408,0.004999999999999999,0.004999999999999999,0.004999999999999999,0.008660254037844387,0.008660254037844387,0.008660254037844387,0.007570631802107506,0.007714870805162411,0.0077478691894102844,0.015683881694870838,0.01620839296679439,0.01719243104790999,14.99459294763642,15.092691310622332,15.154116876743608,15.217561576455482,15.263453569257482,15.271427926268698,15.431886944669095,15.45339088616441,15.495231393067304,0.0,0.0,0.0,0.0,0.0,0.0,7.5,8.0,8.75,7.5,8.0,9.0,6.75,7.5,8.25,7.5,8.0,9.0
ellipsoid,mean_curvature,1,0.0,1,226,448,0.423749525398978,0.11981112591308193,0.11981112591308193,0.11981112591308193,0.7118052168020875,0.7118052168020875,0.7118052168020875,0.08615816253375806,0.08615816253375806,0.08615816253375806,0.0,0.0,0.0,0.0,0.0,0.0,0.0,0.0,0.0,0.0,0.0,0.0,0.0,0.0,0.0,0.0,0.0,0.0,0.0,0.0,0.0,14.369708393674909,14.369708393674909,14.369708393674909,14.921334037486725,14.921334037486725,14.921334037486725,15.664873422249137,15.664873422249137,15.664873422249137,0.0,0.0,0.0,0.0,0.0,0.0,14.0,14.0,14.0,14.0,14.0,14.0,5.0,5.0,5.0,14.0,14.0,14.0
ellipsoid,mean_curvature,1,0.0001,4,226,448,0.423749525398978,0.11990302896207966,0.12005464048967648,0.12017053360529065,0.6714334498800888,0.6769931288897717,0.6825125084211393,0.08313921420566617,0.0841187128338502,0.08514106277746038,0.005273484774124037,0.005421442311793367,0.005475840594029614,0.10701495490163712,0.13411128850156,0.16660604236054946,0.0015309212409905272,0.0022482269896091523,0.0033066908350462623,0.0001,0.0001,0.0001,0.00017320508075688773,0.00017320508075688773,0.00017320508075688776,0.00015291881247838453,0.00015464702777940752,0.0001551267640082866,0.00037467281133338247,0.00038234071491447636,0.0003886242407183046,14.363201999664994,14.365180183664409,14.366593735011907,14.914813287720062,14.915734686095082,14.91683435859458,15.665105285180056,15.665319125558344,15.666060568011492,0.0,0.0,0.0,0.0,0.0,0.0,14.0,15.0,16.0,14.0,15.0,16.0,6.75,8.0,9.0,14.0,14.0,14.0
ellipsoid,mean_curvature,1,0.001325,4,226,448,0.423749525398978,0.13586391584099933,0.13907879240902982,0.14278606537130184,0.6626956152333017,0.6840353875666396,0.7411818764995339,0.05477598498162778,0.05995689834788441,0.06628340246252487,0.07065160503117031,0.07380577803419644,0.07618454930978148,0.5506424334761555,0.5830881836129361,0.6420473254668941,0.030668068591584084,0.03971667420679175,0.055219688034226916,0.0013249999999999998,0.001325,0.001325,0.002294967320028762,0.002294967320028762,0.0022949673200287624,0.001993372817616676,0.0020172328521591595,0.0020391536938672676,0.004940192939255321,0.005179533380887159,0.005321128881099593,14.299897525148733,14.31570380552221,14.321943691464401,14.841649206808215,14.878216269605275,14.90473597461493,15.65225920080835,15.654055368677945,15.663737030863224,0.0,0.0,0.0,0.0,0.0,0.0,21.25,22.5,24.5,21.5,23.0,25.5,14.0,17.5,21.0,16.0,20.0,24.0
ellipsoid,mean_curvature,1,0.00255,4,226,448,0.423749525398978,0.1759026937573318,0.18065069724254196,0.18624063676545083,1.1125396108987613,1.141612915559588,1.178241395534414,0.07426596711391228,0.07738658465295312,0.08126942143006644,0.1365216960769721,0.13855776242838075,0.1401472910455432,1.0191838933991009,1.0870232673722962,1.1628725425442477,0.07273959264703769,0.08040654100417816,0.08310848130063049,0.00255,0.00255,0.00255,0.004416729559300637,0.004416729559300637,0.004416729559300637,0.0038739874641266223,0.003906980239648374,0.003924543192851548,0.009670027881974992,0.009887766022455223,0.010110113192723294,14.269407073222565,14.302415296491986,14.332517379704411,14.87102033707971,14.882146697850533,14.891226839949166,15.68057190432896,15.702417562883387,15.718375050114192,0.0,0.0,0.0,0.0,0.0,0.0,25.75,27.0,29.75,26.5,28.0,30.5,18.25,20.5,23.0,21.0,25.0,28.5
ellipsoid,mean_curvature,1,0.003775,4,226,448,0.423749525398978,0.2305071371009117,0.23984001331092691,0.2473981127992315,1.5818853025501292,1.6691438754631984,1.7235039595890242,0.12068479865176965,0.14048692684260244,0.17027364215029406,0.19862873526478791,0.209573872445786,0.21963642605767672,1.6269642110104434,1.6814864796600708,1.7107941794804336,0.16384659052673134,0.19457715852628488,0.22132223095607548,0.0037749999999999997,0.0037749999999999997,0.0037749999999999997,0.006538491798572511,0.006538491798572511,0.0065384917985725115,0.005844968392487004,0.005871200842334204,0.005902797415534488,0.01379402852611808,0.01466613970553386,0.015273975950280932,14.14419113234748,14.26967160666297,14.394933462496379,14.743900086257248,14.794602397502985,14.819710139086887,15.643067440036168,15.663667785605712,15.688078470321997,0.0,0.0,0.0,0.0,0.0,0.0,46.25,47.5,48.5,47.5,49.0,50.0,31.5,34.5,36.25,37.75,39.5,40.75
ellipsoid,mean_curvature,1,0.005,4,226,448,0.423749525398978,0.28957280509810956,0.3020654853994733,0.3170872156615603,1.7805969735465341,2.04094218186984,2.2877515431373006,0.18179768442171562,0.2070041344980746,0.24284914835736532,0.2682966457084882,0.27406361391751755,0.28666796940242795,1.7979660720709778,2.0795203949494114,2.334977320508636,0.23152074459243638,0.255528488177613,0.2945085503532577,0.005,0.005,0.005,0.008660254037844385,0.008660254037844387,0.008660254037844387,0.007638444263420392,0.007669544415841351,0.007711860335941734,0.017974023300323213,0.018946047828162435,0.019835892914423336,14.029379324393972,14.077443910102875,14.103404406415295,14.67750457964469,14.704890627760726,14.728714304673767,15.641311857169685,15.651786845444615,15.656933102719899,0.0,0.0,0.0,0.0,0.0,0.0,54.25,57.0,60.5,56.5,58.0,60.5,39.0,40.5,42.25,45.25,46.5,48.0
ellipsoid,mean_curvature,2,0.0,1,898,1792,0.21257533663366107,0.052064939577528745,0.052064939577528745,0.052064939577528745,1.2701705922171767,1.2701705922171767,1.2701705922171767,0.11660401315895513,0.11660401315895513,0.11660401315895513,0.0,0.0,0.0,0.0,0.0,0.0,0.0,0.0,0.0,0.0,0.0,0.0,0.0,0.0,0.0,0.0,0.0,0.0,0.0,0.0,0.0,14.119516038306188,14.119516038306188,14.119516038306188,14.72363124257571,14.72363124257571,14.72363124257571,15.99526288565273,15.99526288565273,15.99526288565273,0.0,0.0,0.0,0.0,0.0,0.0,41.0,41.0,41.0,42.0,42.0,42.0,9.0,9.0,9.0,34.0,34.0,34.0
ellipsoid,mean_curvature,2,0.0001,4,898,1792,0.21257533663366107,0.05312579893388383,0.0533812482297841,0.05357685508012307,1.2228435770411463,1.248928307387071,1.2710631523718838,0.10516375276138826,0.11005405286393434,0.11277442885338047,0.010430104434910964,0.010844322002740648,0.011251031257263192,0.3765991228706533,0.41373394925154583,0.4576206469435349,0.006717743598969844,0.007928822659587912,0.012106126462720806,9.999999999999999e-05,0.00010000000000000002,0.00010000000000000002,0.00017320508075688773,0.00017320508075688776,0.00017320508075688778,0.00015104708607266063,0.0001530929064064594,0.00015472998690128448,0.0004017028014906778,0.0004125761744968048,0.00042610050507941514,14.114086677832432,14.115950788099752,14.116836649385945,14.725301081174349,14.726023753175921,14.727546765988283,15.98955908822097,15.992418194128096,15.99428308789092,0.0,0.0,0.0,0.0,0.0,0.0,47.0,49.0,50.0,47.0,49.0,50.0,17.5,18.0,19.0,34.0,35.0,37.5
ellipsoid,mean_curvature,2,0.001325,4,898,1792,0.21257533663366107,0.1563687383985927,0.15718571043444887,0.15764841778586108,4.071578411100405,4.377589723421548,4.752579273503439,0.2764198417679269,0.30057484453477146,0.322669314421713,0.14701315591814487,0.14793408212419273,0.14870181704677643,3.9792003818074364,4.232230614306669,4.5543366848112905,0.355439112259367,0.39058395745752345,0.4166992358792623,0.0013250000000000002,0.0013250000000000002,0.0013250000000000002,0.0022949673200287624,0.0022949673200287624,0.002294967320028763,0.002050452203984718,0.0020561419017907164,0.0020634125754313724,0.005412686981488713,0.005476075098426096,0.005633153286725238,14.039447469508257,14.043045461091001,14.050133346446959,14.70220150828868,14.706547609953763,14.720615557845179,15.950875500782399,15.960066196095712,15.97456918887258,0.0,0.0,0.0,0.0,0.0,0.0,199.0,203.0,207.25,204.0,208.0,212.0,75.75,76.0,77.5,123.5,128.5,133.5
ellipsoid,mean_curvature,2,0.00255,4,898,1792,0.21257533663366107,0.2827637584015337,0.28820075783843,0.29448589783432105,7.169433715755243,7.692681874424581,8.023197060046298,0.5089663890618454,0.5138378453991976,0.5270352394521131,0.27760335126414604,0.28320227445479257,0.28878207384822574,6.99835860814853,7.46640031699054,7.78256226452869,0.5574315011438264,0.5751952801766317,0.5955914803318229,0.0025499999999999997,0.00255,0.0025500000000000006,0.0044167295593006365,0.0044167295593006365,0.004416729559300637,0.003914527999512214,0.003930285252398963,0.003949281607430367,0.010083405620288937,0.01061388555447454,0.011201285577982736,13.862929263730273,13.932428557734575,13.995355677615906,14.636329614240696,14.65908066190061,14.684397216026593,15.919208647448562,15.932842345695143,15.948071222034127,0.0,0.0,0.0,0.0,0.0,0.0,323.75,324.0,324.0,329.5,331.0,332.5,114.0,120.0,126.0,176.0,178.0,180.25
ellipsoid,mean_curvature,2,0.003775,4,898,1792,0.21257533663366107,0.42567511024177723,0.42694666842806095,0.42863640071978093,10.470976110821491,10.746650366484344,10.889906207422488,0.8077215394786561,0.9013937846930067,0.9687079880286308,0.42374092222975324,0.4246904515564529,0.42579707578914755,10.511380877754652,10.701886698182378,10.80442426573471,0.8455243060017609,0.9620346657585113,1.0514878758040074,0.003774999999999999,0.0037749999999999997,0.003775,0.00653849179857251,0.006538491798572511,0.006538491798572512,0.005743136064037504,0.005772014173539846,0.0058245904435210785,0.01553723453435411,0.01580777065710797,0.016170061450150187,13.894562184435667,13.9165595923312,13.946941899647477,14.655099605049106,14.666735415463766,14.677094158924055,15.895367572639323,15.90351509327886,15.916481090389846,0.0,0.0,0.0,0.0,0.0,0.0,414.75,416.5,419.5,426.0,428.0,434.0,147.0,151.5,156.75,227.0,238.0,248.0
ellipsoid,mean_curvature,2,0.005,4,898,1792,0.21257533663366107,0.5595375251968256,0.5730872939006699,0.5881591131085092,12.532624478406552,12.777980838402472,12.911807324584965,1.2809874794463862,1.3313645234564642,1.4185364011154327,0.5558220353037925,0.5698587328593785,0.5862411857233054,12.674547261847632,12.901943941509726,12.978771089831202,1.3594420998823784,1.4164293052067394,1.5117454120126457,0.005000000000000001,0.005000000000000002,0.005000000000000002,0.008660254037844388,0.00866025403784439,0.00866025403784439,0.007707685820062737,0.007783590892187088,0.007839927188965933,0.01876247657476477,0.019297914678378263,0.02000061503659212,13.714693240396617,13.79063298782956,13.834972267519346,14.643790373546183,14.667705141719836,14.69727061022581,15.885583975182612,15.91474594587996,15.946363867326538,0.0,0.0,0.0,0.0,0.0,0.0,464.0,471.0,472.5,476.5,484.0,486.5,153.0,154.5,159.25,234.75,237.0,241.0
product_sine_graph,gaussian_curvature,0,0.0,1,81,128,0.3535533905932738,14746.074127757072,14746.074127757072,14746.074127757072,19.912726248976224,19.912726248976224,19.912726248976224,5.131816222522879,5.131816222522879,5.131816222522879,0.0,0.0,0.0,0.0,0.0,0.0,0.0,0.0,0.0,0.0,0.0,0.0,0.0,0.0,0.0,0.0,0.0,0.0,0.0,0.0,0.0,13.633022225366389,13.633022225366389,13.633022225366389,13.633022225366389,13.633022225366389,13.633022225366389,13.633022225366389,13.633022225366389,13.633022225366389,0.0,0.0,0.0,0.0,0.0,0.0,25.0,25.0,25.0,73.0,73.0,73.0,4.0,4.0,4.0,73.0,73.0,73.0
product_sine_graph,gaussian_curvature,0,0.0001,4,81,128,0.3535533905932738,14746.756294247858,14746.90790917708,14747.029250946327,19.912726248976224,19.912726248976224,19.912726248976224,5.131816222522879,5.131816222522879,5.131816222522879,0.03772166796917658,0.03987596522992601,0.04127571473516202,0.0,0.0,0.0,0.0,0.0,0.0,9.999999999999999e-05,9.999999999999999e-05,9.999999999999999e-05,0.00017320508075688773,0.00017320508075688773,0.00017320508075688773,0.00015074439716338662,0.00015716267143519843,0.00016022614696098412,0.0003220173461406748,0.0003345776126996624,0.0003431528043068014,13.625358970309158,13.62596202293722,13.626573898485189,13.626666047986442,13.626885422348163,13.627250462793679,13.628899321112963,13.62907931204439,13.62926842082685,0.0,0.0,0.0,0.0,0.0,0.0,73.0,73.0,73.0,73.0,73.0,73.0,4.0,4.0,4.0,73.0,73.0,73.0
product_sine_graph,gaussian_curvature,0,0.001325,4,81,128,0.3535533905932738,14755.628148309821,14757.541162867527,14759.483888578283,19.912726248976224,19.912726248976224,19.912726248976224,5.131816222522879,5.131816222522879,5.131816222522879,0.6653185712390125,0.6836347481962677,0.7074206360794111,0.0,0.0,0.0,0.0,0.0,0.0,0.0013249999999999998,0.0013249999999999998,0.001325,0.0022949673200287624,0.0022949673200287624,0.0022949673200287624,0.0020228727653036874,0.0020272601518006817,0.002032691670954034,0.004741162561409527,0.004996889569226042,0.0053581801569187164,13.530967766513253,13.539543248224344,13.550573741712906,13.558570938566534,13.567387234805361,13.57293336950585,13.58385066518491,13.584528475353789,13.589082845894216,0.0,0.0,0.0,0.0,0.0,0.0,73.0,73.0,73.0,73.0,73.0,73.0,4.0,4.0,4.0,73.0,73.0,73.0
product_sine_graph,gaussian_curvature,0,0.00255,4,81,128,0.3535533905932738,14770.073958211635,14772.893234127867,14775.325173943973,19.912726248976224,19.912726248976224,19.912726248976224,5.131816222522879,5.131816222522879,5.131816222522879,1.1602773779110844,1.166859712832075,1.200283110250895,0.0,0.0,0.0,0.0,0.0,0.0,0.00255,0.00255,0.0025500000000000006,0.004416729559300637,0.004416729559300638,0.004416729559300638,0.003817819125776723,0.003916963849298578,0.004019379613545125,0.008446067836551779,0.008821805059627357,0.008943501418778923,13.46301440559615,13.468326756668695,13.481355948897265,13.500108931935223,13.510227581905905,13.516294812941403,13.555272761036694,13.560102367829924,13.564418078423984,0.0,0.0,0.0,0.0,0.0,0.0,73.0,73.0,73.0,73.0,73.0,73.0,4.0,4.0,4.0,73.0,73.0,73.0
product_sine_graph,gaussian_curvature,0,0.003775,4,81,128,0.3535533905932738,14772.087357034583,14773.319718453218,14777.002238296973,19.912726248976224,19.912726248976224,19.912726248976224,5.131816222522879,5.131816222522879,5.131816222522879,1.8391952425678086,1.9738163028521014,2.054238735260471,0.0,0.0,0.0,0.0,0.0,0.0,0.0037749999999999993,0.0037749999999999997,0.003775,0.0065384917985725115,0.0065384917985725115,0.0065384917985725115,0.005743156502749406,0.005782736896104408,0.005853557232050385,0.012041965416624887,0.013460341259593896,0.015108369768995277,13.338563471200978,13.352497593954308,13.385237005190513,13.403417365673995,13.436201191020967,13.46438102531105,13.49564045900699,13.500197752892676,13.506633269019174,0.0,0.0,0.0,0.0,0.0,0.0,73.0,73.0,73.0,73.0,73.0,73.0,4.0,4.0,4.0,73.0,73.0,73.0
product_sine_graph,gaussian_curvature,0,0.005,4,81,128,0.3535533905932738,14779.87091519441,14784.089514006317,14786.143643342113,19.912726248976224,19.912726248976224,19.912726248976224,5.131816222522879,5.131816222522879,5.131816222522879,2.0616158243733853,2.1536308857124045,2.3101125947837513,0.0,0.0,0.0,0.0,0.0,0.0,0.005,0.005,0.005,0.008660254037844387,0.008660254037844387,0.008660254037844387,0.007784522795467477,0.008041522087314385,0.008223841339283394,0.015334632233131766,0.015691417508345323,0.01635502201846109,13.261963449492745,13.265649453556698,13.291708774798817,13.37587702981867,13.387402615240674,13.396915383274386,13.436519506678183,13.44492538473403,13.463634382038462,0.0,0.0,0.0,0.0,0.0,0.0,73.0,73.0,73.0,73.0,73.0,73.0,4.0,4.0,4.0,73.0,73.0,73.0
product_sine_graph,gaussian_curvature,1,0.0,1,289,512,0.3184516252539858,6063.983367405572,6063.983367405572,6063.983367405572,19.584347491470496,19.584347491470496,19.584347491470496,5.114972408318555,5.114972408318555,5.114972408318555,0.0,0.0,0.0,0.0,0.0,0.0,0.0,0.0,0.0,0.0,0.0,0.0,0.0,0.0,0.0,0.0,0.0,0.0,0.0,0.0,0.0,9.874961397821242,9.874961397821242,9.874961397821242,9.874961397821242,9.874961397821242,9.874961397821242,9.874961397821352,9.874961397821352,9.874961397821352,0.0,0.0,0.0,0.0,0.0,0.0,42.0,42.0,42.0,81.0,81.0,81.0,4.0,4.0,4.0,77.0,77.0,77.0
product_sine_graph,gaussian_curvature,1,0.0001,4,289,512,0.3184516252539858,6064.7687040567125,6064.883966247671,6064.972098385262,19.584347491470496,19.584347491470496,19.584347491470496,5.114972408318555,5.114972408318555,5.114972408318555,0.15965559961007147,0.1739144324327238,0.18836964729097538,0.0,0.0,0.0,0.0,0.0,0.0,9.999999999999999e-05,0.0001,0.0001,0.00017320508075688773,0.00017320508075688773,0.00017320508075688773,0.00015840996440208297,0.00015953452165486687,0.00015988447375093803,0.0003663826909909209,0.0003709099133038799,0.00037610911001295904,9.864923315573193,9.865509770483516,9.866555570071988,9.868713191291281,9.86916548059342,9.869893011506784,9.873614686221336,9.873682977973566,9.87388518610619,0.0,0.0,0.0,0.0,0.0,0.0,81.0,81.0,81.0,81.0,81.0,81.0,4.0,4.0,4.0,77.0,77.0,77.0
product_sine_graph,gaussian_curvature,1,0.001325,4,289,512,0.3184516252539858,6074.848188517588,6076.103157337802,6076.693152661386,19.584624070626905,19.584687896415403,19.58494319124959,5.114937515015628,5.114944348884072,5.114947833689794,2.0280353520334984,2.0713869259322486,2.2436861826098022,0.10103629710818483,0.11547005383792552,0.1443375672974069,0.0016839569954580004,0.0019245222805233564,0.0024056528506542487,0.001325,0.001325,0.001325,0.0022949673200287624,0.0022949673200287624,0.002294967320028763,0.00199960124894768,0.0020227327830012933,0.002034767515280885,0.005013584682991325,0.005327855161029238,0.005617246253950753,9.755153593110375,9.766052003065635,9.774221594576428,9.810498207015439,9.814113300385554,9.816443224070081,9.859957772315965,9.862375246900747,9.865631309587636,0.0,0.0,0.0,0.0,0.0,0.0,81.0,81.0,81.0,81.0,81.0,81.0,5.0,5.0,5.0,77.0,77.0,77.0
product_sine_graph,gaussian_curvature,1,0.00255,4,289,512,0.3184516252539858,6085.3541983570685,6086.383642529494,6088.547614296153,19.586730166357814,19.587963983718602,19.58919766802411,5.114870986270791,5.114883884780051,5.114903888652645,4.360780378057031,4.7501592734297855,5.2085804075913025,0.2886751345948138,0.3752776749732579,0.43301270189222074,0.004811305701308062,0.006254697411700384,0.007216958551962011,0.0025499999999999997,0.0025499999999999997,0.0025499999999999997,0.004416729559300637,0.004416729559300637,0.004416729559300637,0.0038755705165772663,0.003927330258475239,0.003966182152304447,0.01013185275119282,0.010759389936816292,0.011277580042263062,9.564851350612933,9.5840746200816,9.614887311470953,9.73354218397647,9.741739583477564,9.747429543496317,9.844033852830641,9.851221085681747,9.854809897975226,0.0,0.0,0.0,0.0,0.0,0.0,81.0,81.0,81.0,81.0,81.0,81.0,5.0,5.0,5.0,77.0,77.0,77.0
product_sine_graph,gaussian_curvature,1,0.003775,4,289,512,0.3184516252539858,6089.281980296047,6092.90825320756,6097.255588177291,19.593110854727374,19.595620234548196,19.597278687224247,5.11477895337849,5.114820975978629,5.11483962236841,6.099558948082805,6.212857716711715,6.555615906489193,0.5773502691896276,0.6639528095680718,0.7366021850421911,0.009622611402616289,0.01106600311300883,0.012487098497816948,0.0037750000000000006,0.0037750000000000006,0.0037750000000000006,0.006538491798572512,0.006538491798572512,0.006538491798572512,0.00574177934807201,0.005876457293886742,0.005971492814044111,0.0134746164050456,0.013770023341029274,0.014017768774990159,9.547665750865354,9.565007392680084,9.590756141480414,9.690332743643909,9.698581180654282,9.70536162867715,9.84118367108661,9.847057896286692,9.84906515131824,0.0,0.0,0.0,0.0,0.0,0.0,81.0,81.0,81.5,81.0,81.0,81.5,5.0,5.0,5.25,77.0,77.0,77.0
product_sine_graph,gaussian_curvature,1,0.005,4,289,512,0.3184516252539858,6090.438911870442,6102.985514747825,6117.389157451737,19.59285584084158,19.593748982833716,19.59528001278106,5.114836273302676,5.114839350867749,5.11488064068663,7.55571417208345,8.058888661834743,8.884429243881346,0.5773502691896276,0.6062177826491091,0.6809477913782547,0.009622611402616232,0.010103741972747118,0.011931267345590206,0.004999999999999999,0.005,0.005,0.008660254037844387,0.008660254037844387,0.008660254037844387,0.007621377556409938,0.0077272460393150635,0.007805062282700794,0.017837103876211603,0.01802070743087439,0.01884262444124045,9.492365671008427,9.510874352886148,9.539866469945558,9.594936550508972,9.620628260800899,9.645695815313635,9.847317425259188,9.849080926003202,9.851212357507109,0.0,0.0,0.0,0.0,0.0,0.0,81.0,81.0,81.0,81.0,81.0,81.0,5.0,5.0,5.5,77.0,77.0,77.0
product_sine_graph,gaussian_curvature,2,0.0,1,1089,2048,0.17105294328577425,2124.6725362730613,2124.6725362730613,2124.6725362730613,18.103406677565783,18.103406677565783,18.103406677565783,4.862979877263188,4.862979877263188,4.862979877263188,0.0,0.0,0.0,0.0,0.0,0.0,0.0,0.0,0.0,0.0,0.0,0.0,0.0,0.0,0.0,0.0,0.0,0.0,0.0,0.0,0.0,9.156456042400311,9.156456042400311,9.156456042400311,9.156456042400311,9.156456042400311,9.156456042400311,9.186804082658096,9.186804082658096,9.186804082658096,0.0,0.0,0.0,0.0,0.0,0.0,30.0,30.0,30.0,81.0,81.0,81.0,5.0,5.0,5.0,81.0,81.0,81.0
product_sine_graph,gaussian_curvature,2,0.0001,4,1089,2048,0.17105294328577425,2124.8163989370614,2124.8321025735895,2124.8457752955655,18.107894214244315,18.10957384939126,18.111322407955427,4.8629083536304725,4.86319220350829,4.863623817888282,0.41593452840442696,0.43569799258010233,0.4661293457282617,0.4018405457014075,0.46996629135064133,0.5347688915824093,0.007218635211752356,0.008180337465417306,0.009001692955925933,9.999999999999998e-05,0.00010000000000000002,0.00010000000000000003,0.0001732050807568877,0.00017320508075688776,0.00017320508075688778,0.00015236269594837368,0.00015332769917390235,0.0001542407114375592,0.0003861382454138609,0.0003951063546884224,0.00041059114842137667,9.147317998335305,9.14789701637886,9.148400054174525,9.15437305548843,9.154574080923336,9.154756545384295,9.187374009254054,9.187455586433106,9.187610244672202,0.0,0.0,0.0,0.0,0.0,0.0,81.0,81.0,81.0,81.0,81.0,81.0,6.0,6.5,7.0,81.0,81.0,81.0
product_sine_graph,gaussian_curvature,2,0.001325,4,1089,2048,0.17105294328577425,2127.0316394171778,2127.0989596653044,2127.3904298487746,18.11638299791282,18.11955643670226,18.12314353252154,4.864398144835189,4.865822756655146,4.867386950044358,5.792563782684488,6.013361281645996,6.074296049215151,0.8708825893572418,0.9101056265531189,0.9331843743059228,0.016688299420568382,0.017601899371160384,0.018181789485099947,0.0013249999999999998,0.0013250000000000002,0.0013250000000000007,0.0022949673200287624,0.0022949673200287632,0.0022949673200287632,0.00202602269274517,0.002035479435467697,0.002047061856190434,0.00541922633383401,0.005598531292717976,0.005771607187838286,9.030497378203625,9.042191733722593,9.057029027171284,9.12392247881867,9.125118685685312,9.127276492785263,9.207671849398558,9.215121732864347,9.21908868716271,0.0,0.0,0.0,0.0,0.0,0.0,98.5,100.0,101.5,98.5,100.0,101.5,8.0,8.0,8.25,81.0,81.0,81.0
product_sine_graph,gaussian_curvature,2,0.00255,4,1089,2048,0.17105294328577425,2128.650826521243,2129.0069753199496,2130.003193940059,18.11129918596779,18.113668858731533,18.114404949109357,4.86510810146183,4.865723486793847,4.8660982765589464,11.6645249448794,12.221191395720545,13.051467166491111,0.9766636412031366,1.0088785628402284,1.031987425732619,0.019431002944592386,0.01976817193190921,0.02030149602089596,0.0025500000000000006,0.002550000000000001,0.0025500000000000015,0.004416729559300638,0.004416729559300638,0.00441672955930064,0.0038678713629321276,0.0039011097160045307,0.003939302077878716,0.0104156454550736,0.010723407644494498,0.011127948473479957,8.902630311066114,8.921687560294039,8.94964730621809,9.083753961463986,9.09186315234166,9.1000937607005,9.244888590609534,9.249085150912283,9.252511180151526,0.0,0.0,0.0,0.0,0.0,0.0,101.0,103.0,105.5,101.0,103.0,105.5,8.0,9.0,10.0,81.0,81.0,81.0
product_sine_graph,gaussian_curvature,2,0.003775,4,1089,2048,0.17105294328577425,2131.5336675953936,2133.180083853321,2134.487569341971,18.09742144622497,18.102715701936077,18.11240116702386,4.8651838009133295,4.866727654398776,4.868238820629842,17.446398948905465,17.602349594102154,18.279510173471436,1.1060245736536327,1.1328392098026403,1.1573412982004336,0.021618038035175407,0.023411814965204898,0.024701365908065785,0.003774999999999998,0.0037749999999999984,0.003774999999999999,0.006538491798572509,0.006538491798572509,0.006538491798572511,0.005739514351819125,0.005776606056977431,0.005813194392246369,0.015673506367617683,0.0157272621532165,0.015833007136070585,8.814963418392782,8.821664975759557,8.83622438343366,9.027378082748548,9.037788069853157,9.047249632839529,9.27276168963914,9.279839320034686,9.282520476329056,0.0,0.0,0.0,0.0,0.0,0.0,108.5,111.0,114.0,108.5,111.0,114.0,10.5,11.5,12.0,81.0,81.0,81.0
product_sine_graph,gaussian_curvature,2,0.005,4,1089,2048,0.17105294328577425,2133.928953534907,2134.63435990605,2136.107709215394,18.102601086387757,18.1113205318278,18.12070628717103,4.867061697447261,4.868606480721034,4.869572176659776,21.212607731734057,22.2874107851775,23.5991620765546,1.0578888009446192,1.1376274928041292,1.2272429618321854,0.019987537471623348,0.020505612490001324,0.021485371449583374,0.004999999999999999,0.005,0.005000000000000001,0.008660254037844385,0.008660254037844387,0.008660254037844387,0.007596607101975716,0.007687625642082863,0.007749565709519591,0.020397258399856275,0.021728878961568415,0.022930026315388492,8.67223450377923,8.68480239888169,8.708530638646293,8.974445825727964,8.988351320766553,9.007902565558354,9.271641896365226,9.282239319893687,9.291764614191575,0.0,0.0,0.0,0.0,0.0,0.0,109.0,110.0,112.5,109.0,110.0,112.5,12.25,13.0,13.25,81.0,81.0,81.0
product_sine_graph,mean_curvature,0,0.0,1,81,128,0.3535533905932738,70.90149245072399,70.90149245072399,70.90149245072399,14.022006513572391,14.022006513572391,14.022006513572391,2.342080739388555,2.342080739388555,2.342080739388555,0.0,0.0,0.0,0.0,0.0,0.0,0.0,0.0,0.0,0.0,0.0,0.0,0.0,0.0,0.0,0.0,0.0,0.0,0.0,0.0,0.0,13.633022225366389,13.633022225366389,13.633022225366389,13.633022225366389,13.633022225366389,13.633022225366389,13.633022225366389,13.633022225366389,13.633022225366389,0.0,0.0,0.0,0.0,0.0,0.0,16.0,16.0,16.0,21.0,21.0,21.0,4.0,4.0,4.0,15.0,15.0,15.0
product_sine_graph,mean_curvature,0,0.0001,4,81,128,0.3535533905932738,70.90185799728017,70.9019252918265,70.90201337598603,14.01915356455826,14.019331889746626,14.019510214934991,2.341809242546751,2.341828043054635,2.3418659401517012,0.0023211104301044637,0.0023724389068175197,0.00239184798208388,0.3175426480542952,0.3752776749732579,0.40414518843273933,0.005292436271439022,0.006254697411700532,0.006735827981831183,9.999999999999999e-05,9.999999999999999e-05,9.999999999999999e-05,0.00017320508075688773,0.00017320508075688773,0.00017320508075688773,0.00015074439716338662,0.00015716267143519843,0.00016022614696098412,0.0003220173461406748,0.0003345776126996624,0.0003431528043068014,13.625358970309158,13.62596202293722,13.626573898485189,13.626666047986442,13.626885422348163,13.627250462793679,13.628899321112963,13.62907931204439,13.62926842082685,0.0,0.0,0.0,0.0,0.0,0.0,25.75,26.0,26.25,26.5,27.0,27.0,4.0,4.5,5.0,15.0,15.0,15.0
product_sine_graph,mean_curvature,0,0.001325,4,81,128,0.3535533905932738,70.90597857403036,70.90689818783869,70.90849466250882,14.019034679083052,14.019569645575576,14.022154639195062,2.341884839359756,2.341943017303458,2.342073970089272,0.03259255767357893,0.03433115559347477,0.03949972514977085,0.20740322417305315,0.2633613744397881,0.2886751345948138,0.0038910239240624264,0.004678915086608591,0.004811305701308407,0.0013249999999999998,0.0013249999999999998,0.001325,0.0022949673200287624,0.0022949673200287624,0.0022949673200287624,0.0020228727653036874,0.0020272601518006817,0.002032691670954034,0.004741162561409527,0.004996889569226042,0.0053581801569187164,13.530967766513253,13.539543248224344,13.550573741712906,13.558570938566534,13.567387234805361,13.57293336950585,13.58385066518491,13.584528475353789,13.589082845894216,0.0,0.0,0.0,0.0,0.0,0.0,26.5,27.0,27.5,27.0,27.0,27.5,5.0,5.0,5.25,15.0,15.0,15.0
product_sine_graph,mean_curvature,0,0.00255,4,81,128,0.3535533905932738,70.91424462137456,70.91494131212133,70.91555138099844,14.019034679083052,14.019034679083052,14.019034679083052,2.341884839359756,2.341884839359756,2.341884839359756,0.05955456409435323,0.059928555674557224,0.06258446297059032,0.2886751345948138,0.2886751345948138,0.2886751345948138,0.004811305701308407,0.004811305701308407,0.004811305701308407,0.00255,0.00255,0.0025500000000000006,0.004416729559300637,0.004416729559300638,0.004416729559300638,0.003817819125776723,0.003916963849298578,0.004019379613545125,0.008446067836551779,0.008821805059627357,0.008943501418778923,13.46301440559615,13.468326756668695,13.481355948897265,13.500108931935223,13.510227581905905,13.516294812941403,13.555272761036694,13.560102367829924,13.564418078423984,0.0,0.0,0.0,0.0,0.0,0.0,25.0,25.5,26.0,25.0,26.0,27.0,5.0,5.0,5.0,15.0,15.0,15.0
product_sine_graph,mean_curvature,0,0.003775,4,81,128,0.3535533905932738,70.91182178467855,70.91390358215122,70.91754766522496,14.018826622443736,14.019094121820658,14.01915356455826,2.341833733596762,2.3419040346395033,2.3419232299192503,0.07257422836001404,0.078393543616923,0.0841564777341638,0.2188486272156523,0.23094010767585105,0.24537386440559172,0.00345766012004776,0.0038490445610464426,0.004089609846111934,0.0037749999999999993,0.0037749999999999997,0.003775,0.0065384917985725115,0.0065384917985725115,0.0065384917985725115,0.005743156502749406,0.005782736896104408,0.005853557232050385,0.012041965416624887,0.013460341259593896,0.015108369768995277,13.338563471200978,13.352497593954308,13.385237005190513,13.403417365673995,13.436201191020967,13.46438102531105,13.49564045900699,13.500197752892676,13.506633269019174,0.0,0.0,0.0,0.0,0.0,0.0,24.75,25.0,25.5,25.0,25.0,25.5,5.0,5.0,5.25,15.0,15.0,15.0
product_sine_graph,mean_curvature,0,0.005,4,81,128,0.3535533905932738,70.91109642865929,70.91553962460026,70.92026568776953,14.017845768876182,14.02188706990679,14.028868120425305,2.3416220931876928,2.341646261730976,2.3418849885762585,0.10326189008080403,0.11308965664145618,0.12248488710021693,0.3229032473925099,0.3581684150492688,0.3662824163059959,0.004600962090921789,0.005088099879183345,0.0056355260186943725,0.005,0.005,0.005,0.008660254037844387,0.008660254037844387,0.008660254037844387,0.007784522795467477,0.008041522087314385,0.008223841339283394,0.015334632233131766,0.015691417508345323,0.01635502201846109,13.261963449492745,13.265649453556698,13.291708774798817,13.37587702981867,13.387402615240674,13.396915383274386,13.436519506678183,13.44492538473403,13.463634382038462,0.0,0.0,0.0,0.0,0.0,0.0,23.0,24.5,26.5,23.0,25.0,27.5,5.75,6.0,6.25,15.0,15.0,15.0
product_sine_graph,mean_curvature,1,0.0,1,289,512,0.3184516252539858,26.415404874449443,26.415404874449443,26.415404874449443,13.21879974379923,13.21879974379923,13.21879974379923,2.2767923470588047,2.2767923470588047,2.2767923470588047,0.0,0.0,0.0,0.0,0.0,0.0,0.0,0.0,0.0,0.0,0.0,0.0,0.0,0.0,0.0,0.0,0.0,0.0,0.0,0.0,0.0,9.874961397821242,9.874961397821242,9.874961397821242,9.874961397821242,9.874961397821242,9.874961397821242,9.874961397821352,9.874961397821352,9.874961397821352,0.0,0.0,0.0,0.0,0.0,0.0,55.0,55.0,55.0,63.0,63.0,63.0,9.0,9.0,9.0,59.0,59.0,59.0
product_sine_graph,mean_curvature,1,0.0001,4,289,512,0.3184516252539858,26.414754419517056,26.41502736679749,26.41553523328417,13.215647291500074,13.215899512949704,13.216151734399336,2.2763446733467307,2.2763847284349525,2.276425187437245,0.008014707090429557,0.008349394948327787,0.008600191964144238,0.2598076211353324,0.2886751345948138,0.3175426480542952,0.004330175131177025,0.004811305701307689,0.005292436271438565,9.999999999999999e-05,0.0001,0.0001,0.00017320508075688773,0.00017320508075688773,0.00017320508075688773,0.00015840996440208297,0.00015953452165486687,0.00015988447375093803,0.0003663826909909209,0.0003709099133038799,0.00037610911001295904,9.864923315573193,9.865509770483516,9.866555570071988,9.868713191291281,9.86916548059342,9.869893011506784,9.873614686221336,9.873682977973566,9.87388518610619,0.0,0.0,0.0,0.0,0.0,0.0,63.0,63.0,63.0,63.0,63.0,63.0,9.75,10.0,10.0,59.0,59.0,59.0
product_sine_graph,mean_curvature,1,0.001325,4,289,512,0.3184516252539858,26.41481533366436,26.416610800072853,26.41922516230584,13.215142784206147,13.21804302896118,13.221699117983484,2.276168810760829,2.27648859387289,2.2766839583275638,0.11202314205356778,0.11487326955130406,0.1173256969441469,0.24765533979710372,0.3023045256304693,0.3638909211086394,0.0021068872566682695,0.0025864117767686644,0.003716065531312682,0.001325,0.001325,0.001325,0.0022949673200287624,0.0022949673200287624,0.002294967320028763,0.00199960124894768,0.0020227327830012933,0.002034767515280885,0.005013584682991325,0.005327855161029238,0.005617246253950753,9.755153593110375,9.766052003065635,9.774221594576428,9.810498207015439,9.814113300385554,9.816443224070081,9.859957772315965,9.862375246900747,9.865631309587636,0.0,0.0,0.0,0.0,0.0,0.0,63.0,63.0,63.0,63.0,63.0,63.0,10.0,10.0,10.25,56.5,58.0,59.0
product_sine_graph,mean_curvature,1,0.00255,4,289,512,0.3184516252539858,26.40930898417023,26.41401699401694,26.42228826484801,13.214165270640576,13.220248633469954,13.225858481442806,2.2762069386670416,2.2764967254586645,2.2766118930128427,0.2143669384555806,0.21795520808943422,0.22192094052594868,0.3194575373953107,0.3341563218238055,0.3524876234590528,0.0030541314267611957,0.004039215701258544,0.004419112923215639,0.0025499999999999997,0.0025499999999999997,0.0025499999999999997,0.004416729559300637,0.004416729559300637,0.004416729559300637,0.0038755705165772663,0.003927330258475239,0.003966182152304447,0.01013185275119282,0.010759389936816292,0.011277580042263062,9.564851350612933,9.5840746200816,9.614887311470953,9.73354218397647,9.741739583477564,9.747429543496317,9.844033852830641,9.851221085681747,9.854809897975226,0.0,0.0,0.0,0.0,0.0,0.0,63.0,63.0,63.0,63.0,63.0,63.0,12.5,13.5,14.25,52.5,54.0,55.5
product_sine_graph,mean_curvature,1,0.003775,4,289,512,0.3184516252539858,26.39489771875605,26.398769661675097,26.403245857495413,13.212493971404761,13.214196892690168,13.223329875719248,2.2753066639955906,2.276859554466232,2.2788592029130257,0.31197349308743144,0.3147257424807286,0.3237653507921351,0.31217082451262934,0.366280482955033,0.4173292350275746,0.005018022349473546,0.005575779016507495,0.006153976577235205,0.0037750000000000006,0.0037750000000000006,0.0037750000000000006,0.006538491798572512,0.006538491798572512,0.006538491798572512,0.00574177934807201,0.005876457293886742,0.005971492814044111,0.0134746164050456,0.013770023341029274,0.014017768774990159,9.547665750865354,9.565007392680084,9.590756141480414,9.690332743643909,9.698581180654282,9.70536162867715,9.84118367108661,9.847057896286692,9.84906515131824,0.0,0.0,0.0,0.0,0.0,0.0,63.0,63.0,63.5,63.0,63.0,63.5,14.0,14.5,15.25,52.5,54.0,55.5
product_sine_graph,mean_curvature,1,0.005,4,289,512,0.3184516252539858,26.412495825080164,26.424290664021626,26.43670234940782,13.214921614382618,13.219745055006104,13.229035117184884,2.2766806726899107,2.2773590437261033,2.278353272149726,0.3989822746160009,0.41950616968916843,0.4380113588196691,0.5146880394047092,0.5430327858084592,0.5603886530253153,0.004207898457444914,0.006899452061343436,0.009012478195444507,0.004999999999999999,0.005,0.005,0.008660254037844387,0.008660254037844387,0.008660254037844387,0.007621377556409938,0.0077272460393150635,0.007805062282700794,0.017837103876211603,0.01802070743087439,0.01884262444124045,9.492365671008427,9.510874352886148,9.539866469945558,9.594936550508972,9.620628260800899,9.645695815313635,9.847317425259188,9.849080926003202,9.851212357507109,0.0,0.0,0.0,0.0,0.0,0.0,64.5,65.0,66.0,64.5,65.0,66.0,15.75,16.0,16.25,55.0,58.0,61.0
product_sine_graph,mean_curvature,2,0.0,1,1089,2048,0.17105294328577425,8.86017864857397,8.86017864857397,8.86017864857397,11.513036089581233,11.513036089581233,11.513036089581233,1.9625975431972313,1.9625975431972313,1.9625975431972313,0.0,0.0,0.0,0.0,0.0,0.0,0.0,0.0,0.0,0.0,0.0,0.0,0.0,0.0,0.0,0.0,0.0,0.0,0.0,0.0,0.0,9.156456042400311,9.156456042400311,9.156456042400311,9.156456042400311,9.156456042400311,9.156456042400311,9.186804082658096,9.186804082658096,9.186804082658096,0.0,0.0,0.0,0.0,0.0,0.0,116.0,116.0,116.0,127.0,127.0,127.0,11.0,11.0,11.0,109.0,109.0,109.0
product_sine_graph,mean_curvature,2,0.0001,4,1089,2048,0.17105294328577425,8.859405409290558,8.859722627625384,8.860038979183543,11.509416434670639,11.509488838697004,11.50956124272337,1.9619671423522391,1.9619968295742165,1.9620266329775633,0.020276640655618308,0.02059116541968764,0.020816765901234286,0.27424137786507313,0.2886751345948138,0.3031088913245545,0.004570740416242336,0.004811305701307621,0.00505187098637302,9.999999999999998e-05,0.00010000000000000002,0.00010000000000000003,0.0001732050807568877,0.00017320508075688776,0.00017320508075688778,0.00015236269594837368,0.00015332769917390235,0.0001542407114375592,0.0003861382454138609,0.0003951063546884224,0.00041059114842137667,9.147317998335305,9.14789701637886,9.148400054174525,9.15437305548843,9.154574080923336,9.154756545384295,9.187374009254054,9.187455586433106,9.187610244672202,0.0,0.0,0.0,0.0,0.0,0.0,127.0,127.0,127.0,127.0,127.0,127.0,12.0,12.0,12.0,118.5,119.0,119.5
product_sine_graph,mean_curvature,2,0.001325,4,1089,2048,0.17105294328577425,8.859926190214642,8.862767184756406,8.865180870315356,11.504092956761802,11.506592302226686,11.507461330518431,1.9629290476905255,1.963686230169416,1.9651646469876658,0.2642192078496126,0.2678804271860883,0.27159945513276756,0.21650635094611004,0.2344938609803065,0.2446794934901867,0.0021678088668119202,0.002535613779434429,0.003429238821104082,0.0013249999999999998,0.0013250000000000002,0.0013250000000000007,0.0022949673200287624,0.0022949673200287632,0.0022949673200287632,0.00202602269274517,0.002035479435467697,0.002047061856190434,0.00541922633383401,0.005598531292717976,0.005771607187838286,9.030497378203625,9.042191733722593,9.057029027171284,9.12392247881867,9.125118685685312,9.127276492785263,9.207671849398558,9.215121732864347,9.21908868716271,0.0,0.0,0.0,0.0,0.0,0.0,126.5,127.0,127.0,126.5,127.0,127.0,14.0,14.0,14.25,103.0,106.0,107.5
product_sine_graph,mean_curvature,2,0.00255,4,1089,2048,0.17105294328577425,8.857941767333317,8.860563355734827,8.86389107305778,11.487057208725615,11.492025924610779,11.496158476499593,1.969666326950829,1.9704039395391884,1.9710494829241663,0.5146169157259202,0.5177343842941136,0.5235178758086294,0.4723882413926792,0.528689929923817,0.5750863085066549,0.009370965906917992,0.00975519922300114,0.010043545330802752,0.0025500000000000006,0.002550000000000001,0.0025500000000000015,0.004416729559300638,0.004416729559300638,0.00441672955930064,0.0038678713629321276,0.0039011097160045307,0.003939302077878716,0.0104156454550736,0.010723407644494498,0.011127948473479957,8.902630311066114,8.921687560294039,8.94964730621809,9.083753961463986,9.09186315234166,9.1000937607005,9.244888590609534,9.249085150912283,9.252511180151526,0.0,0.0,0.0,0.0,0.0,0.0,118.5,122.0,125.0,118.5,122.0,125.0,17.0,18.0,19.25,82.0,90.0,96.0
product_sine_graph,mean_curvature,2,0.003775,4,1089,2048,0.17105294328577425,8.885612733634554,8.893030455263984,8.89984243641306,11.476782826421463,11.48346637195154,11.484083173976137,1.9697685328410712,1.9704088218579638,1.9713775395432704,0.7628875545496803,0.7680736275635571,0.7778779842510546,0.7745715578036528,0.8040596933651282,0.8245044700517601,0.011618556518924577,0.012220162724787277,0.012983270280006847,0.003774999999999998,0.0037749999999999984,0.003774999999999999,0.006538491798572509,0.006538491798572509,0.006538491798572511,0.005739514351819125,0.005776606056977431,0.005813194392246369,0.015673506367617683,0.0157272621532165,0.015833007136070585,8.814963418392782,8.821664975759557,8.83622438343366,9.027378082748548,9.037788069853157,9.047249632839529,9.27276168963914,9.279839320034686,9.282520476329056,0.0,0.0,0.0,0.0,0.0,0.0,116.5,118.0,121.0,116.5,118.0,121.0,17.0,18.5,20.25,68.5,73.0,78.5
product_sine_graph,mean_curvature,2,0.005,4,1089,2048,0.17105294328577425,8.912198130150722,8.924544807440126,8.93501945224451,11.472721225595913,11.475698711803384,11.4789661725375,1.9703942732753936,1.9723372932142307,1.973939331923746,0.9952448179904159,1.0114454937064954,1.0291440438243473,0.9520131751872222,1.0229621959509196,1.0588434248217158,0.012305295529655442,0.013701558631171534,0.014667494290292758,0.004999999999999999,0.005,0.005000000000000001,0.008660254037844385,0.008660254037844387,0.008660254037844387,0.007596607101975716,0.007687625642082863,0.007749565709519591,0.020397258399856275,0.021728878961568415,0.022930026315388492,8.67223450377923,8.68480239888169,8.708530638646293,8.974445825727964,8.988351320766553,9.007902565558354,9.271641896365226,9.282239319893687,9.291764614191575,0.0,0.0,0.0,0.0,0.0,0.0,113.25,116.0,117.5,113.5,116.0,117.5,19.5,21.0,22.25,66.0,69.0,71.5
helicoid_patch,gaussian_curvature,0,0.0,1,81,128,0.8409164552591997,62.89660841333563,62.89660841333563,62.89660841333563,0.3,0.3,0.3,0.04369990465283265,0.04369990465283265,0.04369990465283265,0.0,0.0,0.0,0.0,0.0,0.0,0.0,0.0,0.0,0.0,0.0,0.0,0.0,0.0,0.0,0.0,0.0,0.0,0.0,0.0,0.0,7.754723671539981,7.754723671539981,7.754723671539981,7.754723671539981,7.754723671539981,7.754723671539981,7.7547236715400745,7.7547236715400745,7.7547236715400745,0.0,0.0,0.0,0.0,0.0,0.0,3.0,3.0,3.0,5.0,5.0,5.0,1.0,1.0,1.0,1.0,1.0,1.0
helicoid_patch,gaussian_curvature,0,0.0001,4,81,128,0.8409164552591997,62.89558963110524,62.904166810442035,62.90872131978621,0.30818447632722035,0.31618383023469615,0.3346327036941724,0.03567898836181374,0.035701220376874135,0.03779808275462102,0.05489234171505637,0.06066947880812944,0.06746040377422365,0.1349335306374634,0.15236033621142733,0.1783761865766536,0.006893061495055234,0.008826050741439412,0.00917137105720707,0.0001,0.00010000000000000002,0.00010000000000000002,0.00017320508075688773,0.00017320508075688773,0.00017320508075688773,0.000153475796263197,0.0001553686786602754,0.00015717444341668336,0.00030394646086807665,0.00032658865362445946,0.0003545161483290163,7.7459854856392845,7.747423197541435,7.749365854722721,7.749601056346047,7.750138985735095,7.751112540434367,7.757254870466831,7.75980243180017,7.762460737675207,0.0,0.0,0.0,0.0,0.0,0.0,4.5,5.0,5.0,4.5,5.0,5.0,3.0,3.5,4.25,3.0,4.0,5.0
helicoid_patch,gaussian_curvature,0,0.001325,4,81,128,0.8409164552591997,62.863953224124025,63.03827418672469,63.27606320253062,0.8419719863735173,0.9317664616665629,1.0155951265646914,0.06190533593798955,0.07753707879224887,0.10735459397665294,0.8231284399986488,1.1870976097959358,1.5850161111325818,0.9273299499807892,0.994470186970124,1.0906357763662609,0.09735920550500879,0.11644778039061823,0.1494271210849158,0.001325,0.001325,0.001325,0.0022949673200287624,0.0022949673200287624,0.0022949673200287624,0.0020178035512892992,0.0020449813381584374,0.00212611767257039,0.00428222138802167,0.004369381099849688,0.004455364882988671,7.630108045209557,7.660964094229104,7.683240507183427,7.694907410631092,7.722328878892471,7.728100952323709,7.779880230176506,7.787782347497567,7.794475941073994,0.0,0.0,0.0,0.0,0.0,0.0,12.5,13.0,13.5,12.5,13.0,13.5,11.0,11.0,11.75,11.75,12.0,12.5
helicoid_patch,gaussian_curvature,0,0.00255,4,81,128,0.8409164552591997,62.44125661778838,62.608128052820085,62.92268748259582,1.1336240224092735,1.2565891897318997,1.3430209009336351,0.07282669665706427,0.1340558393962062,0.20487138258470536,1.5895219852713267,2.0227813161923573,2.6424233293148056,1.298614242767117,1.4162933169391425,1.4836505126368247,0.11062695383818913,0.17329222657345666,0.24484013842978872,0.00255,0.00255,0.00255,0.004416729559300637,0.004416729559300637,0.004416729559300637,0.003860824513010912,0.0038792541558406845,0.003932102582657571,0.008921801529748386,0.009264551146320226,0.009876469064314539,7.52809323384034,7.585925139008564,7.64031601564179,7.573166638004894,7.612273189162833,7.656557381840336,7.703770533355849,7.745921490666895,7.7782906361561,0.0,0.0,0.0,0.0,0.0,0.0,13.5,15.0,15.0,13.5,15.0,15.0,11.75,13.0,13.25,11.75,13.5,14.0
helicoid_patch,gaussian_curvature,0,0.003775,4,81,128,0.8409164552591997,63.81941421270271,64.08288433866153,64.2543915118356,2.0177990587933414,2.1846569955179653,2.4171482595144003,0.29167909709009504,0.3396832043400298,0.36294341395090995,3.4353295063948805,3.8128588892323974,4.210693968643222,2.18594495243038,2.3449998724903383,2.54895565548916,0.3309843247106416,0.37954058551071834,0.40057956762825,0.003775,0.003775,0.003775,0.006538491798572512,0.006538491798572512,0.006538491798572512,0.005742960063490447,0.005784398448098575,0.005820648097484084,0.012597498584804355,0.012993395537101812,0.013868862886218645,7.414721085701285,7.441072969610721,7.457841181396308,7.467680148713827,7.505860802447666,7.529065554780195,7.664588944423143,7.680519570708399,7.724555647294837,0.0,0.0,0.0,0.0,0.0,0.0,15.0,15.0,15.0,15.0,15.0,15.0,11.75,12.0,12.25,12.0,12.5,13.0
helicoid_patch,gaussian_curvature,0,0.005,4,81,128,0.8409164552591997,62.69394907465053,62.95057617924441,63.49032365214735,2.022267338918964,2.501068377762322,2.918124460715992,0.23133577878213746,0.29660576709911324,0.39788849568625867,3.001559759435905,3.790984806362389,4.6630832598053455,2.1634497758653994,2.636052504142225,3.0625346709222647,0.2687197845604018,0.3337586217900761,0.43636463150335425,0.005,0.005,0.005,0.008660254037844387,0.008660254037844387,0.008660254037844387,0.0076852409577602854,0.007795073252657744,0.007938164991615395,0.015270592492992171,0.015640241308743755,0.016394146429989348,7.2473700642989165,7.304393872951811,7.330965441710176,7.332298952466498,7.370838210286001,7.435435876104846,7.553994992872866,7.605094925563161,7.658536339363531,0.0,0.0,0.0,0.0,0.0,0.0,12.5,14.0,15.0,12.5,14.0,15.0,9.25,10.5,11.5,9.25,10.5,11.5
helicoid_patch,gaussian_curvature,1,0.0,1,289,512,0.4248776360725953,114.88802416748455,114.88802416748455,114.88802416748455,0.15275252316519466,0.15275252316519466,0.15275252316519466,0.012228019668800445,0.012228019668800445,0.012228019668800445,0.0,0.0,0.0,0.0,0.0,0.0,0.0,0.0,0.0,0.0,0.0,0.0,0.0,0.0,0.0,0.0,0.0,0.0,0.0,0.0,0.0,7.789096995321862,7.789096995321862,7.789096995321862,7.789096995321862,7.789096995321862,7.789096995321862,7.793225791949496,7.793225791949496,7.793225791949496,0.0,0.0,0.0,0.0,0.0,0.0,1.0,1.0,1.0,1.0,1.0,1.0,1.0,1.0,1.0,1.0,1.0,1.0
helicoid_patch,gaussian_curvature,1,0.0001,4,289,512,0.4248776360725953,114.85927273495084,114.86562402352271,114.89070849359409,0.7617347763648366,0.8553924380404994,0.91872939530126,0.03945571606701909,0.05710435043310427,0.07426015457127447,0.15998130086305948,0.17371720900161744,0.1823256829430392,0.7768009873465342,0.8837468778810988,0.9551426098454076,0.05073033024501406,0.06875855832021467,0.08593665247930905,9.999999999999998e-05,9.999999999999998e-05,9.999999999999999e-05,0.0001732050807568877,0.00017320508075688773,0.00017320508075688773,0.00014936682379793794,0.00015030758235937716,0.00015146155093351938,0.0003663943428175694,0.00036892160908269506,0.00038808246694536886,7.780422516362785,7.781743248960533,7.78255991750169,7.785075208590733,7.785709745203631,7.7864581371593005,7.794589535278843,7.795399867893389,7.796229874396096,0.0,0.0,0.0,0.0,0.0,0.0,23.0,23.0,25.0,23.0,23.0,25.0,16.0,18.0,21.25,21.0,22.0,24.5
helicoid_patch,gaussian_curvature,1,0.001325,4,289,512,0.4248776360725953,114.90178090022863,115.39863110783006,115.84467290549212,4.243389739318813,4.474267860457033,4.7598683948684215,0.47023375264226686,0.49984144586500256,0.5510174129909888,2.7537542084427615,3.0505531875523584,3.1647742976438735,4.300828360540431,4.533218040735914,4.812155509278406,0.4812072395064879,0.5112808323707421,0.5625595941433162,0.001325,0.001325,0.001325,0.0022949673200287624,0.0022949673200287624,0.002294967320028763,0.0020318310920367623,0.0020667160330081445,0.0020875034856341454,0.004674300351155445,0.004744114558566748,0.004976653416005208,7.578406779131041,7.598584399561206,7.634965139432053,7.723481437512308,7.73536826019417,7.745653149022578,7.870442483484741,7.872954667410436,7.875870716391619,0.0,0.0,0.0,0.0,0.0,0.0,32.5,34.5,36.25,32.5,35.0,37.0,22.0,23.0,24.75,23.0,24.0,25.75
helicoid_patch,gaussian_curvature,1,0.00255,4,289,512,0.4248776360725953,114.46849818934965,115.23573838874717,115.88654930498498,6.571244232245221,6.638257441707616,7.048653521051094,0.8968169642066064,0.9089015076882956,0.9380209443397444,4.382399781976312,4.87785825665556,5.349998759482099,6.61873340735594,6.686538577072646,7.094123987269126,0.9080096008233535,0.9201921707407044,0.9490131266260065,0.00255,0.00255,0.00255,0.004416729559300637,0.004416729559300637,0.004416729559300637,0.0039030582223504515,0.003973126528707665,0.004033023913897293,0.009395217935970712,0.009697904565462274,0.009906411045245107,7.564527680887532,7.583683526714639,7.6104596704606875,7.685332809151621,7.696806877907333,7.707659929012836,7.85912551337451,7.8822739629242715,7.904389071428184,0.0,0.0,0.0,0.0,0.0,0.0,54.5,59.0,61.25,54.5,60.0,63.0,36.5,39.5,42.0,39.25,42.0,43.5
helicoid_patch,gaussian_curvature,1,0.003775,4,289,512,0.4248776360725953,114.61331369913765,114.86955472860217,115.48258984986818,6.585807525379885,6.9387762381427205,7.340330622095917,1.1351217066108956,1.1832578910492901,1.2134688114662855,5.431620432470844,5.740311433664406,5.912223121994408,6.635965510554815,6.988437366240825,7.387741532458452,1.1463330597650225,1.1945545711981143,1.2246438078084045,0.0037750000000000006,0.0037750000000000006,0.0037750000000000006,0.006538491798572512,0.006538491798572512,0.006538491798572512,0.005771094329874324,0.005805774406324302,0.0058492271483526655,0.01323230129999724,0.013637097990180667,0.014219540512434039,7.361875223136511,7.404787957426002,7.44764753670582,7.588536612148159,7.615444216108411,7.654191693036783,7.893166785474133,7.903524048121994,7.913310528535943,0.0,0.0,0.0,0.0,0.0,0.0,73.75,76.0,77.75,75.5,77.0,79.0,44.75,46.5,48.75,49.75,51.5,53.25
helicoid_patch,gaussian_curvature,1,0.005,4,289,512,0.4248776360725953,114.22634623999497,114.80359699117648,115.32002383553238,7.473750727743447,7.535601384420593,7.5970585460808095,1.2546191624174412,1.3164500900806728,1.390433019595998,6.837969039063328,8.478925088694982,9.794561697770488,7.526633789941219,7.5863262441312465,7.645385062072397,1.2659263164762384,1.3279457446112195,1.401874353914393,0.004999999999999999,0.004999999999999999,0.005,0.008660254037844387,0.008660254037844387,0.008660254037844387,0.007676196214446313,0.007734596496493681,0.007806723151697445,0.018415628689817262,0.019115649224458922,0.019664357910790978,7.106704920917207,7.235780812607391,7.338001864078904,7.459634801190979,7.490871370287409,7.51412735156525,7.87541608427289,7.899271204928074,7.9134736000076344,0.0,0.0,0.0,0.0,0.0,0.0,85.25,87.5,94.0,88.5,90.0,96.5,52.25,53.5,56.25,59.5,60.5,63.5
helicoid_patch,gaussian_curvature,2,0.0,1,1089,2048,0.21379790153434586,210.4102878067042,210.4102878067042,210.4102878067042,0.08164965809277261,0.08164965809277261,0.08164965809277261,0.0035590376467794656,0.0035590376467794656,0.0035590376467794656,0.0,0.0,0.0,0.0,0.0,0.0,0.0,0.0,0.0,0.0,0.0,0.0,0.0,0.0,0.0,0.0,0.0,0.0,0.0,0.0,0.0,7.754875642182793,7.754875642182793,7.754875642182793,7.754875642182935,7.754875642182935,7.754875642182935,7.932164273530766,7.932164273530766,7.932164273530766,0.0,0.0,0.0,0.0,0.0,0.0,6.0,6.0,6.0,11.0,11.0,11.0,1.0,1.0,1.0,1.0,1.0,1.0
helicoid_patch,gaussian_curvature,2,0.0001,4,1089,2048,0.21379790153434586,210.29632475480835,210.36899122458067,210.45142120488134,4.12302965811249,4.4908776280385725,4.803619749804886,0.26604625980439695,0.29987383171405124,0.3654572234062085,0.47689159523088454,0.5219455351274533,0.5584573938486183,4.14601054135486,4.513826802742821,4.82578792762677,0.26901976361714086,0.3031499122698098,0.3688620086048679,0.00010000000000000003,0.00010000000000000005,0.00010000000000000005,0.00017320508075688778,0.00017320508075688778,0.0001732050807568878,0.0001520138251104946,0.00015398759543495206,0.00015595840419672832,0.00041260286145350654,0.00041942639136459474,0.0004208425209988526,7.7418097712498355,7.742807648069187,7.74441582116803,7.753059528859531,7.753149461938543,7.753312607813029,7.932704665847904,7.933235915713913,7.933871300084384,0.0,0.0,0.0,0.0,0.0,0.0,68.0,70.0,71.5,68.0,70.0,71.5,44.25,45.5,46.0,54.5,56.0,57.25
helicoid_patch,gaussian_curvature,2,0.001325,4,1089,2048,0.21379790153434586,211.05486741243777,211.29686044783324,211.6174449212742,15.64592598580492,15.876591112393417,16.451592931657164,2.238654535078677,2.3627960719349783,2.5207831290266443,5.703913927032072,6.6636216394686505,7.297202260478392,15.6597200777135,15.890651139017415,16.466071565354213,2.241824862086181,2.3659790246150587,2.524006402207165,0.0013249999999999996,0.0013249999999999998,0.0013250000000000002,0.002294967320028762,0.0022949673200287624,0.002294967320028763,0.0020247983640432794,0.0020274211785329048,0.0020299039193311906,0.005478220251849082,0.005679476285991061,0.005945079215954651,7.628849753035917,7.634403209545658,7.639278074471283,7.716204424331325,7.71670828435926,7.717861431906971,7.944749109631254,7.94557814780001,7.9498699135792945,0.0,0.0,0.0,0.0,0.0,0.0,361.0,367.0,376.0,374.0,379.0,389.0,153.25,157.5,161.0,213.25,221.0,225.75
helicoid_patch,gaussian_curvature,2,0.00255,4,1089,2048,0.21379790153434586,209.11619146673496,209.8366996374793,210.48102727833214,15.053804299403655,15.62680759501849,16.343213427915586,3.0638957785935057,3.2202955327479375,3.3741030684806566,10.21403897431395,11.257305918527887,12.274979779461948,15.071184486022453,15.64354935513962,16.3595806433819,3.0672329149364437,3.223596829160953,3.3773526300877115,0.0025499999999999997,0.00255,0.00255,0.0044167295593006365,0.0044167295593006365,0.004416729559300638,0.003887179070389119,0.003910828821644985,0.003928292924080316,0.010184450549857546,0.010516578972374695,0.010792981938827106,7.493960064880388,7.5082937322516585,7.522830109760034,7.691992149295943,7.711676330016985,7.716369610841382,7.940097278549198,7.94724691136172,7.959427771528462,0.0,0.0,0.0,0.0,0.0,0.0,464.0,479.5,491.75,484.5,501.0,513.5,172.5,177.0,179.75,247.5,260.0,275.75
helicoid_patch,gaussian_curvature,2,0.003775,4,1089,2048,0.21379790153434586,208.66489835712258,209.71721202368218,210.04462422593224,18.03629349693179,18.558440855209806,18.743689051069133,4.653685653720111,4.841223310357264,4.891746304073854,16.461646798379483,17.992933463641037,22.15619989463838,18.05078602449235,18.57271210248805,18.758750988439388,4.656859917891064,4.844386554513566,4.894936854688121,0.0037750000000000006,0.0037750000000000006,0.003775000000000001,0.006538491798572513,0.006538491798572513,0.006538491798572513,0.005747263484128398,0.005776718284713338,0.005802657904991006,0.015315478579393945,0.015564499426863339,0.016414369579493163,7.374158895188312,7.408900230519173,7.449375026446536,7.63834944336426,7.651961111818762,7.658499609197261,7.933292180069498,7.940451888744082,7.945645446460973,0.0,0.0,0.0,0.0,0.0,0.0,522.0,528.5,533.25,543.0,550.0,554.5,179.75,182.0,184.75,272.0,273.5,276.75
helicoid_patch,gaussian_curvature,2,0.005,4,1089,2048,0.21379790153434586,207.28833225054268,209.6167231407233,213.28469408783928,20.875159794664306,22.1847309412293,23.164165519851764,6.095623539250951,6.525260618007238,6.734047129861137,22.211939167318306,26.49653668878446,34.382323854277175,20.889174542283087,22.198240804102923,23.177620732759777,6.098763471838668,6.5283933048304075,6.737181523620181,0.004999999999999998,0.004999999999999999,0.005,0.008660254037844383,0.008660254037844383,0.008660254037844387,0.007581764094554886,0.007680980159179836,0.007772249724106887,0.021141579657092107,0.021292321392146485,0.0220031285006867,7.194344223640248,7.218436892411933,7.2582256323370675,7.554550953017539,7.602681402955648,7.647113000774361,7.940790651092719,7.945045558522722,7.950896380856253,0.0,0.0,0.0,0.0,0.0,0.0,535.75,541.0,543.75,553.0,559.0,564.5,173.75,176.5,178.5,259.0,264.0,269.25
helicoid_patch,mean_curvature,0,0.0,1,81,128,0.8409164552591997,1.3009849447650925,1.3009849447650925,1.3009849447650925,0.3366501646120691,0.3366501646120691,0.3366501646120691,0.018496668591159747,0.018496668591159747,0.018496668591159747,0.0,0.0,0.0,0.0,0.0,0.0,0.0,0.0,0.0,0.0,0.0,0.0,0.0,0.0,0.0,0.0,0.0,0.0,0.0,0.0,0.0,7.754723671539981,7.754723671539981,7.754723671539981,7.754723671539981,7.754723671539981,7.754723671539981,7.7547236715400745,7.7547236715400745,7.7547236715400745,0.0,0.0,0.0,0.0,0.0,0.0,9.0,9.0,9.0,9.0,9.0,9.0,7.0,7.0,7.0,7.0,7.0,7.0
helicoid_patch,mean_curvature,0,0.0001,4,81,128,0.8409164552591997,1.3011386918645267,1.3012503422967867,1.301415949878756,0.3818766047569059,0.3935580157676366,0.4051709639405193,0.02092903267483477,0.021646562247466146,0.022349637222970946,0.00922103052660959,0.009854240134270116,0.0104344448479912,0.13956439237389617,0.15802591967537005,0.16329931618554527,0.002652764070877196,0.0033279503262696446,0.004028499819940499,0.0001,0.00010000000000000002,0.00010000000000000002,0.00017320508075688773,0.00017320508075688773,0.00017320508075688773,0.000153475796263197,0.0001553686786602754,0.00015717444341668336,0.00030394646086807665,0.00032658865362445946,0.0003545161483290163,7.7459854856392845,7.747423197541435,7.749365854722721,7.749601056346047,7.750138985735095,7.751112540434367,7.757254870466831,7.75980243180017,7.762460737675207,0.0,0.0,0.0,0.0,0.0,0.0,22.5,23.0,24.5,22.5,23.0,24.5,7.5,8.0,8.0,8.5,10.0,11.0
helicoid_patch,mean_curvature,0,0.001325,4,81,128,0.8409164552591997,1.3052526526641866,1.3060559135462904,1.3070952970577938,1.0435923685461015,1.172478493925862,1.2999830309762792,0.05455069898205182,0.06154303519578836,0.06867907333776559,0.11210176948916847,0.11471232788373475,0.11968285570308641,1.0586137840513075,1.1218569108125054,1.222292585789048,0.0385752040611497,0.04559202740070095,0.053010028578848,0.001325,0.001325,0.001325,0.0022949673200287624,0.0022949673200287624,0.0022949673200287624,0.0020178035512892992,0.0020449813381584374,0.00212611767257039,0.00428222138802167,0.004369381099849688,0.004455364882988671,7.630108045209557,7.660964094229104,7.683240507183427,7.694907410631092,7.722328878892471,7.728100952323709,7.779880230176506,7.787782347497567,7.794475941073994,0.0,0.0,0.0,0.0,0.0,0.0,29.75,31.5,33.5,31.0,32.0,33.5,15.0,16.0,17.25,23.0,24.0,25.0
helicoid_patch,mean_curvature,0,0.00255,4,81,128,0.8409164552591997,1.3222498896253607,1.3240325727172222,1.3285975941133872,1.645272897161654,1.7736185135443248,1.8781106475365863,0.11315481510662546,0.12098803383652848,0.12567800247230423,0.22363105096904873,0.232628999734032,0.24794114917540536,1.6306489259903,1.7316166803355297,1.8165992729513998,0.09934266876569524,0.10710641111432792,0.11114529771214038,0.00255,0.00255,0.00255,0.004416729559300637,0.004416729559300637,0.004416729559300637,0.003860824513010912,0.0038792541558406845,0.003932102582657571,0.008921801529748386,0.009264551146320226,0.009876469064314539,7.52809323384034,7.585925139008564,7.64031601564179,7.573166638004894,7.612273189162833,7.656557381840336,7.703770533355849,7.745921490666895,7.7782906361561,0.0,0.0,0.0,0.0,0.0,0.0,32.75,33.0,34.0,33.0,33.0,34.5,21.75,22.5,23.0,29.0,31.0,31.0
helicoid_patch,mean_curvature,0,0.003775,4,81,128,0.8409164552591997,1.3321813008064085,1.3365283571552937,1.344765630221412,1.5934497074067542,1.729403335879494,1.8554576487942762,0.09934573039461177,0.11501893154768122,0.1305788092857431,0.295729257538297,0.3039467779565752,0.32518305069581177,1.649598016898199,1.7831867934326433,1.8515172021879447,0.08653719851551872,0.10171985666828479,0.11898490194118684,0.003775,0.003775,0.003775,0.006538491798572512,0.006538491798572512,0.006538491798572512,0.005742960063490447,0.005784398448098575,0.005820648097484084,0.012597498584804355,0.012993395537101812,0.013868862886218645,7.414721085701285,7.441072969610721,7.457841181396308,7.467680148713827,7.505860802447666,7.529065554780195,7.664588944423143,7.680519570708399,7.724555647294837,0.0,0.0,0.0,0.0,0.0,0.0,30.0,32.0,33.75,30.0,32.0,34.0,21.5,23.5,26.0,22.5,27.0,31.5
helicoid_patch,mean_curvature,0,0.005,4,81,128,0.8409164552591997,1.3742553120598855,1.3825972929269632,1.3886207542001745,2.2733711076149783,2.3463891121906286,2.456011178939831,0.18879904127865835,0.1921264989733908,0.2057210937221219,0.42955432789672754,0.4512976204288599,0.47189578992570796,2.2462812528492133,2.3138981165113526,2.397738362470373,0.1784107326534908,0.18112550762763546,0.1939075803687005,0.005,0.005,0.005,0.008660254037844387,0.008660254037844387,0.008660254037844387,0.0076852409577602854,0.007795073252657744,0.007938164991615395,0.015270592492992171,0.015640241308743755,0.016394146429989348,7.2473700642989165,7.304393872951811,7.330965441710176,7.332298952466498,7.370838210286001,7.435435876104846,7.553994992872866,7.605094925563161,7.658536339363531,0.0,0.0,0.0,0.0,0.0,0.0,33.5,34.5,35.0,34.5,35.0,35.0,24.0,26.0,28.25,28.5,31.0,33.0
helicoid_patch,mean_curvature,1,0.0,1,289,512,0.4248776360725953,0.9403987419968158,0.9403987419968158,0.9403987419968158,0.30550504633038966,0.30550504633038966,0.30550504633038966,0.01665321679525104,0.01665321679525104,0.01665321679525104,0.0,0.0,0.0,0.0,0.0,0.0,0.0,0.0,0.0,0.0,0.0,0.0,0.0,0.0,0.0,0.0,0.0,0.0,0.0,0.0,0.0,7.789096995321862,7.789096995321862,7.789096995321862,7.789096995321862,7.789096995321862,7.789096995321862,7.793225791949496,7.793225791949496,7.793225791949496,0.0,0.0,0.0,0.0,0.0,0.0,19.0,19.0,19.0,19.0,19.0,19.0,4.0,4.0,4.0,5.0,5.0,5.0
helicoid_patch,mean_curvature,1,0.0001,4,289,512,0.4248776360725953,0.9405925474047572,0.9406154023015837,0.9406317321955528,1.2947956068552313,1.3815535462915758,1.4622654893596971,0.026687001286909203,0.02737838893054009,0.03033464445756672,0.017766106751359,0.01829286784361709,0.018805081262211424,1.25398894245237,1.3621568747315527,1.4762342705523164,0.011729786186732174,0.01216383907354408,0.014744690763863328,9.999999999999998e-05,9.999999999999998e-05,9.999999999999999e-05,0.0001732050807568877,0.00017320508075688773,0.00017320508075688773,0.00014936682379793794,0.00015030758235937716,0.00015146155093351938,0.0003663943428175694,0.00036892160908269506,0.00038808246694536886,7.780422516362785,7.781743248960533,7.78255991750169,7.785075208590733,7.785709745203631,7.7864581371593005,7.794589535278843,7.795399867893389,7.796229874396096,0.0,0.0,0.0,0.0,0.0,0.0,129.5,132.0,134.25,134.0,137.0,139.5,6.5,7.5,8.25,49.0,51.0,58.0
helicoid_patch,mean_curvature,1,0.001325,4,289,512,0.4248776360725953,0.9722308479417576,0.9742358437651113,0.9762414953970358,7.477861962247172,7.696150702352224,7.844401745269519,0.33345354999536275,0.35004779078365256,0.36466376789716914,0.2462784822686586,0.25299002866379483,0.2593956976248805,7.558549974779553,7.782702234297825,7.933635489214099,0.32549015874967796,0.3436952569404111,0.36080940322256333,0.001325,0.001325,0.001325,0.0022949673200287624,0.0022949673200287624,0.002294967320028763,0.0020318310920367623,0.0020667160330081445,0.0020875034856341454,0.004674300351155445,0.004744114558566748,0.004976653416005208,7.578406779131041,7.598584399561206,7.634965139432053,7.723481437512308,7.73536826019417,7.745653149022578,7.870442483484741,7.872954667410436,7.875870716391619,0.0,0.0,0.0,0.0,0.0,0.0,145.0,147.0,150.25,153.0,154.0,156.0,43.25,45.5,47.5,122.0,124.0,125.0
helicoid_patch,mean_curvature,1,0.00255,4,289,512,0.4248776360725953,1.0578270140065333,1.0677054955562073,1.0694095952619467,9.597699114861985,10.021147775103158,10.44780936392283,0.7394876728348325,0.8230121053390179,0.8906720824853811,0.4691854684758252,0.500002167482138,0.5151479094367941,9.638142198549607,10.045753301029222,10.454233810404324,0.7372526381458845,0.8202239792250293,0.8864291385563489,0.00255,0.00255,0.00255,0.004416729559300637,0.004416729559300637,0.004416729559300637,0.0039030582223504515,0.003973126528707665,0.004033023913897293,0.009395217935970712,0.009697904565462274,0.009906411045245107,7.564527680887532,7.583683526714639,7.6104596704606875,7.685332809151621,7.696806877907333,7.707659929012836,7.85912551337451,7.8822739629242715,7.904389071428184,0.0,0.0,0.0,0.0,0.0,0.0,137.75,140.5,143.5,143.5,146.0,149.0,67.75,69.0,70.25,118.5,124.0,127.5
helicoid_patch,mean_curvature,1,0.003775,4,289,512,0.4248776360725953,1.1372082662605347,1.1565428116391097,1.1724515665107875,11.612274487105063,12.182283067257263,12.753953951649999,1.1546069085938302,1.245010486451195,1.338684994290631,0.6330202420215809,0.6727183247347197,0.7057402430078822,11.615386224501343,12.175850178792722,12.759088342033866,1.1511012047542075,1.2416840481139437,1.336835112508618,0.0037750000000000006,0.0037750000000000006,0.0037750000000000006,0.006538491798572512,0.006538491798572512,0.006538491798572512,0.005771094329874324,0.005805774406324302,0.0058492271483526655,0.01323230129999724,0.013637097990180667,0.014219540512434039,7.361875223136511,7.404787957426002,7.44764753670582,7.588536612148159,7.615444216108411,7.654191693036783,7.893166785474133,7.903524048121994,7.913310528535943,0.0,0.0,0.0,0.0,0.0,0.0,142.25,145.0,149.75,148.5,153.0,158.0,72.0,74.0,77.0,121.5,123.0,126.5
helicoid_patch,mean_curvature,1,0.005,4,289,512,0.4248776360725953,1.2927985955820627,1.3184978894952992,1.343755146125276,14.214412898485456,14.378708325096277,14.570371129271773,2.016797762943992,2.082041961218928,2.1460301705762825,0.9012951261501372,0.935879198184427,0.9670148894768034,14.195887658955655,14.371352142557251,14.56668042780975,2.0144879534896876,2.080379749567163,2.1446757974101907,0.004999999999999999,0.004999999999999999,0.005,0.008660254037844387,0.008660254037844387,0.008660254037844387,0.007676196214446313,0.007734596496493681,0.007806723151697445,0.018415628689817262,0.019115649224458922,0.019664357910790978,7.106704920917207,7.235780812607391,7.338001864078904,7.459634801190979,7.490871370287409,7.51412735156525,7.87541608427289,7.899271204928074,7.9134736000076344,0.0,0.0,0.0,0.0,0.0,0.0,149.25,152.0,154.75,152.0,156.0,160.0,87.5,90.0,92.25,128.75,132.0,137.0
helicoid_patch,mean_curvature,2,0.0,1,1089,2048,0.21379790153434586,0.6512614615365746,0.6512614615365746,0.6512614615365746,0.2645751311064591,0.2645751311064591,0.2645751311064591,0.013881142284088474,0.013881142284088474,0.013881142284088474,0.0,0.0,0.0,0.0,0.0,0.0,0.0,0.0,0.0,0.0,0.0,0.0,0.0,0.0,0.0,0.0,0.0,0.0,0.0,0.0,0.0,7.754875642182793,7.754875642182793,7.754875642182793,7.754875642182935,7.754875642182935,7.754875642182935,7.932164273530766,7.932164273530766,7.932164273530766,0.0,0.0,0.0,0.0,0.0,0.0,25.0,25.0,25.0,25.0,25.0,25.0,4.0,4.0,4.0,5.0,5.0,5.0
helicoid_patch,mean_curvature,2,0.0001,4,1089,2048,0.21379790153434586,0.6524157167451383,0.6524327331819721,0.6524484047820003,10.940098615932865,11.380998276360877,11.753217943610247,0.09401041086694589,0.09797348173543739,0.09920324689805121,0.03679852489386412,0.03762173333200482,0.03849849012918691,11.045664941347196,11.493341996852273,11.86966736844727,0.08689970255478101,0.090252135662441,0.0920205925409358,0.00010000000000000003,0.00010000000000000005,0.00010000000000000005,0.00017320508075688778,0.00017320508075688778,0.0001732050807568878,0.0001520138251104946,0.00015398759543495206,0.00015595840419672832,0.00041260286145350654,0.00041942639136459474,0.0004208425209988526,7.7418097712498355,7.742807648069187,7.74441582116803,7.753059528859531,7.753149461938543,7.753312607813029,7.932704665847904,7.933235915713913,7.933871300084384,0.0,0.0,0.0,0.0,0.0,0.0,573.5,586.0,598.25,594.5,607.0,619.5,11.75,12.5,13.0,432.5,447.0,452.0
helicoid_patch,mean_curvature,2,0.001325,4,1089,2048,0.21379790153434586,0.8238816017428251,0.8248464638439839,0.831051170181142,42.32013990028018,43.521516704740904,44.587123904529015,3.4404836261289597,3.462860428938721,3.5262512134369874,0.5038257440347259,0.5057300675406484,0.5161952736024324,42.36525241335004,43.57436782223367,44.64693139670634,3.4408815225248572,3.4633976610812605,3.526759869279219,0.0013249999999999996,0.0013249999999999998,0.0013250000000000002,0.002294967320028762,0.0022949673200287624,0.002294967320028763,0.0020247983640432794,0.0020274211785329048,0.0020299039193311906,0.005478220251849082,0.005679476285991061,0.005945079215954651,7.628849753035917,7.634403209545658,7.639278074471283,7.716204424331325,7.71670828435926,7.717861431906971,7.944749109631254,7.94557814780001,7.9498699135792945,0.0,0.0,0.0,0.0,0.0,0.0,596.5,605.0,609.0,612.5,626.0,637.5,108.25,109.0,109.25,469.5,476.0,483.5
helicoid_patch,mean_curvature,2,0.00255,4,1089,2048,0.21379790153434586,1.171318176747917,1.1827161810745128,1.1908453315702212,58.74428332853615,60.2013591107567,61.69654016001819,9.088748510448726,9.180003333506313,9.337557765633115,0.9727566256267579,0.9855391027682048,0.9953089883345656,58.76614598559102,60.21931280818242,61.709394575638996,9.08980852009542,9.181018788215221,9.33831957792903,0.0025499999999999997,0.00255,0.00255,0.0044167295593006365,0.0044167295593006365,0.004416729559300638,0.003887179070389119,0.003910828821644985,0.003928292924080316,0.010184450549857546,0.010516578972374695,0.010792981938827106,7.493960064880388,7.5082937322516585,7.522830109760034,7.691992149295943,7.711676330016985,7.716369610841382,7.940097278549198,7.94724691136172,7.959427771528462,0.0,0.0,0.0,0.0,0.0,0.0,596.25,607.5,620.0,622.5,637.0,649.0,177.5,182.0,183.5,486.25,500.0,505.5
helicoid_patch,mean_curvature,2,0.003775,4,1089,2048,0.21379790153434586,1.5696163806836645,1.589057819385567,1.5923772967546743,71.87055783825267,73.33592599359315,73.94060686856791,15.773616477790611,16.26798619739266,16.449841872402317,1.4276667312074247,1.4494247134344986,1.453938143679138,71.87518893826908,73.34000443132717,73.94435403126953,15.774816798926143,16.269142807933857,16.450899282794726,0.0037750000000000006,0.0037750000000000006,0.003775000000000001,0.006538491798572513,0.006538491798572513,0.006538491798572513,0.005747263484128398,0.005776718284713338,0.005802657904991006,0.015315478579393945,0.015564499426863339,0.016414369579493163,7.374158895188312,7.408900230519173,7.449375026446536,7.63834944336426,7.651961111818762,7.658499609197261,7.933292180069498,7.940451888744082,7.945645446460973,0.0,0.0,0.0,0.0,0.0,0.0,607.0,612.5,626.0,625.5,632.0,647.5,219.25,222.5,225.25,492.5,501.0,505.75
helicoid_patch,mean_curvature,2,0.005,4,1089,2048,0.21379790153434586,1.9539154079901162,1.9906812294929157,2.010796911786561,81.0275738313826,81.9618665697005,83.50629182670335,21.281878311853127,21.69184505983095,22.091573695396743,1.8417588677653962,1.8816450997548673,1.9030122706225558,81.0280009788951,81.96230026547795,83.50789341789613,21.283043509246696,21.693060789513567,22.092870033168634,0.004999999999999998,0.004999999999999999,0.005,0.008660254037844383,0.008660254037844383,0.008660254037844387,0.007581764094554886,0.007680980159179836,0.007772249724106887,0.021141579657092107,0.021292321392146485,0.0220031285006867,7.194344223640248,7.218436892411933,7.2582256323370675,7.554550953017539,7.602681402955648,7.647113000774361,7.940790651092719,7.945045558522722,7.950896380856253,0.0,0.0,0.0,0.0,0.0,0.0,601.5,620.0,638.0,626.0,641.0,657.0,221.5,225.0,228.0,462.0,476.0,483.5
pseudosphere_patch,gaussian_curvature,0,0.0,1,72,128,0.3224065509534283,33.23434969174489,33.23434969174489,33.23434969174489,0.0,0.0,0.0,0.0,0.0,0.0,0.0,0.0,0.0,0.0,0.0,0.0,0.0,0.0,0.0,0.0,0.0,0.0,0.0,0.0,0.0,0.0,0.0,0.0,0.0,0.0,0.0,6.142821920581892,6.142821920581892,6.142821920581892,6.142821920581892,6.142821920581892,6.142821920581892,6.14282192058201,6.14282192058201,6.14282192058201,0.0,0.0,0.0,0.0,0.0,0.0,9.0,9.0,9.0,16.0,16.0,16.0,0.0,0.0,0.0,0.0,0.0,0.0
pseudosphere_patch,gaussian_curvature,0,0.0001,4,72,128,0.3224065509534283,33.23127359161376,33.23427546239343,33.237187540793414,0.09541241452319331,0.11454972243679032,0.1508307561419176,0.0016305975297165735,0.00243374785293721,0.0031992991581947672,0.028530226353105946,0.03345548409579325,0.041027866571172446,0.09541241452319331,0.11454972243679032,0.1508307561419176,0.0016305975297165735,0.00243374785293721,0.0031992991581947672,9.999999999999998e-05,9.999999999999999e-05,0.0001,0.00017320508075688773,0.00017320508075688773,0.00017320508075688773,0.00014856207907784776,0.00015114079407414977,0.0001537008537374197,0.00031268834306407247,0.00032642239396463336,0.0003607836890379101,6.135684147427508,6.1371220031551665,6.1382713092430565,6.137620167721375,6.1386918402204085,6.139644403299009,6.141570775515408,6.142596931111141,6.143426217697084,0.0,0.0,0.0,0.0,0.0,0.0,21.5,23.0,25.25,21.5,23.0,26.0,3.75,4.0,4.25,4.0,4.0,5.5
pseudosphere_patch,gaussian_curvature,0,0.001325,4,72,128,0.3224065509534283,33.219016210728405,33.243191317558995,33.28253945709364,0.8915546264424076,0.9091455775716579,0.9458755079791599,0.0323094589098608,0.034956337109082455,0.038004815899216324,0.4577320799182421,0.4797838434857675,0.4986420019558881,0.8915546264424076,0.9091455775716579,0.9458755079791599,0.0323094589098608,0.034956337109082455,0.038004815899216324,0.001325,0.001325,0.001325,0.002294967320028762,0.002294967320028762,0.002294967320028762,0.0020237514677469053,0.002060940076387913,0.0020932285881266827,0.004223580750606227,0.0044281876293149666,0.0046362758807973374,6.015517047431502,6.026895701807309,6.0392374329091,6.046699328791856,6.056383248371175,6.069321062394318,6.115018684523737,6.123699733851938,6.132637971482143,0.0,0.0,0.0,0.0,0.0,0.0,31.5,32.0,33.0,31.5,32.0,33.0,16.75,19.0,21.25,23.5,25.0,26.5
pseudosphere_patch,gaussian_curvature,0,0.00255,4,72,128,0.3224065509534283,33.18675002145186,33.28995926675053,33.36302046642812,1.1614873012379925,1.205539583768686,1.3046628842823236,0.05894408819612891,0.06694664981925975,0.08200582135177567,0.633699121839937,0.7337732630625717,0.8803940088147636,1.1614873012379925,1.205539583768686,1.3046628842823236,0.05894408819612891,0.06694664981925975,0.08200582135177567,0.00255,0.00255,0.00255,0.0044167295593006365,0.0044167295593006365,0.004416729559300637,0.003761273426045113,0.0038963471616751955,0.004021479958681819,0.007708964832753823,0.008347000242794094,0.009256843010413473,5.947900644099972,5.973184508608055,6.002239917772464,5.99356742180948,6.012293349150784,6.027873138231474,6.099956085288857,6.130814772167803,6.158498396397774,0.0,0.0,0.0,0.0,0.0,0.0,34.5,35.0,35.25,35.5,36.0,36.0,18.25,20.0,21.5,22.5,25.0,26.5
pseudosphere_patch,gaussian_curvature,0,0.003775,4,72,128,0.3224065509534283,33.25923373428395,33.280771731242055,33.310267416190754,1.729160256395084,1.8142740985217438,1.9417071560413346,0.11846455287621645,0.12798898288621077,0.14714157770177433,1.018492713992225,1.0945771791236183,1.1811767495451952,1.729160256395084,1.8142740985217438,1.9417071560413346,0.11846455287621645,0.12798898288621077,0.14714157770177433,0.0037750000000000006,0.0037750000000000006,0.003775000000000001,0.006538491798572512,0.006538491798572512,0.006538491798572513,0.005654950007536999,0.0057194003615517516,0.005853896926195612,0.012343195630803093,0.012655738795949972,0.014189279798458809,5.922326389119845,5.952860580429864,5.9813127826631165,5.971135608824044,5.99758689391286,6.025614837868206,6.094622897604683,6.104132860793117,6.116640871089895,0.0,0.0,0.0,0.0,0.0,0.0,31.0,33.5,37.25,32.5,35.0,38.5,20.5,21.5,24.0,25.5,27.0,30.5
pseudosphere_patch,gaussian_curvature,0,0.005,4,72,128,0.3224065509534283,33.367898338317936,33.442485859293384,33.517072757032594,1.755475169958894,1.8416562149544502,1.9178413623075092,0.14384347415738066,0.15534179911781576,0.15782708291087916,1.7308239836870531,1.8205356052554893,2.0882964648865636,1.755475169958894,1.8416562149544502,1.9178413623075092,0.14384347415738066,0.15534179911781576,0.15782708291087916,0.005,0.005,0.005,0.008660254037844387,0.008660254037844387,0.008660254037844388,0.0075411513501607245,0.007782745116641213,0.008027100684787344,0.015552208264510233,0.01704777754388602,0.01898812954487894,5.700882422727885,5.764901998605122,5.825092549198092,5.735588267313071,5.819375198996634,5.895182837768023,5.993470168697942,6.045224444301651,6.116652773320151,0.0,0.0,0.0,0.0,0.0,0.0,35.25,37.0,39.25,35.5,37.0,39.5,23.25,24.0,24.25,26.0,27.0,28.5
pseudosphere_patch,gaussian_curvature,1,0.0,1,272,512,0.1640889613657973,50.69420778282216,50.69420778282216,50.69420778282216,0.0,0.0,0.0,0.0,0.0,0.0,0.0,0.0,0.0,0.0,0.0,0.0,0.0,0.0,0.0,0.0,0.0,0.0,0.0,0.0,0.0,0.0,0.0,0.0,0.0,0.0,0.0,4.759285428211232,4.759285428211232,4.759285428211232,4.759285428211309,4.759285428211309,4.759285428211309,4.759285428211386,4.759285428211386,4.759285428211386,0.0,0.0,0.0,0.0,0.0,0.0,23.0,23.0,23.0,26.0,26.0,26.0,0.0,0.0,0.0,0.0,0.0,0.0
pseudosphere_patch,gaussian_curvature,1,0.0001,4,272,512,0.1640889613657973,50.688739604487274,50.691694377356306,50.69305122697834,1.1739454605074167,1.2220398043332457,1.3252987011580943,0.008644781772446049,0.009155680809631151,0.0103071833865915,0.09277520193803936,0.10025931126917757,0.10535644838528216,1.1739454605074167,1.2220398043332457,1.3252987011580943,0.008644781772446049,0.009155680809631151,0.0103071833865915,9.999999999999999e-05,9.999999999999999e-05,0.0001,0.0001732050807568877,0.00017320508075688773,0.00017320508075688773,0.00014959388862599413,0.00015341948655044632,0.00015532316112898994,0.000373356091724771,0.0003995287775230251,0.0004356003256537692,4.75114179548925,4.752701666632174,4.753943484272016,4.755998003631417,4.756710612475185,4.757233449830261,4.762145883753512,4.762434696257733,4.762924222982682,0.0,0.0,0.0,0.0,0.0,0.0,138.0,140.0,144.5,141.0,144.0,148.5,10.0,10.5,11.0,55.5,60.0,66.0
pseudosphere_patch,gaussian_curvature,1,0.001325,4,272,512,0.1640889613657973,50.66050791173829,50.716607250611716,50.7498272735573,6.137336014797291,6.306573956440836,6.379364339546548,0.2613055140251018,0.2707842866686355,0.2803517551444014,0.9115453940568821,0.9529032354156801,1.0415761525575205,6.137336014797291,6.306573956440836,6.379364339546548,0.2613055140251018,0.2707842866686355,0.2803517551444014,0.001325,0.0013250000000000002,0.0013250000000000002,0.0022949673200287624,0.0022949673200287624,0.002294967320028763,0.0020424370472372846,0.002057201426655122,0.002072920325537807,0.005179896482276185,0.005365709494926908,0.005611544188876914,4.662915860069133,4.678331191977879,4.686140675935613,4.705794085831151,4.712253740376715,4.722388110700875,4.805006016686626,4.8167948481808995,4.826862789042361,0.0,0.0,0.0,0.0,0.0,0.0,146.0,150.0,152.5,152.0,155.0,157.0,44.0,46.5,48.0,105.0,109.0,111.0
pseudosphere_patch,gaussian_curvature,1,0.00255,4,272,512,0.1640889613657973,50.73572985980165,50.767023396734274,50.8044169908709,8.559458980791874,8.991559581327646,9.211385530206947,0.6679917524812244,0.7035941545688557,0.7283027207560656,2.407697501226495,2.5874421823704186,2.752652220611458,8.559458980791874,8.991559581327646,9.211385530206947,0.6679917524812244,0.7035941545688557,0.7283027207560656,0.0025500000000000006,0.0025500000000000006,0.0025500000000000006,0.004416729559300637,0.004416729559300637,0.004416729559300637,0.003834809382160343,0.0038635747903809116,0.003902273003825082,0.009524876043836873,0.010336033945870918,0.011136037674328265,4.582622674843792,4.590855530306872,4.59888643577516,4.678985453514583,4.68534867434585,4.691129973585429,4.832608035381124,4.843217845596291,4.847344249546342,0.0,0.0,0.0,0.0,0.0,0.0,147.25,148.0,152.5,151.5,153.0,159.0,58.75,61.5,64.25,112.5,114.0,114.5
pseudosphere_patch,gaussian_curvature,1,0.003775,4,272,512,0.1640889613657973,50.73294543377072,50.84023228920313,50.90807941828591,10.892698592105583,11.135834857354457,11.50172187768575,1.2316231172867633,1.2748366005770873,1.3349263483442693,3.1777486453535184,3.3890652489283735,3.579337888482692,10.892698592105583,11.135834857354457,11.50172187768575,1.2316231172867633,1.2748366005770873,1.3349263483442693,0.003775,0.0037750000000000006,0.003775000000000001,0.006538491798572512,0.006538491798572512,0.006538491798572513,0.005735786094894014,0.005820734927387694,0.005831958807945488,0.013971915364699798,0.014157674688006123,0.01426893371567758,4.479974429592895,4.50149482122707,4.51339803951697,4.626845461593635,4.642130036661678,4.670244221566581,4.871100806452448,4.889017788123695,4.892638847380587,0.0,0.0,0.0,0.0,0.0,0.0,145.75,149.0,154.25,150.0,153.0,158.5,80.0,80.5,81.5,124.0,127.0,130.5
pseudosphere_patch,gaussian_curvature,1,0.005,4,272,512,0.1640889613657973,50.58970510388452,50.72496573220714,50.89197671791613,11.783645471372814,11.893480435450671,12.289951432350328,1.7521935189901012,1.7912883417397203,1.8583143850269042,3.968879589041755,4.172778948968585,4.665586431491702,11.783645471372814,11.893480435450671,12.289951432350328,1.7521935189901012,1.7912883417397203,1.8583143850269042,0.005,0.005,0.005,0.008660254037844387,0.008660254037844387,0.008660254037844387,0.007452489429817565,0.007533927969200266,0.0075979431891167225,0.020022038807007557,0.02047827176552651,0.020880411502514386,4.4226314362799455,4.449519981039566,4.496245325211469,4.585011961110969,4.599778582753592,4.621386000925258,4.906759664155208,4.940961103111993,4.952524111704851,0.0,0.0,0.0,0.0,0.0,0.0,144.5,146.5,149.0,148.0,151.0,155.0,87.0,88.5,89.0,121.25,122.5,125.5
pseudosphere_patch,gaussian_curvature,2,0.0,1,1056,2048,0.08156901129578,76.87855625088964,76.87855625088964,76.87855625088964,0.0,0.0,0.0,0.0,0.0,0.0,0.0,0.0,0.0,0.0,0.0,0.0,0.0,0.0,0.0,0.0,0.0,0.0,0.0,0.0,0.0,0.0,0.0,0.0,0.0,0.0,0.0,4.0056880710551654,4.0056880710551654,4.0056880710551654,4.005688071055256,4.005688071055256,4.005688071055256,5.603588492736073,5.603588492736073,5.603588492736073,0.0,0.0,0.0,0.0,0.0,0.0,53.0,53.0,53.0,62.0,62.0,62.0,0.0,0.0,0.0,0.0,0.0,0.0
pseudosphere_patch,gaussian_curvature,2,0.0001,4,1056,2048,0.08156901129578,76.8758553661898,76.87813923401076,76.8808085366401,9.9165627671605,10.384320557828241,10.614570234466964,0.07195008220758148,0.07497975885403092,0.07810222544498752,0.20928409982422186,0.23459008102379586,0.25844783345333555,9.9165627671605,10.384320557828241,10.614570234466964,0.07195008220758148,0.07497975885403092,0.07810222544498752,0.0001,0.00010000000000000002,0.00010000000000000003,0.00017320508075688773,0.00017320508075688773,0.00017320508075688776,0.0001519180358612877,0.00015353138174585302,0.00015516895454509983,0.00039469387146696597,0.00040955354294517905,0.0004370417069495802,3.9965294995937155,3.9982507609332885,3.9985271232878365,4.003739546847292,4.004071212226458,4.004288208355062,5.6044350040953095,5.604511609325483,5.604560901763978,0.0,0.0,0.0,0.0,0.0,0.0,621.25,635.5,645.25,641.0,656.0,666.0,18.5,19.0,19.5,398.0,412.0,415.5
pseudosphere_patch,gaussian_curvature,2,0.001325,4,1056,2048,0.08156901129578,76.93056730356452,76.94717348450328,76.96148342683,35.136922692914645,37.772864682713276,40.35032595247006,3.0121377260712623,3.156184060063974,3.3069528413891023,2.700742098807077,2.920186981848257,3.117395238854199,35.136922692914645,37.772864682713276,40.35032595247006,3.0121377260712623,3.156184060063974,3.3069528413891023,0.0013249999999999998,0.001325,0.001325,0.002294967320028762,0.0022949673200287624,0.0022949673200287624,0.002054240740998926,0.0020654977954467834,0.002069844986425563,0.005469079486267349,0.005770638608395368,0.005997771679464133,3.916367929272286,3.9254647020390907,3.930359739912404,3.9786774951587347,3.9821235856135058,3.984958890028904,5.616893600794514,5.622024898144066,5.627287464182453,0.0,0.0,0.0,0.0,0.0,0.0,584.5,603.0,621.5,606.5,625.0,640.5,111.0,113.0,114.5,421.5,445.0,462.0
pseudosphere_patch,gaussian_curvature,2,0.00255,4,1056,2048,0.08156901129578,76.7242537514485,76.7604787434204,76.80248825927644,54.2469738877515,54.88424830790713,55.18614979962213,8.833282008194299,8.960094224430936,9.062661641937106,5.859152805378233,6.551539092506106,6.685745768636558,54.2469738877515,54.88424830790713,55.18614979962213,8.833282008194299,8.960094224430936,9.062661641937106,0.00255,0.002550000000000001,0.002550000000000001,0.004416729559300638,0.004416729559300638,0.004416729559300638,0.003904028334570272,0.003917364238949684,0.003934761994258769,0.01057863342764287,0.010925247639697003,0.011230965293869093,3.827740512832577,3.8335011794262677,3.8530885921961144,3.9880086731133297,3.995574748373369,4.002925655396889,5.605324496065954,5.612305223554626,5.621572557288566,0.0,0.0,0.0,0.0,0.0,0.0,615.25,621.0,627.5,638.5,645.0,650.5,173.0,174.5,175.5,467.25,469.5,473.25
pseudosphere_patch,gaussian_curvature,2,0.003775,4,1056,2048,0.08156901129578,76.22012383623657,76.60343184581055,76.95167496400529,63.97348886496909,65.93630399108447,66.3730228305939,13.348226288055288,13.976173784847791,14.628113728047758,8.229901525548772,8.83459089171529,9.84386365006798,63.97348886496909,65.93630399108447,66.3730228305939,13.348226288055288,13.976173784847791,14.628113728047758,0.003775,0.0037750000000000006,0.003775000000000001,0.006538491798572513,0.006538491798572514,0.006538491798572514,0.005771843954959005,0.005790463617087939,0.00581810831345894,0.014692647401992005,0.015223967541428633,0.01609162912582632,3.71981756846293,3.748425937987551,3.793454153712835,3.932450082446613,3.962781021799019,3.9870173102916624,5.629467076985575,5.642567852486423,5.653868032486681,0.0,0.0,0.0,0.0,0.0,0.0,610.25,617.0,626.0,632.0,643.0,652.5,199.25,201.0,203.25,460.75,472.0,477.5
pseudosphere_patch,gaussian_curvature,2,0.005,4,1056,2048,0.08156901129578,76.33354683940279,76.51318826714396,76.80184898677403,76.23103474290322,77.92023314596503,79.28234228509247,20.45990533797024,20.830678285772223,21.212445114921366,12.131309720684925,12.50143788873093,13.058723003934922,76.23103474290322,77.92023314596503,79.28234228509247,20.45990533797024,20.830678285772223,21.212445114921366,0.005,0.005,0.005000000000000001,0.008660254037844387,0.008660254037844387,0.008660254037844387,0.0076701150953103455,0.0077175704671867615,0.007746837741667718,0.019803627275480004,0.020535025523465582,0.021171644878653136,3.617248336542472,3.6750251312952393,3.7252761951020537,3.9165554020958977,3.94287580747594,3.9651908317369804,5.658125913354655,5.686684629774774,5.698329132639865,0.0,0.0,0.0,0.0,0.0,0.0,619.25,624.5,635.25,641.0,649.0,661.5,203.5,205.5,207.5,424.25,430.0,438.25
pseudosphere_patch,mean_curvature,0,0.0,1,72,128,0.3224065509534283,1.1199158420700575,1.1199158420700575,1.1199158420700575,0.0,0.0,0.0,0.0,0.0,0.0,0.0,0.0,0.0,0.0,0.0,0.0,0.0,0.0,0.0,0.0,0.0,0.0,0.0,0.0,0.0,0.0,0.0,0.0,0.0,0.0,0.0,6.142821920581892,6.142821920581892,6.142821920581892,6.142821920581892,6.142821920581892,6.142821920581892,6.14282192058201,6.14282192058201,6.14282192058201,0.0,0.0,0.0,0.0,0.0,0.0,16.0,16.0,16.0,20.0,20.0,20.0,0.0,0.0,0.0,0.0,0.0,0.0
pseudosphere_patch,mean_curvature,0,0.0001,4,72,128,0.3224065509534283,1.1197764905219336,1.119911820904509,1.1200860950904152,0.11547005383792457,0.1443375672974057,0.17320508075688684,0.0019679113031636744,0.0024598891289545934,0.0029518669547455127,0.0039059421539308276,0.004321336779789131,0.004629920423969006,0.11547005383792457,0.1443375672974057,0.17320508075688684,0.0019679113031636744,0.0024598891289545934,0.0029518669547455127,9.999999999999998e-05,9.999999999999999e-05,0.0001,0.00017320508075688773,0.00017320508075688773,0.00017320508075688773,0.00014856207907784776,0.00015114079407414977,0.0001537008537374197,0.00031268834306407247,0.00032642239396463336,0.0003607836890379101,6.135684147427508,6.1371220031551665,6.1382713092430565,6.137620167721375,6.1386918402204085,6.139644403299009,6.141570775515408,6.142596931111141,6.143426217697084,0.0,0.0,0.0,0.0,0.0,0.0,17.5,18.0,18.0,17.5,18.0,18.0,2.0,2.0,2.0,4.0,5.0,6.0
pseudosphere_patch,mean_curvature,0,0.001325,4,72,128,0.3224065509534283,1.1157671892651038,1.118338375354516,1.121310937651661,0.41756976356392894,0.473159835197393,0.5168977432155579,0.016013311242979777,0.019122701217775793,0.019543960910396008,0.04919668810111758,0.05403064383149493,0.05939467483683543,0.41756976356392894,0.473159835197393,0.5168977432155579,0.016013311242979777,0.019122701217775793,0.019543960910396008,0.001325,0.001325,0.001325,0.002294967320028762,0.002294967320028762,0.002294967320028762,0.0020237514677469053,0.002060940076387913,0.0020932285881266827,0.004223580750606227,0.0044281876293149666,0.0046362758807973374,6.015517047431502,6.026895701807309,6.0392374329091,6.046699328791856,6.056383248371175,6.069321062394318,6.115018684523737,6.123699733851938,6.132637971482143,0.0,0.0,0.0,0.0,0.0,0.0,15.5,16.0,17.5,15.5,16.0,17.5,11.75,12.0,12.5,14.0,15.0,16.0
pseudosphere_patch,mean_curvature,0,0.00255,4,72,128,0.3224065509534283,1.1241484993640976,1.127470165528671,1.1314864388849406,0.5708138625031751,0.5972092416687834,0.6645732198263954,0.0268549536600498,0.02876805847913803,0.030283971538154625,0.11152400735206791,0.12243471089326666,0.12991232172160597,0.5708138625031751,0.5972092416687834,0.6645732198263954,0.0268549536600498,0.02876805847913803,0.030283971538154625,0.00255,0.00255,0.00255,0.0044167295593006365,0.0044167295593006365,0.004416729559300637,0.003761273426045113,0.0038963471616751955,0.004021479958681819,0.007708964832753823,0.008347000242794094,0.009256843010413473,5.947900644099972,5.973184508608055,6.002239917772464,5.99356742180948,6.012293349150784,6.027873138231474,6.099956085288857,6.130814772167803,6.158498396397774,0.0,0.0,0.0,0.0,0.0,0.0,13.5,15.0,17.5,13.5,15.0,17.5,10.75,13.0,15.25,12.0,14.0,16.5
pseudosphere_patch,mean_curvature,0,0.003775,4,72,128,0.3224065509534283,1.1336268638224727,1.137864466880704,1.1392577484646123,0.8031457133934282,0.8669439575382477,0.8816962768281849,0.04379537995576197,0.050602191932001855,0.057848424562178896,0.15178732513247917,0.16575395820188565,0.17586504065206537,0.8031457133934282,0.8669439575382477,0.8816962768281849,0.04379537995576197,0.050602191932001855,0.057848424562178896,0.0037750000000000006,0.0037750000000000006,0.003775000000000001,0.006538491798572512,0.006538491798572512,0.006538491798572513,0.005654950007536999,0.0057194003615517516,0.005853896926195612,0.012343195630803093,0.012655738795949972,0.014189279798458809,5.922326389119845,5.952860580429864,5.9813127826631165,5.971135608824044,5.99758689391286,6.025614837868206,6.094622897604683,6.104132860793117,6.116640871089895,0.0,0.0,0.0,0.0,0.0,0.0,16.0,17.0,18.0,16.0,17.0,18.0,14.5,16.0,17.25,16.0,17.0,18.0
pseudosphere_patch,mean_curvature,0,0.005,4,72,128,0.3224065509534283,1.1217219475625608,1.132772716946433,1.1414043588923182,0.8955091784822311,0.9495808033967785,1.0058534640671934,0.06225719816298508,0.07338622113127799,0.08441529321509983,0.1844974909762773,0.19063691455058873,0.2065617988399907,0.8955091784822311,0.9495808033967785,1.0058534640671934,0.06225719816298508,0.07338622113127799,0.08441529321509983,0.005,0.005,0.005,0.008660254037844387,0.008660254037844387,0.008660254037844388,0.0075411513501607245,0.007782745116641213,0.008027100684787344,0.015552208264510233,0.01704777754388602,0.01898812954487894,5.700882422727885,5.764901998605122,5.825092549198092,5.735588267313071,5.819375198996634,5.895182837768023,5.993470168697942,6.045224444301651,6.116652773320151,0.0,0.0,0.0,0.0,0.0,0.0,17.0,18.0,19.5,17.0,18.0,19.5,14.0,15.5,16.5,17.0,18.0,19.0
pseudosphere_patch,mean_curvature,1,0.0,1,272,512,0.1640889613657973,0.8040962194285125,0.8040962194285125,0.8040962194285125,0.0,0.0,0.0,0.0,0.0,0.0,0.0,0.0,0.0,0.0,0.0,0.0,0.0,0.0,0.0,0.0,0.0,0.0,0.0,0.0,0.0,0.0,0.0,0.0,0.0,0.0,0.0,4.759285428211232,4.759285428211232,4.759285428211232,4.759285428211309,4.759285428211309,4.759285428211309,4.759285428211386,4.759285428211386,4.759285428211386,0.0,0.0,0.0,0.0,0.0,0.0,31.0,31.0,31.0,32.0,32.0,32.0,0.0,0.0,0.0,0.0,0.0,0.0
pseudosphere_patch,mean_curvature,1,0.0001,4,272,512,0.1640889613657973,0.8041091499841037,0.8041634620666366,0.8042385880883152,0.4601490620675831,0.4946276862571048,0.5270261255354485,0.014356947358984875,0.015217714417104101,0.016319370082826093,0.010262539479274215,0.010775439765617132,0.01117836218602701,0.4601490620675831,0.4946276862571048,0.5270261255354485,0.014356947358984875,0.015217714417104101,0.016319370082826093,9.999999999999999e-05,9.999999999999999e-05,0.0001,0.0001732050807568877,0.00017320508075688773,0.00017320508075688773,0.00014959388862599413,0.00015341948655044632,0.00015532316112898994,0.000373356091724771,0.0003995287775230251,0.0004356003256537692,4.75114179548925,4.752701666632174,4.753943484272016,4.755998003631417,4.756710612475185,4.757233449830261,4.762145883753512,4.762434696257733,4.762924222982682,0.0,0.0,0.0,0.0,0.0,0.0,35.0,36.0,37.5,35.0,36.0,37.5,10.0,10.0,10.25,23.5,26.0,28.5
pseudosphere_patch,mean_curvature,1,0.001325,4,272,512,0.1640889613657973,0.8129351270299828,0.8149665592298032,0.8160411756063617,1.5787636831497234,1.620704579257896,1.6941379014293363,0.13322635745293665,0.13749891674409057,0.14616398671737588,0.11209134040000718,0.1182489869620637,0.1254189279810829,1.5787636831497234,1.620704579257896,1.6941379014293363,0.13322635745293665,0.13749891674409057,0.14616398671737588,0.001325,0.0013250000000000002,0.0013250000000000002,0.0022949673200287624,0.0022949673200287624,0.002294967320028763,0.0020424370472372846,0.002057201426655122,0.002072920325537807,0.005179896482276185,0.005365709494926908,0.005611544188876914,4.662915860069133,4.678331191977879,4.686140675935613,4.705794085831151,4.712253740376715,4.722388110700875,4.805006016686626,4.8167948481808995,4.826862789042361,0.0,0.0,0.0,0.0,0.0,0.0,35.0,36.0,36.5,35.0,36.0,36.5,26.5,28.0,29.5,33.5,34.0,35.0
pseudosphere_patch,mean_curvature,1,0.00255,4,272,512,0.1640889613657973,0.8362662738775444,0.8420311523988239,0.8475805857759448,2.0265710269366304,2.1022394281271914,2.2897989178366633,0.24558297229073153,0.2759015155879345,0.3140110041399888,0.2228968234143243,0.2311822557926667,0.24697903326638518,2.0265710269366304,2.1022394281271914,2.2897989178366633,0.24558297229073153,0.2759015155879345,0.3140110041399888,0.0025500000000000006,0.0025500000000000006,0.0025500000000000006,0.004416729559300637,0.004416729559300637,0.004416729559300637,0.003834809382160343,0.0038635747903809116,0.003902273003825082,0.009524876043836873,0.010336033945870918,0.011136037674328265,4.582622674843792,4.590855530306872,4.59888643577516,4.678985453514583,4.68534867434585,4.691129973585429,4.832608035381124,4.843217845596291,4.847344249546342,0.0,0.0,0.0,0.0,0.0,0.0,34.0,35.0,36.0,34.0,35.0,36.0,27.75,28.0,28.75,32.0,33.0,34.0
pseudosphere_patch,mean_curvature,1,0.003775,4,272,512,0.1640889613657973,0.8641080810297287,0.8773696326883205,0.8917774150537169,2.1251056512059066,2.3401480699048762,2.608809977605179,0.3195496502330059,0.35771576233117275,0.3727696739468401,0.33258770028463563,0.3509455787477023,0.3685511123579336,2.1251056512059066,2.3401480699048762,2.608809977605179,0.3195496502330059,0.35771576233117275,0.3727696739468401,0.003775,0.0037750000000000006,0.003775000000000001,0.006538491798572512,0.006538491798572512,0.006538491798572513,0.005735786094894014,0.005820734927387694,0.005831958807945488,0.013971915364699798,0.014157674688006123,0.01426893371567758,4.479974429592895,4.50149482122707,4.51339803951697,4.626845461593635,4.642130036661678,4.670244221566581,4.871100806452448,4.889017788123695,4.892638847380587,0.0,0.0,0.0,0.0,0.0,0.0,39.5,41.0,42.5,39.5,41.0,42.5,31.5,34.0,35.5,33.25,37.0,39.75
pseudosphere_patch,mean_curvature,1,0.005,4,272,512,0.1640889613657973,0.9337614753297261,0.9549839847507583,0.9716221193034809,2.8970054197330164,2.959261220793633,3.1029143060356787,0.45716427582620034,0.48523065015955796,0.5217304583287158,0.4789149602734173,0.5154424220305045,0.542180849435799,2.8970054197330164,2.959261220793633,3.1029143060356787,0.45716427582620034,0.48523065015955796,0.5217304583287158,0.005,0.005,0.005,0.008660254037844387,0.008660254037844387,0.008660254037844387,0.007452489429817565,0.007533927969200266,0.0075979431891167225,0.020022038807007557,0.02047827176552651,0.020880411502514386,4.4226314362799455,4.449519981039566,4.496245325211469,4.585011961110969,4.599778582753592,4.621386000925258,4.906759664155208,4.940961103111993,4.952524111704851,0.0,0.0,0.0,0.0,0.0,0.0,49.5,56.0,64.0,49.5,56.0,64.0,41.0,48.0,54.5,44.0,51.5,58.0
pseudosphere_patch,mean_curvature,2,0.0,1,1056,2048,0.08156901129578,0.5518337070595182,0.5518337070595182,0.5518337070595182,0.0,0.0,0.0,0.0,0.0,0.0,0.0,0.0,0.0,0.0,0.0,0.0,0.0,0.0,0.0,0.0,0.0,0.0,0.0,0.0,0.0,0.0,0.0,0.0,0.0,0.0,0.0,4.0056880710551654,4.0056880710551654,4.0056880710551654,4.005688071055256,4.005688071055256,4.005688071055256,5.603588492736073,5.603588492736073,5.603588492736073,0.0,0.0,0.0,0.0,0.0,0.0,66.0,66.0,66.0,66.0,66.0,66.0,0.0,0.0,0.0,0.0,0.0,0.0
pseudosphere_patch,mean_curvature,2,0.0001,4,1056,2048,0.08156901129578,0.5522159799456726,0.5522237894923033,0.5522550716422234,1.282575039617651,1.352246072008267,1.4265054078127912,0.06936595072107432,0.07338085964860558,0.07711594458362908,0.021258088469218284,0.021536063467486058,0.021834759626453072,1.282575039617651,1.352246072008267,1.4265054078127912,0.06936595072107432,0.07338085964860558,0.07711594458362908,0.0001,0.00010000000000000002,0.00010000000000000003,0.00017320508075688773,0.00017320508075688773,0.00017320508075688776,0.0001519180358612877,0.00015353138174585302,0.00015516895454509983,0.00039469387146696597,0.00040955354294517905,0.0004370417069495802,3.9965294995937155,3.9982507609332885,3.9985271232878365,4.003739546847292,4.004071212226458,4.004288208355062,5.6044350040953095,5.604511609325483,5.604560901763978,0.0,0.0,0.0,0.0,0.0,0.0,66.0,67.0,68.5,66.0,67.0,68.5,18.0,18.5,19.5,55.5,57.0,59.0
pseudosphere_patch,mean_curvature,2,0.001325,4,1056,2048,0.08156901129578,0.609608765949536,0.6141138466577926,0.6213498328759209,4.769904173287569,5.004819692532968,5.298546535425345,0.7547778249345927,0.7773916740068804,0.8434703050988412,0.2591080717406776,0.27055223698948105,0.2870505892694938,4.769904173287569,5.004819692532968,5.298546535425345,0.7547778249345927,0.7773916740068804,0.8434703050988412,0.0013249999999999998,0.001325,0.001325,0.002294967320028762,0.0022949673200287624,0.0022949673200287624,0.002054240740998926,0.0020654977954467834,0.002069844986425563,0.005469079486267349,0.005770638608395368,0.005997771679464133,3.916367929272286,3.9254647020390907,3.930359739912404,3.9786774951587347,3.9821235856135058,3.984958890028904,5.616893600794514,5.622024898144066,5.627287464182453,0.0,0.0,0.0,0.0,0.0,0.0,153.5,159.0,169.0,153.5,159.0,169.0,96.0,101.0,105.5,118.25,125.0,132.5
pseudosphere_patch,mean_curvature,2,0.00255,4,1056,2048,0.08156901129578,0.7421570712598285,0.7491232317563421,0.756585362275672,6.905035794252867,7.101287010360129,7.5365406752965365,1.2749838576838788,1.3136870561940084,1.41275468951246,0.4929739597822677,0.5019148327935217,0.5132294773531823,6.905035794252867,7.101287010360129,7.5365406752965365,1.2749838576838788,1.3136870561940084,1.41275468951246,0.00255,0.002550000000000001,0.002550000000000001,0.004416729559300638,0.004416729559300638,0.004416729559300638,0.003904028334570272,0.003917364238949684,0.003934761994258769,0.01057863342764287,0.010925247639697003,0.011230965293869093,3.827740512832577,3.8335011794262677,3.8530885921961144,3.9880086731133297,3.995574748373369,4.002925655396889,5.605324496065954,5.612305223554626,5.621572557288566,0.0,0.0,0.0,0.0,0.0,0.0,387.25,394.0,401.5,398.5,404.0,408.5,147.75,151.5,157.0,205.5,210.0,223.25
pseudosphere_patch,mean_curvature,2,0.003775,4,1056,2048,0.08156901129578,0.9178365958477043,0.9337226489189827,0.9619515640404488,8.906937658591993,9.057573031936753,9.46755306723545,1.6345133453003269,1.7147061306968496,1.8063658326170196,0.7317913638043234,0.7456651350470551,0.7780642100636128,8.906937658591993,9.057573031936753,9.46755306723545,1.6345133453003269,1.7147061306968496,1.8063658326170196,0.003775,0.0037750000000000006,0.003775000000000001,0.006538491798572513,0.006538491798572514,0.006538491798572514,0.005771843954959005,0.005790463617087939,0.00581810831345894,0.014692647401992005,0.015223967541428633,0.01609162912582632,3.71981756846293,3.748425937987551,3.793454153712835,3.932450082446613,3.962781021799019,3.9870173102916624,5.629467076985575,5.642567852486423,5.653868032486681,0.0,0.0,0.0,0.0,0.0,0.0,500.5,523.0,542.75,513.5,539.0,562.0,153.75,157.0,160.0,247.75,255.0,264.0
pseudosphere_patch,mean_curvature,2,0.005,4,1056,2048,0.08156901129578,1.1643529485193929,1.181258170358127,1.1898866560261374,10.894272339581695,11.384330970342267,11.726670296328102,2.2131821785448516,2.3462856844559603,2.3960316605406176,1.0171648026646394,1.034845796382908,1.044348250319651,10.894272339581695,11.384330970342267,11.726670296328102,2.2131821785448516,2.3462856844559603,2.3960316605406176,0.005,0.005,0.005000000000000001,0.008660254037844387,0.008660254037844387,0.008660254037844387,0.0076701150953103455,0.0077175704671867615,0.007746837741667718,0.019803627275480004,0.020535025523465582,0.021171644878653136,3.617248336542472,3.6750251312952393,3.7252761951020537,3.9165554020958977,3.94287580747594,3.9651908317369804,5.658125913354655,5.686684629774774,5.698329132639865,0.0,0.0,0.0,0.0,0.0,0.0,572.25,579.5,588.0,591.5,598.0,609.0,164.75,169.0,170.75,264.25,279.0,289.25
