surface,curvature,subdivision_level,flip_regime,flip_fraction,realizations,vertex_count,face_count,normalized_mean_edge_length,curvature_error_l2_q25,curvature_error_l2_median,curvature_error_l2_q75,ecc_error_l2_q25,ecc_error_l2_median,ecc_error_l2_q75,secc_error_l2_q25,secc_error_l2_median,secc_error_l2_q75,ecc_exact_jump_count_q25,ecc_exact_jump_count_median,ecc_exact_jump_count_q75,ecc_exact_total_variation_q25,ecc_exact_total_variation_median,ecc_exact_total_variation_q75,ecc_sampled_jump_count_q25,ecc_sampled_jump_count_median,ecc_sampled_jump_count_q75,ecc_sampled_total_variation_q25,ecc_sampled_total_variation_median,ecc_sampled_total_variation_q75,minimum_angle_degrees_q25,minimum_angle_degrees_median,minimum_angle_degrees_q75,angle_q01_degrees_q25,angle_q01_degrees_median,angle_q01_degrees_q75,angle_q05_degrees_q25,angle_q05_degrees_median,angle_q05_degrees_q75,curvature_error_l2_ratio_q25,curvature_error_l2_ratio_median,curvature_error_l2_ratio_q75,ecc_error_l2_ratio_q25,ecc_error_l2_ratio_median,ecc_error_l2_ratio_q75,secc_error_l2_ratio_q25,secc_error_l2_ratio_median,secc_error_l2_ratio_q75
doubly_elliptic_torus,gaussian_curvature,0,baseline,0.0,1,64,128,0.1815779529757719,6.894583464207996,6.894583464207996,6.894583464207996,1.2553883861180168,1.2553883861180168,1.2553883861180168,0.16570408506732606,0.16570408506732606,0.16570408506732606,12.0,12.0,12.0,16.0,16.0,16.0,6.0,6.0,6.0,16.0,16.0,16.0,8.905337059337633,8.905337059337633,8.905337059337633,8.905337059337644,8.905337059337644,8.905337059337644,8.905337059337715,8.905337059337715,8.905337059337715,1.0,1.0,1.0,1.0,1.0,1.0,1.0,1.0,1.0
doubly_elliptic_torus,gaussian_curvature,0,stress,0.05,8,64,128,0.18922504532626225,20.91185674851438,23.08983337734118,25.325992431936488,1.7608890563740822,1.820826803587798,2.173927735186002,0.12993315890367402,0.1410438164264736,0.23352901808967103,20.5,24.0,24.75,21.5,24.0,26.5,17.75,19.5,21.5,20.75,22.5,24.75,8.02022708194529,8.769894295228452,8.905337059337633,8.905337059337633,8.905337059337644,8.905337059337644,8.905337059337686,8.905337059337715,9.293729547708365,0.9056737832086689,1.0,1.0968460455323046,0.9670821260453696,1.0,1.1939234038638085,0.9212254900335061,1.0,1.6557196480244856
doubly_elliptic_torus,gaussian_curvature,0,stress,0.1,8,64,128,0.1951401916312464,20.226926679483324,21.825731905293857,25.6324451007728,1.9774952561473182,2.539310749756888,2.815239726212249,0.19757005215243528,0.26105767615304926,0.3497470523888166,19.75,22.5,27.0,20.0,24.0,28.5,17.5,19.0,20.5,18.75,22.5,26.0,7.5973979777400915,8.14943934489039,8.777438634606977,8.237890531005736,8.799193803875838,8.847704249226835,8.905337059337683,8.905337059337715,9.0373725339242,0.9267467761105074,1.0,1.174413999585307,0.7787527605026846,1.0,1.1086629418954643,0.7568061397919081,1.0,1.3397309649832774
doubly_elliptic_torus,gaussian_curvature,0,quality_controlled,0.05,8,64,128,0.1846813551576562,12.089168628970986,15.94430864560151,19.23210641699927,1.3431752322721706,1.6078913157564512,1.7320501586979247,0.11068674095100782,0.1272834562098703,0.14612737936058928,16.75,19.0,23.25,18.0,20.0,24.5,14.75,16.0,18.25,17.75,19.0,23.0,8.905337059337633,8.905337059337633,8.905337059337633,8.905337059337644,8.905337059337644,8.905337059337644,8.905337059337715,8.905337059337715,9.002435181430377,0.7582121556776296,1.0,1.2062051007965624,0.8353644423038993,1.0,1.0772184299552994,0.8696082291205456,1.0,1.1480469160080657
doubly_elliptic_torus,gaussian_curvature,0,quality_controlled,0.1,8,64,128,0.19507638315780018,23.509195039257193,25.13115900469668,26.09091373675785,2.2617023535045937,2.9134381469856008,3.4390823009706017,0.2454451105497725,0.3717575763819443,0.5331009238519154,25.5,26.5,31.25,25.5,28.0,34.0,20.75,24.5,25.25,22.75,26.5,29.75,8.905337059337633,8.905337059337633,8.905337059337633,8.905337059337644,8.905337059337644,8.90533705933765,8.905337059337715,9.099533303523039,10.015029883253872,0.9354600412525199,1.0,1.038189831669992,0.7763001098357527,1.0,1.1804205641121506,0.660228939887433,1.0,1.4340015045294108
doubly_elliptic_torus,gaussian_curvature,1,baseline,0.0,1,256,512,0.09262787762998355,1.6542929065250784,1.6542929065250784,1.6542929065250784,0.66332495807108,0.66332495807108,0.66332495807108,0.07128643270637001,0.07128643270637001,0.07128643270637001,14.0,14.0,14.0,16.0,16.0,16.0,6.0,6.0,6.0,16.0,16.0,16.0,8.216103648926683,8.216103648926683,8.216103648926683,8.216103648926694,8.216103648926694,8.216103648926694,9.438492567533961,9.438492567533961,9.438492567533961,0.23994095003897564,0.23994095003897564,0.23994095003897564,0.5283822643303648,0.5283822643303648,0.5283822643303648,0.4302032305202743,0.4302032305202743,0.4302032305202743
doubly_elliptic_torus,gaussian_curvature,1,stress,0.05,8,256,512,0.0959177492373503,13.445024177749143,15.785637822392939,18.34980319180878,2.885695043486195,3.1874030406233294,5.245081594442713,0.550911930543183,0.6054056673732973,1.056846823284221,56.0,63.5,74.75,57.0,64.0,77.5,41.25,47.0,53.5,50.75,55.5,65.5,2.56113820010521,2.67285507625872,2.8423517593820145,7.5673156206090155,7.632858559786353,7.710258177685601,9.062197088178412,9.080682523409756,9.080682523409804,0.5822919532603987,0.683661833518639,0.7947135387220269,1.5848267599093757,1.7505251099900325,2.880604340900346,3.9059630156163165,4.292323355337569,7.49303904319093
doubly_elliptic_torus,gaussian_curvature,1,stress,0.1,8,256,512,0.10050815972513383,28.09744127676574,29.668893846477413,32.16353626660879,8.161364796193546,9.115916053693786,9.71567031602315,1.8275378366011474,1.897337813859893,2.1695275168812476,91.75,98.0,101.75,95.5,101.0,105.0,67.0,70.5,73.75,79.0,81.0,83.5,2.3512814118296257,2.4127840397741878,2.6081484801096453,3.8894746423946667,4.9898066883884304,6.469050822183959,8.420574689362809,8.660406250733665,8.807878139054726,1.2873539086197001,1.3593539027793697,1.4736521279640333,3.214007894455182,3.589917482358761,3.8261052992247295,7.000513693110959,7.267887471531572,8.310529492376723
doubly_elliptic_torus,gaussian_curvature,1,quality_controlled,0.05,8,256,512,0.09428988809289975,14.241309951503112,15.436168023838857,20.678770418329158,2.297573551115327,2.6796454973178574,3.1529621654794484,0.4091118291570445,0.5703213447707366,0.6984612882568972,50.25,53.5,57.5,53.0,56.0,58.5,37.75,39.0,41.25,44.5,49.5,52.25,8.216103648926683,8.216103648926683,8.216103648926683,8.216103648926694,8.216103648926694,8.216103648926694,9.438492567533961,9.438492567533961,9.438492567533967,0.8931908098399615,0.9681302819045194,1.2969374137168201,1.4289358544326778,1.6665588470183303,1.960929905262969,3.214179134816105,4.480718561180228,5.4874475368208495
doubly_elliptic_torus,gaussian_curvature,1,quality_controlled,0.1,8,256,512,0.09527217940573221,20.64669171910955,23.258531397031753,25.841300295093383,4.09083258676334,4.4295343541184415,5.0785322396415244,0.8415224447944281,0.9769687123528775,1.0314435440724448,70.25,77.5,84.0,73.0,80.0,86.5,50.25,57.0,58.5,60.0,66.0,70.5,8.216103648926683,8.216103648926683,8.216103648926683,8.216103648926694,8.280627973622927,8.802688418891808,9.438492567533961,9.438492567533983,9.438492567533983,0.8215574822972135,0.925485823900324,1.0282574031012253,1.4041254285751474,1.5203804339218512,1.7431405725555031,2.263632265371363,2.6279725671256755,2.7745057790368692
doubly_elliptic_torus,gaussian_curvature,2,baseline,0.0,1,1024,2048,0.04654941075717675,0.45430923516905863,0.45430923516905863,0.45430923516905863,0.38987177379235866,0.38987177379235866,0.38987177379235866,0.020712142911825927,0.020712142911825927,0.020712142911825927,16.0,16.0,16.0,16.0,16.0,16.0,6.0,6.0,6.0,16.0,16.0,16.0,8.207368177384408,8.207368177384408,8.207368177384408,8.511285837911071,8.511285837911071,8.511285837911071,9.319612215281076,9.319612215281076,9.319612215281076,0.06589364499356984,0.06589364499356984,0.06589364499356984,0.31055869092268906,0.31055869092268906,0.31055869092268906,0.12499476342668632,0.12499476342668632,0.12499476342668632
doubly_elliptic_torus,gaussian_curvature,2,stress,0.05,8,1024,2048,0.048370569054720716,19.233926740398744,19.769630372369118,20.175994355818073,13.691915260268841,14.760027383609138,15.319172583566624,2.8345137386907977,2.8920273776990957,3.1672291559354764,307.25,321.5,341.25,316.0,327.0,347.0,157.75,160.0,163.5,212.5,220.0,230.5,1.3177705314304888,1.3299883401843886,1.3824048912660913,5.069013140348198,5.915091166644631,6.1379041745537215,8.660218178168382,8.783319064685784,8.825215762532357,0.8330041376250742,0.85620498204936,0.8738042421569593,7.51961429461055,8.106222598725838,8.413305731979221,20.096689174377488,20.504460606443637,22.455639929358824
doubly_elliptic_torus,gaussian_curvature,2,stress,0.1,8,1024,2048,0.05013303525693076,23.751610843898344,24.407580256670233,26.427719662899975,23.50512876742114,24.946686174185796,26.71640362136207,4.818573733272473,5.291241374686498,5.556716462347946,435.25,454.0,457.75,447.0,473.0,478.5,190.5,195.5,203.0,282.75,293.5,301.25,1.1930056049014512,1.2310629461784186,1.2933349139226888,3.290027021961628,3.500017393196397,3.606501641376963,8.126164830977357,8.245532948662262,8.332574623879887,1.0882389166586144,1.118293781055294,1.2108514746527195,9.256499532273278,9.82419586754956,10.521124137295871,18.45788947591607,20.268476501661734,21.28539771069682
doubly_elliptic_torus,gaussian_curvature,2,quality_controlled,0.05,8,1024,2048,0.04710199984913646,15.675592992422551,16.22665999825434,18.28710435429954,8.081940941040228,8.727686932061566,10.386707199524974,1.4413041713188044,1.6210506509570335,1.74605535066052,215.5,221.0,230.0,216.5,224.0,233.5,124.5,127.5,131.25,160.5,166.5,170.5,8.207368177384408,8.207368177384408,8.207368177384408,8.511285837911071,8.511285837911103,8.53684787847455,9.319612215281094,9.386341882171799,9.418470981045115,0.983146609918826,1.0177085980288474,1.1469361739522226,5.026422409177567,5.428032881659992,6.459831642686885,11.323578210685303,12.735752934648294,13.717849928442789
doubly_elliptic_torus,gaussian_curvature,2,quality_controlled,0.1,8,1024,2048,0.04765142021517052,21.119199617824904,21.566902890173964,24.200871016912586,12.687175462535485,14.39260480896591,15.602471235115223,2.431008091556632,2.732046303377707,2.835721383998587,316.5,326.5,348.75,325.0,338.0,360.0,165.25,167.5,173.25,225.5,231.0,238.0,8.207368177384408,8.207368177384408,8.207368177384408,8.511285837911087,8.511285837911116,8.517676348051975,9.418470981045173,9.422006924274484,9.423709415458967,0.8403591578835662,0.8581738266087686,0.9629826866476697,4.354709049053373,4.9400756367034155,5.35534665503655,6.5392294495136545,7.3489996625402965,7.627877854156125
doubly_elliptic_torus,gaussian_curvature,3,baseline,0.0,1,4096,8192,0.023304219095576274,0.12801271372256182,0.12801271372256182,0.12801271372256182,0.17888543819998326,0.17888543819998326,0.17888543819998326,0.007848265031203517,0.007848265031203517,0.007848265031203517,15.0,15.0,15.0,16.0,16.0,16.0,6.0,6.0,6.0,16.0,16.0,16.0,8.248926067354452,8.248926067354452,8.248926067354452,8.473709424009169,8.473709424009169,8.473709424009169,9.399991542895213,9.399991542895213,9.399991542895213,0.01856714250935057,0.01856714250935057,0.01856714250935057,0.1424940999758194,0.1424940999758194,0.1424940999758194,0.047363135483441725,0.047363135483441725,0.047363135483441725
doubly_elliptic_torus,gaussian_curvature,3,stress,0.05,8,4096,8192,0.024256094284897077,17.92352014377434,19.237061663717817,19.828690050845108,52.74333267234883,53.788441790820755,54.72967456205506,10.349610257647216,10.610359669548465,11.265352685237934,1500.0,1510.5,1518.75,1531.5,1548.0,1552.5,303.5,312.5,315.0,717.25,772.0,789.5,2.539109729629022,2.563475220905337,2.5857092823272305,5.909245429217414,5.96602406637036,6.004987732637181,8.712472329165445,8.713783737058701,8.753007960635848,0.7762516017704695,0.8331399083457998,0.8587628038192627,28.9666939043418,29.540668933934192,30.05759496411986,73.37868840951626,75.2274005225863,79.87129794598675
doubly_elliptic_torus,gaussian_curvature,3,stress,0.1,8,4096,8192,0.02515590335481108,26.56240993253629,27.06560646486302,27.325921468476082,98.76399501772575,101.76313988892989,105.43282726810259,19.726516054251807,20.37724550987091,21.312146870881257,2106.75,2135.5,2157.0,2204.0,2230.0,2246.0,343.5,347.5,353.5,941.75,959.5,977.25,2.539109729629022,2.5492028690208257,2.5527709569920245,4.618578275519514,4.830193891606276,4.929039300667814,7.978544001751452,8.018012953245275,8.138739346364837,1.2170226431716384,1.240077839419361,1.2520048164729884,38.89401682215591,40.075103017097305,41.52025398159585,75.56382307903031,78.0564885513055,81.63769472301082
doubly_elliptic_torus,gaussian_curvature,3,quality_controlled,0.05,8,4096,8192,0.023594853969356774,15.832559486884454,16.4633722242148,17.439456517782833,40.072968886056344,40.515305748893056,42.01896050025612,5.883141389299697,6.096065758421549,6.381012527341289,1265.25,1289.0,1315.75,1299.0,1320.0,1349.5,286.75,287.0,295.5,612.5,615.0,625.5,8.248926067354452,8.248926067354452,8.248926067354452,8.473709424009172,8.480732476099725,8.481427063669155,9.444387006299007,9.479061625180979,9.47906162518103,0.9929912822687434,1.0325547874260752,1.0937731390814354,24.9226850679292,25.197788775811727,26.1329606600231,46.22078598808101,47.893622155970526,50.13230090814008
doubly_elliptic_torus,gaussian_curvature,3,quality_controlled,0.1,8,4096,8192,0.023804600306366674,19.376094953212448,19.892233201517726,20.503689501241723,60.84923920795929,63.49178668968008,66.22884815583059,9.531081731558968,9.926750105219273,10.340486251791205,1798.25,1808.0,1812.75,1862.0,1884.0,1890.0,326.75,327.0,335.0,748.5,759.0,776.5,8.248926067354452,8.248926067354452,8.248926067354452,8.481427063669198,8.481427063669198,8.486825717912705,9.521331626572477,9.522390805459592,9.522390805459674,0.7709988604023919,0.7915366417362658,0.8158672466084773,20.88571513725705,21.792735416529123,22.73219639976037,25.637895061395387,26.702213312851264,27.815132518422097
doubly_elliptic_torus,mean_curvature,0,baseline,0.0,1,64,128,0.1815779529757719,1.3583036930909278,1.3583036930909278,1.3583036930909278,2.154065922853802,2.154065922853802,2.154065922853802,0.42243252905049844,0.42243252905049844,0.42243252905049844,15.0,15.0,15.0,16.0,16.0,16.0,6.0,6.0,6.0,16.0,16.0,16.0,8.905337059337633,8.905337059337633,8.905337059337633,8.905337059337644,8.905337059337644,8.905337059337644,8.905337059337715,8.905337059337715,8.905337059337715,1.0,1.0,1.0,1.0,1.0,1.0,1.0,1.0,1.0
doubly_elliptic_torus,mean_curvature,0,stress,0.05,8,64,128,0.18922504532626225,2.8118438291291397,2.8976595516865733,3.2296516637972865,2.6238510400069073,2.689398225190319,2.822168790147107,0.34704718042069216,0.3939464036818654,0.4388339636497579,24.0,26.0,26.25,24.0,27.0,28.0,19.5,21.0,23.0,23.0,24.0,25.25,8.02022708194529,8.769894295228452,8.905337059337633,8.905337059337633,8.905337059337644,8.905337059337644,8.905337059337686,8.905337059337715,9.293729547708365,0.9703844702848252,1.0,1.1145725045295534,0.9756275643489825,1.0,1.0493681313957854,0.8809502439345859,1.0,1.1139433170308666
doubly_elliptic_torus,mean_curvature,0,stress,0.1,8,64,128,0.1951401916312464,3.1241191177302174,3.5974815148666606,3.7208929050655652,2.9572658447967166,3.0829491207087605,3.333320085963198,0.33722854796024215,0.36226425458003736,0.39594945518654456,26.75,29.0,31.5,27.5,31.0,33.0,22.75,23.5,25.25,25.75,26.5,29.25,7.5973979777400915,8.14943934489039,8.777438634606977,8.237890531005736,8.799193803875838,8.847704249226835,8.905337059337683,8.905337059337715,9.0373725339242,0.8684183934843684,1.0,1.0343049407450475,0.9592327764776248,1.0,1.0812115138626996,0.9308910379556538,1.0,1.0929851625729883
doubly_elliptic_torus,mean_curvature,0,quality_controlled,0.05,8,64,128,0.18468135515765619,1.9864713235717635,2.1795067206993712,2.4444202378709012,2.3194826708921275,2.5762964192741213,2.695173954525877,0.31525414680514796,0.3383562071175518,0.3762942109811439,23.75,24.5,25.5,24.0,25.0,26.5,20.0,20.5,22.0,22.75,23.5,26.0,8.905337059337633,8.905337059337633,8.905337059337633,8.905337059337644,8.905337059337644,8.905337059337644,8.905337059337715,8.905337059337715,9.002435181430377,0.9114316118898382,1.0,1.121547465146849,0.9003166924191309,1.0,1.0461428018772971,0.9317226643802112,1.0,1.1121244506988213
doubly_elliptic_torus,mean_curvature,0,quality_controlled,0.1,8,64,128,0.19507638315780018,3.366323274104948,3.4514787606464936,3.5356446950465927,2.805855108051492,3.3338454041615555,3.9039831716476963,0.32253177789844145,0.3889189506230674,0.4599254456323831,27.5,30.0,33.5,27.5,32.0,35.0,23.75,25.0,27.0,26.0,29.0,30.75,8.905337059337633,8.905337059337633,8.905337059337633,8.905337059337644,8.905337059337644,8.90533705933765,8.905337059337715,9.099533303523039,10.015029883253872,0.9753278254200831,1.0,1.024385470761041,0.8416272405880049,1.0,1.1710150586990182,0.8293033224061969,1.0,1.182574016759944
doubly_elliptic_torus,mean_curvature,1,baseline,0.0,1,256,512,0.09262787762998352,0.32514106969383466,0.32514106969383466,0.32514106969383466,1.3769531582446808,1.3769531582446808,1.3769531582446808,0.16794434230423066,0.16794434230423066,0.16794434230423066,20.0,20.0,20.0,20.0,20.0,20.0,7.0,7.0,7.0,20.0,20.0,20.0,8.216103648926683,8.216103648926683,8.216103648926683,8.216103648926694,8.216103648926694,8.216103648926694,9.438492567533961,9.438492567533961,9.438492567533961,0.23937288203490809,0.23937288203490809,0.23937288203490809,0.6392344559355139,0.6392344559355139,0.6392344559355139,0.397564890851846,0.397564890851846,0.397564890851846
doubly_elliptic_torus,mean_curvature,1,stress,0.05,8,256,512,0.09591774923735029,3.527735906635063,3.757446231281528,4.011460307170353,5.159174622748056,7.009050870275761,8.82601107084453,1.2342950965893649,1.7763343289175184,2.104938757424483,71.5,82.5,99.75,74.0,84.0,101.0,52.25,59.5,67.25,60.0,70.5,80.25,2.56113820010521,2.67285507625872,2.8423517593820145,7.5673156206090155,7.632858559786353,7.710258177685601,9.062197088178412,9.080682523409756,9.080682523409804,1.2174431963830104,1.296717631681237,1.3843794398950338,1.918337929438828,2.60617814224212,3.281779168356499,3.1331548785659935,4.509076139078075,5.343210999647412
doubly_elliptic_torus,mean_curvature,1,stress,0.1,8,256,512,0.1005081597251338,5.274700720774124,5.4159571035739615,5.7478625814344335,10.859951181494903,11.307013002159003,11.950670490371072,2.656163267019665,2.8103129888377207,2.969956628868068,116.75,117.5,124.5,121.5,122.0,130.5,78.5,80.5,87.25,89.0,93.0,99.25,2.3512814118296257,2.4127840397741878,2.6081484801096453,3.8894746423946667,4.9898066883884304,6.469050822183959,8.420574689362809,8.660406250733665,8.807878139054726,1.4662203819467379,1.5054857352824236,1.5977462448886206,3.522585276723034,3.6675963694008535,3.8763761653074735,7.332115254095051,7.757632593631509,8.19831543222793
doubly_elliptic_torus,mean_curvature,1,quality_controlled,0.05,8,256,512,0.09428988809289973,2.2090710213927074,2.4340280528910716,2.5622752999768714,3.6162149105262555,5.013528943220453,5.4536335590266445,0.7112925439689779,1.111858742371753,1.1785177030268899,55.0,63.5,68.75,56.0,65.0,69.5,40.75,45.0,52.0,50.0,54.0,60.0,8.216103648926683,8.216103648926683,8.216103648926683,8.216103648926694,8.216103648926694,8.216103648926694,9.438492567533961,9.438492567533961,9.438492567533967,1.0135646751682643,1.1167793289070604,1.1756216558738921,1.4036486187971857,1.9460217798358113,2.116850187822417,2.1022003705162127,3.286059835708794,3.483068075111295
doubly_elliptic_torus,mean_curvature,1,quality_controlled,0.1,8,256,512,0.09527217940573221,2.783523972874451,2.8866383202093537,3.1513526039982556,6.336597717850293,6.665119630261625,7.146386727797013,1.4804293909911095,1.5651166882199636,1.7508644948362475,83.5,87.0,92.5,85.5,90.0,96.0,56.75,63.0,67.25,67.0,72.0,78.25,8.216103648926683,8.216103648926683,8.216103648926683,8.216103648926694,8.280627973622927,8.802688418891808,9.438492567533961,9.438492567533983,9.438492567533983,0.8064728674016443,0.8363482786342454,0.91304418266447,1.9006873293946016,1.9992287650596285,2.1435867178713077,3.8065241835590378,4.0242746868276,4.501874984572687
doubly_elliptic_torus,mean_curvature,2,baseline,0.0,1,1024,2048,0.046549410757176744,0.08955391283518213,0.08955391283518213,0.08955391283518213,0.70427267446636,0.70427267446636,0.70427267446636,0.04910758931163792,0.04910758931163792,0.04910758931163792,20.0,20.0,20.0,20.0,20.0,20.0,7.0,7.0,7.0,20.0,20.0,20.0,8.207368177384408,8.207368177384408,8.207368177384408,8.511285837911071,8.511285837911071,8.511285837911071,9.319612215281076,9.319612215281076,9.319612215281076,0.06593069965921619,0.06593069965921619,0.06593069965921619,0.32695038113471864,0.32695038113471864,0.32695038113471864,0.11624954503862911,0.11624954503862911,0.11624954503862911
doubly_elliptic_torus,mean_curvature,2,stress,0.05,8,1024,2048,0.048370569054720716,5.5342696689453765,5.781826435038154,6.053342075221699,33.68769675153101,39.36534088579005,40.77904035800468,9.523114111747953,10.674166302723101,11.451140525517497,355.75,373.0,387.25,362.0,383.0,396.0,169.75,171.0,172.5,227.25,236.5,240.0,1.3177705314304888,1.3299883401843886,1.3824048912660913,5.069013140348198,5.915091166644631,6.1379041745537215,8.660218178168382,8.783319064685784,8.825215762532357,1.9099102466071878,1.995343597791832,2.0890453026817353,12.526109534837316,14.637230186691413,15.162886617551365,24.1736287544293,27.095478478699633,29.067762564891844
doubly_elliptic_torus,mean_curvature,2,stress,0.1,8,1024,2048,0.050133035256930754,7.589301554092718,7.693184852111916,7.7421939096018555,56.484026309294926,59.158366374004316,61.550489710172386,15.74910578333192,16.031401104840914,17.241876692776714,520.75,536.0,543.75,539.5,557.0,568.5,211.75,215.0,220.0,305.5,319.5,325.75,1.1930056049014512,1.2310629461784186,1.2933349139226888,3.290027021961628,3.500017393196397,3.606501641376963,8.126164830977357,8.245532948662262,8.332574623879887,2.109615163477501,2.138491836669538,2.152114994227793,18.321426691696235,19.188888320156252,19.964808791921328,43.474081652327,44.25333413981366,47.594750171431436
doubly_elliptic_torus,mean_curvature,2,quality_controlled,0.05,8,1024,2048,0.04710199984913645,2.3594273093619598,2.557800170641399,2.6593937379751145,13.286916405449396,13.973706262940318,14.796595815441767,2.684537573503614,2.8381303359118615,2.9548490184044756,260.75,273.0,285.0,266.0,278.0,288.0,138.0,147.0,148.5,189.0,199.5,205.25,8.207368177384408,8.207368177384408,8.207368177384408,8.511285837911071,8.511285837911103,8.53684787847455,9.319612215281094,9.386341882171799,9.418470981045115,1.082551059353859,1.1735683796472254,1.2201814808452414,5.157370986523756,5.423951280760406,5.743359228675538,7.934057413555742,8.387995479940574,8.732953485844877
doubly_elliptic_torus,mean_curvature,2,quality_controlled,0.1,8,1024,2048,0.047651420215170506,3.1111480313286717,3.1904958799395584,3.4429708966981165,21.2285293455601,22.1372422551645,23.707202810738806,4.349267552655432,4.651990097246262,5.02139376222782,359.75,376.5,385.75,369.5,386.0,398.0,176.25,178.0,179.75,240.5,245.0,254.75,8.207368177384408,8.207368177384408,8.207368177384408,8.511285837911087,8.511285837911116,8.517676348051975,9.418470981045173,9.422006924274484,9.423709415458967,0.9013956761958822,0.9243851986914586,0.9975350090386234,6.36758060798532,6.640152608015698,7.1110684320111845,11.182966388466516,11.961335619654285,12.911157335437881
doubly_elliptic_torus,mean_curvature,3,baseline,0.0,1,4096,8192,0.02330421909557627,0.026041970002285086,0.026041970002285086,0.026041970002285086,0.3346640106136304,0.3346640106136304,0.3346640106136304,0.01411098862588544,0.01411098862588544,0.01411098862588544,20.0,20.0,20.0,20.0,20.0,20.0,6.0,6.0,6.0,20.0,20.0,20.0,8.248926067354452,8.248926067354452,8.248926067354452,8.473709424009169,8.473709424009169,8.473709424009169,9.399991542895213,9.399991542895213,9.399991542895213,0.019172420817780828,0.019172420817780828,0.019172420817780828,0.1553638665664664,0.1553638665664664,0.1553638665664664,0.03340412410380116,0.03340412410380116,0.03340412410380116
doubly_elliptic_torus,mean_curvature,3,stress,0.05,8,4096,8192,0.02425609428489707,5.381353302189058,5.716737473962114,5.777031696307187,147.57300658893007,157.9577621013352,162.0260415305091,41.797465946633004,43.418848616718336,45.309084465501655,1607.0,1655.0,1663.5,1643.5,1695.0,1711.0,338.25,344.0,346.25,752.25,761.5,771.5,2.539109729629022,2.563475220905337,2.5857092823272305,5.909245429217414,5.96602406637036,6.004987732637181,8.712472329165445,8.713783737058701,8.753007960635848,1.8571378749642478,1.9728809999900456,1.993688904186375,54.872129090695324,58.73349681791996,60.24620675840712,106.09937178253031,110.21511609427351,115.01332171594431
doubly_elliptic_torus,mean_curvature,3,stress,0.1,8,4096,8192,0.025155903354811077,7.540477788489143,7.644055732487001,7.8430873797262475,245.8829437913941,254.16566042355913,262.6167437484232,68.3922561292659,70.33130571031104,71.68269836339331,2271.5,2283.5,2295.5,2357.5,2376.0,2404.5,378.75,381.0,390.25,983.5,988.0,999.25,2.539109729629022,2.5492028690208257,2.5527709569920245,4.618578275519514,4.830193891606276,4.929039300667814,7.978544001751452,8.018012953245275,8.138739346364837,2.0960435119202074,2.1248353051705187,2.180160578258579,79.75575793312683,82.44237918695435,85.18361265983151,188.79106968075308,194.1436529304944,197.87405866607796
doubly_elliptic_torus,mean_curvature,3,quality_controlled,0.05,8,4096,8192,0.023594853969356774,2.439838357932756,2.567930588210061,2.679852563591249,56.554693633214875,58.34407994211496,59.24149930264461,10.473037335097375,10.846395953983315,11.487682253787455,1318.0,1338.5,1370.5,1347.5,1366.0,1396.5,297.0,310.0,315.5,627.5,655.0,661.0,8.248926067354452,8.248926067354452,8.248926067354452,8.473709424009172,8.480732476099725,8.481427063669155,9.444387006299007,9.479061625180979,9.47906162518103,1.1194452096710434,1.1782164119163856,1.229568387259354,21.951935813794794,22.646493433606356,22.994830431560384,30.95269752642318,32.0561459368028,33.95144528794295
doubly_elliptic_torus,mean_curvature,3,quality_controlled,0.1,8,4096,8192,0.02380460030636667,2.9806516696002787,3.061856620522656,3.223922309402003,87.89225830936489,89.73447779334369,91.91423925116473,16.69598444582226,17.115198008784127,17.682270044649734,1842.25,1856.0,1858.75,1910.0,1922.0,1930.5,337.75,346.0,350.5,793.0,812.0,834.25,8.248926067354452,8.248926067354452,8.248926067354452,8.481427063669198,8.481427063669198,8.486825717912705,9.521331626572477,9.522390805459592,9.522390805459674,0.8635868496672932,0.8871144320613297,0.9340698677218958,26.363627479441966,26.916208436459108,27.570036431932476,42.92921293517445,44.00710734554007,45.46517986928089
ellipsoid,gaussian_curvature,0,baseline,0.0,1,58,112,0.17051173501655303,1.458260157195919,1.458260157195919,1.458260157195919,0.5585696017507579,0.5585696017507579,0.5585696017507579,0.027128401648457385,0.027128401648457385,0.027128401648457385,5.0,5.0,5.0,6.0,6.0,6.0,3.0,3.0,3.0,6.0,6.0,6.0,15.375780036137657,15.375780036137657,15.375780036137657,15.375780036137657,15.375780036137657,15.375780036137657,15.375780036137682,15.375780036137682,15.375780036137682,1.0,1.0,1.0,1.0,1.0,1.0,1.0,1.0,1.0
ellipsoid,gaussian_curvature,0,stress,0.05,8,58,112,0.1781064857670766,10.538681967208777,11.727905042791098,12.621987281371263,2.248954443412063,2.673017780325198,3.7209652085722156,0.16885222585122311,0.25303180715270657,0.30657680726807895,17.0,18.0,22.0,17.0,18.0,22.5,8.75,12.0,14.0,10.5,13.5,16.0,5.278663811272269,5.387663731060326,8.077988264835213,10.324612863552396,12.609170080199782,14.83765822429367,15.375780036137657,15.375780036137664,15.375780036137682,0.8985988485374622,1.0,1.0762354602393152,0.8413540904836242,1.0,1.3920465609920203,0.667316207204415,1.0,1.2116137125917044
ellipsoid,gaussian_curvature,0,stress,0.1,8,58,112,0.17971632453968733,12.48312888686026,15.110456313491284,15.908865046399601,3.5727931808369986,3.9889438208578465,5.782737077407982,0.18728033341991632,0.25335572196282347,0.3276891868614168,20.5,22.0,30.0,21.5,22.0,30.0,11.0,14.0,16.0,12.75,15.5,16.5,4.951664051908562,5.387663731060326,6.331544505878417,5.98841379010589,6.530971087714388,8.432081387153987,13.115562091857164,14.277303294880891,14.949994148037435,0.8261252094494838,1.0,1.052838161624243,0.8956739781982309,1.0,1.4496912809778228,0.7391991464372657,1.0,1.2933956427852091
ellipsoid,gaussian_curvature,0,quality_controlled,0.05,8,58,112,0.17454139220000736,7.282897927371875,8.172070525294725,9.823362260551345,1.3300265334718488,1.6610744582000962,1.929333981964048,0.14066313584251755,0.1624765130919451,0.1692056534289129,10.25,13.5,14.75,11.0,14.0,15.0,7.0,9.0,12.0,8.75,11.0,12.25,11.351033977347345,13.105942624704415,13.950148309441364,12.066004695361494,13.490656280839792,14.799294977116917,15.375780036137657,15.375780036137664,15.375780036137673,0.8911937194899842,1.0,1.202065282004779,0.8007025373883819,1.0,1.1614975911763954,0.8657444277064008,1.0,1.041416080447023
ellipsoid,gaussian_curvature,0,quality_controlled,0.1,8,58,112,0.18224340855502436,13.476285757221328,14.208467134464767,17.046444851984628,2.9263874189011996,3.560322374069225,4.322418371755611,0.24688257926896234,0.32907351250892947,0.39157346075317034,20.0,21.5,25.75,20.0,22.0,27.5,12.5,14.0,17.5,14.25,16.0,18.75,10.836694993843658,11.179587649512783,11.926980465993626,11.938946949393287,13.096378366288516,14.26955447029281,14.88263553730334,15.246773424450405,15.375780036137657,0.9484686581378351,1.0,1.1997384862604863,0.8219445071083612,1.0,1.214052526040039,0.7502353422087205,1.0,1.189927009827462
ellipsoid,gaussian_curvature,1,baseline,0.0,1,226,448,0.0874001285465749,0.47669739818826184,0.47669739818826184,0.47669739818826184,0.36878177829171566,0.36878177829171566,0.36878177829171566,0.02599277130280802,0.02599277130280802,0.02599277130280802,6.0,6.0,6.0,6.0,6.0,6.0,3.0,3.0,3.0,6.0,6.0,6.0,14.369708393674909,14.369708393674909,14.369708393674909,14.9213340374867,14.9213340374867,14.9213340374867,15.664873422249137,15.664873422249137,15.664873422249137,0.32689461879346743,0.32689461879346743,0.32689461879346743,0.6602252917735247,0.6602252917735247,0.6602252917735247,0.9581386931539352,0.9581386931539352,0.9581386931539352
ellipsoid,gaussian_curvature,1,stress,0.05,8,226,448,0.0910684074125525,11.84298957710316,13.983137417581574,16.775262332300766,7.080154307705988,7.84212391683325,9.822768499440281,0.7533917125306772,0.908693378891597,1.0037213435485195,76.0,81.5,84.0,77.5,82.0,86.5,44.25,47.0,49.0,55.75,58.5,62.0,2.3968846147799843,2.616909582822383,3.0624853172023956,8.092856486289154,9.000023500339307,9.857816407465732,14.412271256667385,14.518388661648148,14.899734727745244,1.0098128808079667,1.1922962683072473,1.4303716026940527,2.6487494246464083,2.933809110644667,3.67478606829366,2.9774585298519396,3.5912219460346098,3.966779334357622
ellipsoid,gaussian_curvature,1,stress,0.1,8,226,448,0.09346532550959175,20.503010779929188,20.974609684116,21.76812902592907,14.433065059239974,15.235047560096955,15.595717115193152,0.9447938706902856,1.0786033969655104,1.2132969418389195,96.0,102.0,106.5,98.5,104.0,110.0,44.0,50.5,61.5,55.25,61.5,72.25,2.3968846147799843,2.5345723114515692,2.5345723114517136,3.5392959921587903,4.439483647030633,5.915257472548492,11.952352984086827,12.171292945148284,12.424074623858552,1.3568756862506655,1.3880857896653287,1.4406003746222755,3.6182673177222275,3.819318657844764,3.9097359641026976,3.7291199242341224,4.257268746919325,4.788906808337072
ellipsoid,gaussian_curvature,1,quality_controlled,0.05,8,226,448,0.08983089968369774,7.819712515545682,8.513341383521228,10.712925975712464,3.78869705842601,4.134154229564723,4.6338141590255635,0.3896401608252273,0.46521431097924165,0.5290661499352817,67.75,72.5,75.25,68.0,74.0,76.5,41.75,47.0,50.5,54.0,59.5,63.5,10.0378328796068,10.165473640960144,10.306776586994388,11.561731816405468,12.083033642372502,12.577558598719392,14.750784130766942,14.921334037486709,15.005348016337717,0.9568826518740383,1.041760635468108,1.310919422752547,2.280871299731716,2.488843416474179,2.7896486735740087,2.398132218684006,2.8632711407092906,3.2562623351960065
ellipsoid,gaussian_curvature,1,quality_controlled,0.1,8,226,448,0.09151281300186156,9.196212114031365,11.336811650035397,13.006274632706722,5.933298971590055,6.879122353095063,7.936564540415505,0.4092366111373151,0.4935625822885519,0.6216696233041914,86.5,92.0,102.75,89.0,95.0,105.0,54.75,59.5,66.0,66.5,75.5,78.75,10.037832879606771,10.147691830383724,10.172721690657458,10.925480776574716,11.277818021241375,11.397654634259439,14.102365392391157,14.255599907697672,14.315445712761422,0.6472346402325536,0.7978912533454268,0.9153890078091572,1.6665061048414744,1.9321627735728486,2.229170200490724,1.2436024036611284,1.4998550886867839,1.889151206866953
ellipsoid,gaussian_curvature,2,baseline,0.0,1,898,1792,0.043975074123137156,0.18930862691654912,0.18930862691654912,0.18930862691654912,0.3346640106136302,0.3346640106136302,0.3346640106136302,0.027507217961837978,0.027507217961837978,0.027507217961837978,14.0,14.0,14.0,14.0,14.0,14.0,3.0,3.0,3.0,6.0,6.0,6.0,14.119516038306188,14.119516038306188,14.119516038306188,14.72363124257571,14.72363124257571,14.72363124257571,15.995262885652693,15.995262885652693,15.995262885652693,0.12981814389043564,0.12981814389043564,0.12981814389043564,0.5991446895152779,0.5991446895152779,0.5991446895152779,1.0139638272202496,1.0139638272202496,1.0139638272202496
ellipsoid,gaussian_curvature,2,stress,0.05,8,898,1792,0.04562711720082307,15.624708559495874,17.70753943525874,18.44648212980166,26.649072011352857,28.488038008815707,29.474652671203632,2.4439212850888117,2.749877355684632,3.1076213263292027,351.25,367.0,383.5,361.5,376.0,394.5,137.25,143.0,151.75,208.5,215.0,225.25,1.1856871118077705,1.4697173669405565,1.5810282337066641,8.813329459498055,8.980458255583022,9.264077853486336,14.2664531082606,14.443683983064988,14.573451284298745,1.3322676558589686,1.5098638137544609,1.572871033871504,9.969657593564808,10.657631317869448,11.02673273936014,9.658553652165505,10.867714168539534,12.281544210976332
ellipsoid,gaussian_curvature,2,stress,0.1,8,898,1792,0.047202371352842096,20.076529786792044,20.85237138941381,22.758473187468695,44.51483635736089,46.68276333053825,48.892645002494866,2.8635684640249943,3.1228094240241484,3.3957139887433536,469.75,477.0,491.5,492.5,497.0,513.5,165.5,174.0,177.75,262.25,277.0,288.75,1.1841898224195804,1.1861862082698604,1.2004900986462244,3.995861927055114,5.878796935702525,7.050947885787337,11.429909731326774,11.508870318984968,11.646521583400054,1.3286514563340375,1.379996140208942,1.5061406959066435,11.159554598035855,11.703038555328373,12.25704025883729,11.302560849386241,12.325789999257955,13.402949664746979
ellipsoid,gaussian_curvature,2,quality_controlled,0.05,8,898,1792,0.04498992288325774,6.709576972242629,7.793231033261693,9.720989179274277,10.874639717963598,11.95903398039971,13.67687299465654,0.6389148454729687,0.7397639404661964,1.0263104103981264,326.0,333.5,335.75,334.0,341.0,344.0,132.0,137.5,142.25,205.0,209.0,212.5,10.044410982927875,10.050602170629354,10.062132090723054,11.73584432099672,11.82678418848696,12.116820346730346,14.903861325410668,14.971254111327674,14.99247321752749,0.8210375756639287,0.9536421656102425,1.1895380918685463,6.546750306272916,7.199577310554914,8.233750707043258,3.9323520262366056,4.553051554273359,6.316669350340745
ellipsoid,gaussian_curvature,2,quality_controlled,0.1,8,898,1792,0.045920976104492556,8.072413760905027,8.92026930239032,10.625488484702537,21.60665198400665,21.717602126355388,22.88566087409547,0.9211433959859264,1.3304781968226838,1.6211699515971856,445.75,456.5,462.0,459.0,475.0,482.5,170.0,174.0,184.75,276.75,278.5,282.25,10.078148287899465,10.080074375399516,10.08775383084916,10.84047469208354,11.035741705272729,11.411586474911397,14.030728523306221,14.111676577361731,14.272011894405463,0.5681410728201761,0.6278136281677331,0.747827924303588,6.068734713848848,6.099897662225888,6.427974343216173,2.7992024911483298,4.043103277072721,4.926467460832767
ellipsoid,gaussian_curvature,3,baseline,0.0,1,3586,7168,0.022022140798497455,0.07960045723159098,0.07960045723159098,0.07960045723159098,0.4898979485566356,0.4898979485566356,0.4898979485566356,0.021676085255415097,0.021676085255415097,0.021676085255415097,38.0,38.0,38.0,38.0,38.0,38.0,7.0,7.0,7.0,22.0,22.0,22.0,14.057055697736574,14.057055697736574,14.057055697736574,14.667327303854242,14.667327303854242,14.667327303854242,15.972601200788088,15.972601200788088,15.972601200788088,0.05458590968065279,0.05458590968065279,0.05458590968065279,0.8770580193070289,0.8770580193070289,0.8770580193070289,0.7990181484447195,0.7990181484447195,0.7990181484447195
ellipsoid,gaussian_curvature,3,stress,0.05,8,3586,7168,0.022870142774465002,16.36610198334634,19.39249013179439,20.08226143928965,94.41389581424349,104.02257738372748,112.418272545193,8.103777192305657,9.157882503299605,9.539052647800064,1610.25,1633.0,1644.25,1654.0,1677.0,1693.0,283.0,287.5,290.0,672.75,683.5,704.5,0.5941409622234464,0.6115005728176324,0.61436461117733,8.56472240043876,8.6470000281295,8.997202670873277,14.333436432030597,14.392157521311503,14.57053698614268,1.3954838416266206,1.6535340336605602,1.712348570867207,35.32108783906299,38.91578206078081,42.05668715436538,32.02671349303911,36.192613910285026,37.69902588587677
ellipsoid,gaussian_curvature,3,stress,0.1,8,3586,7168,0.023679765735346088,25.756197650126488,25.806542459106822,26.085187380502873,172.14218528992737,178.6665979258197,181.87607321525417,11.41740331860482,12.302004503459935,12.694924964030275,2077.5,2096.5,2133.25,2181.5,2196.0,2219.0,321.0,323.0,329.0,840.25,846.5,864.5,0.586008966986305,0.5909219540173914,0.5952139649587981,7.673784402087495,7.778376314602323,8.00688176939592,10.876999138035577,11.037805928504408,11.088931888877514,1.7045281172038607,1.7078599033482265,1.7263004398624855,43.15482820033979,44.79045229756993,45.5950450503313,45.06471466344134,48.5562528769928,50.10711763554755
ellipsoid,gaussian_curvature,3,quality_controlled,0.05,8,3586,7168,0.022533794952583702,5.128411352219427,5.778405680912201,6.02989537656661,52.85745170383977,54.32209688991857,56.786588289052744,4.437580158424174,4.6069038968265055,4.915781796559336,1511.75,1547.5,1582.0,1550.5,1593.0,1627.0,277.25,283.0,291.75,686.25,707.0,726.5,10.013935963457381,10.018249272960134,10.037884230030773,11.865571221599813,12.09091096341237,12.243404370906221,14.914972493479901,14.927904015039497,15.014504075788604,0.6275534867627041,0.7070919986589081,0.7378662920128363,31.821241632428052,32.70298728738554,34.18666033224389,27.312133144517674,28.354276006769474,30.25533785167771
ellipsoid,gaussian_curvature,3,quality_controlled,0.1,8,3586,7168,0.023008097168608094,6.946568437646423,7.174728450450406,7.44703134936765,93.33032727616867,98.3805097525935,100.97221674197388,7.980142008381054,8.845756685162092,9.858078340680432,2002.0,2016.5,2031.25,2092.0,2104.0,2122.0,315.75,322.0,330.0,860.5,883.0,893.75,10.012298515489213,10.0139359634573,10.015014290833122,10.88197807095817,10.964183401255738,11.013577730318374,14.062651254506243,14.141588781166073,14.219376610775116,0.4889034384853859,0.5049614699848252,0.5241263029214291,26.214010269384108,27.63247240450048,28.360414067383726,24.25033223591495,26.88079212975873,29.95707027745945
ellipsoid,mean_curvature,0,baseline,0.0,1,58,112,0.17051173501655303,0.2504045109868723,0.2504045109868723,0.2504045109868723,0.8342661445845685,0.8342661445845685,0.8342661445845685,0.15064388555795957,0.15064388555795957,0.15064388555795957,6.0,6.0,6.0,6.0,6.0,6.0,3.0,3.0,3.0,6.0,6.0,6.0,15.375780036137657,15.375780036137657,15.375780036137657,15.375780036137657,15.375780036137657,15.375780036137657,15.375780036137682,15.375780036137682,15.375780036137682,1.0,1.0,1.0,1.0,1.0,1.0,1.0,1.0,1.0
ellipsoid,mean_curvature,0,stress,0.05,8,58,112,0.1781064857670766,1.3379054395534065,1.564805117747873,1.7839344007151003,1.9587437780266923,2.4785789450158613,3.526649299923303,0.22928115120604103,0.32168630806412934,0.42913051849393036,17.5,19.0,23.75,17.5,19.0,24.5,11.25,13.5,14.75,12.0,15.0,17.25,5.278663811272269,5.387663731060326,8.077988264835213,10.324612863552396,12.609170080199782,14.83765822429367,15.375780036137657,15.375780036137664,15.375780036137682,0.854998123650676,1.0,1.1400361492187645,0.7902688683632619,1.0,1.4228513104313225,0.7127476223213485,1.0,1.3340030574393662
ellipsoid,mean_curvature,0,stress,0.1,8,58,112,0.17971632453968733,1.4279314680260695,1.727346002105154,2.0100101727386,3.36961551468893,3.798240853753314,5.062762068770243,0.3007926772316929,0.33367410904838524,0.44882260546672875,24.5,26.0,28.25,25.5,27.0,30.0,16.0,17.0,19.0,19.0,19.5,20.25,4.951664051908562,5.387663731060326,6.331544505878417,5.98841379010589,6.530971087714388,8.432081387153987,13.115562091857164,14.277303294880891,14.949994148037435,0.8266620968154721,1.0,1.1636407357234493,0.8871516168752626,1.0,1.3329228618473115,0.9014564482978081,1.0,1.3450926916287835
ellipsoid,mean_curvature,0,quality_controlled,0.05,8,58,112,0.17454139220000736,0.7329644385284377,1.0698512645351652,1.4921325635368237,1.1365314758408507,1.6614260171124489,2.1491461499451154,0.17715417990122978,0.2453003174336418,0.2622162549282442,12.0,15.0,20.0,12.0,16.0,20.0,9.5,11.0,13.25,10.5,12.5,15.0,11.351033977347345,13.105942624704415,13.950148309441364,12.066004695361494,13.490656280839792,14.799294977116917,15.375780036137657,15.375780036137664,15.375780036137673,0.6851087275640134,1.0,1.3947102863734366,0.6840698677730697,1.0,1.2935551314408342,0.7221930316056488,1.0,1.068960112532991
ellipsoid,mean_curvature,0,quality_controlled,0.1,8,58,112,0.18224340855502436,1.4601817159353843,1.5722649310365853,2.12764677000619,2.5066497597975395,2.968931844693686,4.25327010498224,0.2812033375657694,0.32456669849209807,0.34089853964045447,23.75,26.5,28.75,24.0,28.0,31.0,19.75,20.5,21.0,20.75,22.5,25.0,10.836694993843658,11.179587649512783,11.926980465993626,11.938946949393287,13.096378366288516,14.26955447029281,14.88263553730334,15.246773424450405,15.375780036137657,0.9287122590546459,1.0,1.3532368038021712,0.8442934667825486,1.0,1.4325927058864711,0.8663961486874957,1.0,1.0503189058650575
ellipsoid,mean_curvature,1,baseline,0.0,1,226,448,0.0874001285465749,0.11981112591308084,0.11981112591308084,0.11981112591308084,0.7099295739719542,0.7099295739719542,0.7099295739719542,0.08640515373517782,0.08640515373517782,0.08640515373517782,14.0,14.0,14.0,14.0,14.0,14.0,5.0,5.0,5.0,14.0,14.0,14.0,14.369708393674909,14.369708393674909,14.369708393674909,14.9213340374867,14.9213340374867,14.9213340374867,15.664873422249137,15.664873422249137,15.664873422249137,0.4784703176507953,0.4784703176507953,0.4784703176507953,0.8509629433967635,0.8509629433967635,0.8509629433967635,0.5735722589413284,0.5735722589413284,0.5735722589413284
ellipsoid,mean_curvature,1,stress,0.05,8,226,448,0.0910684074125525,3.1198898983668286,3.215770587070029,3.2959601520088215,9.977805744960387,10.900315157963933,11.812738025774308,1.593512235504729,1.6820865141419348,1.9338686580280895,89.0,95.0,95.75,90.0,98.0,100.0,48.0,48.5,56.25,58.5,63.0,66.5,2.3968846147799843,2.616909582822383,3.0624853172023956,8.092856486289154,9.000023500339307,9.857816407465732,14.412271256667385,14.518388661648148,14.899734727745244,1.993788148429047,2.055061394289334,2.1063071143021905,4.025615470116299,4.397808340897601,4.765931724518347,4.953621573433758,5.228965212304295,6.011659836148717
ellipsoid,mean_curvature,1,stress,0.1,8,226,448,0.09346532550959175,3.58123089932601,3.67931008152833,3.8740348602970336,17.157617853880108,18.442850361736195,19.470396774634544,1.9936741595082923,2.067105916759073,2.170867466547746,110.5,115.5,125.25,114.5,120.0,130.0,54.75,59.0,63.25,66.0,70.5,78.25,2.3968846147799843,2.5345723114515692,2.5345723114517136,3.5392959921587903,4.439483647030633,5.915257472548492,11.952352984086827,12.171292945148284,12.424074623858552,2.0732562526335117,2.1300365283181684,2.2427671442638957,4.517253779976969,4.855629506357263,5.126161695458162,5.9749141615875105,6.194984449510666,6.505951189137525
ellipsoid,mean_curvature,1,quality_controlled,0.05,8,226,448,0.08983089968369774,1.8525903516052022,2.0824441104224203,2.363395077462178,6.609751750708045,7.246706507384083,8.252030476064537,0.5910178934549114,0.7086774243939478,0.9364309647253477,86.0,91.0,95.5,88.5,92.0,96.5,54.75,57.0,58.5,67.75,71.5,75.75,10.0378328796068,10.165473640960144,10.306776586994388,11.561731816405468,12.083033642372502,12.577558598719392,14.750784130766942,14.921334037486709,15.005348016337717,1.731633557876034,1.9464800196569492,2.20908752067423,3.9783605665425688,4.361738911479686,4.9668359536144315,2.409364568453086,2.889019597724972,3.8174877820069244
ellipsoid,mean_curvature,1,quality_controlled,0.1,8,226,448,0.09151281300186156,2.452836863893903,2.6514047014498896,2.9982846910601824,10.742841654623035,12.779209595674349,14.784672590717804,0.9215859766127138,1.1454312711765722,1.2267168917949336,107.0,115.0,120.25,110.5,118.0,126.0,63.75,69.5,73.5,79.5,87.0,88.5,10.037832879606771,10.147691830383724,10.172721690657458,10.925480776574716,11.277818021241375,11.397654634259439,14.102365392391157,14.255599907697672,14.315445712761422,1.5600658740615436,1.6863600078530236,1.9069843967603033,3.618419760569279,4.3043122119877495,4.97979521393937,2.8394347938168116,3.5291090444525657,3.779552546500082
ellipsoid,mean_curvature,2,baseline,0.0,1,898,1792,0.043975074123137156,0.05206493957752914,0.05206493957752914,0.05206493957752914,1.2930583900195691,1.2930583900195691,1.2930583900195691,0.11161168784674756,0.11161168784674756,0.11161168784674756,42.0,42.0,42.0,42.0,42.0,42.0,9.0,9.0,9.0,34.0,34.0,34.0,14.119516038306188,14.119516038306188,14.119516038306188,14.72363124257571,14.72363124257571,14.72363124257571,15.995262885652693,15.995262885652693,15.995262885652693,0.2079233292257211,0.2079233292257211,0.2079233292257211,1.549935111730395,1.549935111730395,1.549935111730395,0.7408975640355842,0.7408975640355842,0.7408975640355842
ellipsoid,mean_curvature,2,stress,0.05,8,898,1792,0.04562711720082307,3.912805872468969,4.155275025955206,4.361071783219982,41.743854642358215,43.34301872187777,45.74354888165476,5.087387962900756,5.494392765880626,6.019775956481936,392.0,408.5,410.75,403.5,417.0,420.5,161.5,167.5,172.25,238.0,247.0,257.5,1.1856871118077705,1.4697173669405565,1.5810282337066641,8.813329459498055,8.980458255583022,9.264077853486336,14.2664531082606,14.443683983064988,14.573451284298745,2.500506822281121,2.6554584841437863,2.7869743866230463,16.841849934334483,17.48704385996485,18.455554532019164,15.814748204597402,17.079970854044863,18.713186746144856
ellipsoid,mean_curvature,2,stress,0.1,8,898,1792,0.047202371352842096,5.351138649056448,5.452140031222305,5.688123695011996,67.58997847880113,71.39063504244504,75.66201391998037,6.246529814218491,6.469640725058701,6.794999215181695,500.0,510.0,515.0,522.0,531.0,539.0,190.0,192.5,202.5,274.25,282.0,287.75,1.1841898224195804,1.1861862082698604,1.2004900986462244,3.995861927055114,5.878796935702525,7.050947885787337,11.429909731326774,11.508870318984968,11.646521583400054,3.097896219133225,3.1563682230298173,3.2929845485963765,17.795074372919405,18.79571038047754,19.92027805325018,18.720451017410817,19.38910017175038,20.364178792776425
ellipsoid,mean_curvature,2,quality_controlled,0.05,8,898,1792,0.04498992288325774,1.7804145047447033,2.062635252140988,2.3573497758213096,25.75210994107904,27.28078814107987,31.34776255572256,1.7986357088150369,1.8936597698613007,2.0641735940767827,373.75,385.0,387.5,382.5,392.0,397.0,173.75,179.0,185.25,248.25,254.0,265.25,10.044410982927875,10.050602170629354,10.062132090723054,11.73584432099672,11.82678418848696,12.116820346730346,14.903861325410668,14.971254111327674,14.99247321752749,1.6641701176268342,1.9279644942394611,2.2034369205943256,15.500004018136236,16.420104091359878,18.867985834364646,7.332382312556936,7.719760780063279,8.414883501466235
ellipsoid,mean_curvature,2,quality_controlled,0.1,8,898,1792,0.045920976104492556,2.298933058337025,2.4307819086792337,2.6306125719534776,47.827359010115714,48.739148796175286,50.85535688743606,2.4505734574416396,2.8938883493187157,3.211869499177194,482.0,485.5,494.5,499.5,503.0,512.0,208.0,211.0,217.25,307.5,311.0,314.0,10.078148287899465,10.080074375399516,10.08775383084916,10.84047469208354,11.035741705272729,11.411586474911397,14.030728523306221,14.111676577361731,14.272011894405463,1.4621791868253091,1.5460383684043841,1.6731356910817377,16.10928155713531,16.4163919368125,17.12917626530526,7.550292339992796,8.916159183192267,9.895868904909818
ellipsoid,mean_curvature,3,baseline,0.0,1,3586,7168,0.022022140798497455,0.022719729569515113,0.022719729569515113,0.022719729569515113,1.5414279094398156,1.5414279094398156,1.5414279094398156,0.12680003318611477,0.12680003318611477,0.12680003318611477,74.0,74.0,74.0,74.0,74.0,74.0,13.0,13.0,13.0,50.0,50.0,50.0,14.057055697736574,14.057055697736574,14.057055697736574,14.667327303854242,14.667327303854242,14.667327303854242,15.972601200788088,15.972601200788088,15.972601200788088,0.09073210973705749,0.09073210973705749,0.09073210973705749,1.847645286154319,1.847645286154319,1.847645286154319,0.8417204104665039,0.8417204104665039,0.8417204104665039
ellipsoid,mean_curvature,3,stress,0.05,8,3586,7168,0.022870142774465002,4.7751333136006,4.899559671064875,5.1313318210519645,160.17712494762793,171.26571608329428,184.0856231938131,17.936352891418306,19.33529125974205,22.688724273674556,1664.0,1689.0,1708.5,1706.5,1727.0,1759.0,332.5,333.5,338.0,744.75,758.0,775.25,0.5941409622234464,0.6115005728176324,0.61436461117733,8.56472240043876,8.6470000281295,8.997202670873277,14.333436432030597,14.392157521311503,14.57053698614268,3.051583394917032,3.1310989563457636,3.279214620947286,64.62458065728582,69.09835025738843,74.27063138900144,55.757277949929495,60.10604360533582,70.53058742292343
ellipsoid,mean_curvature,3,stress,0.1,8,3586,7168,0.023679765735346088,6.709977184533906,6.7772955962686705,6.9157931025147805,275.3943052359541,287.30467448997604,290.2220868987352,25.51153539671877,26.420487579441556,27.519605289615733,2115.75,2148.5,2165.0,2224.0,2249.0,2266.0,354.25,360.5,364.25,863.75,870.0,888.25,0.586008966986305,0.5909219540173914,0.5952139649587981,7.673784402087495,7.778376314602323,8.00688176939592,10.876999138035577,11.037805928504408,11.088931888877514,3.8845588413417524,3.9235310053741594,4.003710370757424,72.50575090934986,75.6415102549565,76.4096059395354,76.45644269336884,79.18051434913815,82.47449994876644
ellipsoid,mean_curvature,3,quality_controlled,0.05,8,3586,7168,0.022533794952583702,1.5253710642670881,1.6583139541867036,1.7279718745241581,123.14420321398309,127.59162756050054,131.4859580503178,7.539494928509523,7.864958452144722,8.384603171959908,1599.75,1633.0,1640.0,1638.5,1677.0,1688.0,342.5,348.5,352.25,769.25,806.5,819.25,10.013935963457381,10.018249272960134,10.037884230030773,11.865571221599813,12.09091096341237,12.243404370906221,14.914972493479901,14.927904015039497,15.014504075788604,1.425778624405178,1.5500415891055817,1.6151514998441738,74.11958278347366,76.79645451938585,79.14042316421637,30.735773224382775,32.062569402391155,34.18097155226102
ellipsoid,mean_curvature,3,quality_controlled,0.1,8,3586,7168,0.023008097168608094,2.098139525553965,2.139543298136327,2.2092132685799335,202.72203963466046,213.38640291700574,223.52496725422128,10.825478847857513,10.937101990997784,11.041679833571571,2061.0,2077.5,2095.75,2159.0,2176.0,2196.5,381.0,385.0,387.5,935.75,954.5,962.0,10.012298515489213,10.0139359634573,10.015014290833122,10.88197807095817,10.964183401255738,11.013577730318374,14.062651254506243,14.141588781166073,14.219376610775116,1.3344694549478209,1.360803294598537,1.4051151462898888,68.28113619279661,71.87312275234176,75.28800893618461,33.35363393148934,33.69754827531716,34.019755830989524
product_sine_graph,gaussian_curvature,0,baseline,0.0,1,81,128,0.16294447684196148,14746.074127757072,14746.074127757072,14746.074127757072,19.94682932197496,19.94682932197496,19.94682932197496,5.134298836388856,5.134298836388856,5.134298836388856,25.0,25.0,25.0,73.0,73.0,73.0,4.0,4.0,4.0,73.0,73.0,73.0,13.633022225366389,13.633022225366389,13.633022225366389,13.633022225366389,13.633022225366389,13.633022225366389,13.633022225366389,13.633022225366389,13.633022225366389,1.0,1.0,1.0,1.0,1.0,1.0,1.0,1.0,1.0
product_sine_graph,gaussian_curvature,0,stress,0.05,8,81,128,0.16206460698874342,14879.044777841944,14972.992949396403,15026.951673708121,19.947230383435212,19.948333262701237,19.949097721961706,5.134371054182191,5.134381617114485,5.134389432655512,38.75,40.5,42.5,67.0,67.0,69.0,5.0,6.0,6.0,65.0,67.0,69.0,12.24366783546107,12.24366783546107,12.243667835461077,12.243667835461078,12.618793520735528,12.618793520735528,13.633022225366389,13.633022225366389,13.633022225366389,0.9937254914984618,1.0,1.0036037367074224,0.9999447132123019,1.0,1.0000383219615596,0.999997942706039,1.0,1.0000015221971426
product_sine_graph,gaussian_curvature,0,stress,0.1,8,81,128,0.16712670776009908,15244.003463731508,15311.769210771912,15462.379436912346,19.9474935682774,19.9501378431278,19.95075185267536,5.134434464958546,5.134453538825239,5.134473400134073,48.75,49.0,52.0,63.0,66.0,67.5,5.0,6.0,6.25,60.5,61.0,63.5,12.24366783546107,12.24366783546107,12.243667835461077,12.24366783546107,12.243667835461086,12.2436678354611,12.729941871927952,13.18148204864717,13.633022225366389,0.9955742706079497,1.0,1.0098362393050229,0.9998674558105217,1.0,1.0000307772082775,0.9999962851223506,1.0,1.0000038682420016
product_sine_graph,gaussian_curvature,0,quality_controlled,0.05,8,81,128,0.16282558213617987,14849.924593192649,14998.833216741265,15147.753160008915,19.945538312469246,19.94810766252853,19.950137839412697,5.134343814485968,5.134388967375219,5.134430338292089,39.5,41.0,42.25,66.5,69.0,69.5,5.75,6.0,6.0,64.5,66.0,67.5,12.24366783546107,12.24366783546107,12.2436678354611,12.243667835461094,12.431230678098313,13.633022225366389,13.633022225366389,13.633022225366389,13.633022225366389,0.9900719861740707,1.0,1.0099287685325702,0.9998711983059873,1.0,1.0001017729059074,0.9999912057910808,1.0,1.0000080576125283
product_sine_graph,gaussian_curvature,0,quality_controlled,0.1,8,81,128,0.16393588429616415,15272.231324462751,15423.295970268937,15481.43795779558,19.94775669424726,19.950639085933823,19.95380916014607,5.134414036735794,5.13445005168109,5.134494082091168,44.75,49.5,51.25,62.5,65.0,65.0,6.0,6.0,6.25,58.0,60.0,63.0,12.24366783546107,12.24366783546107,12.24366783546107,12.24366783546107,12.243667835461078,12.2436678354611,13.633022225366389,13.633022225366389,13.633022225366389,0.9902054239186365,1.0,1.0037697511374173,0.9998555238419107,1.0,1.0001588958728886,0.9999929856274902,1.0,1.0000085754870793
product_sine_graph,gaussian_curvature,1,baseline,0.0,1,289,512,0.09979699122801114,6063.983367405572,6063.983367405572,6063.983367405572,19.609181522949907,19.609181522949907,19.609181522949907,5.1180212572219705,5.1180212572219705,5.1180212572219705,42.0,42.0,42.0,81.0,81.0,81.0,4.0,4.0,4.0,77.0,77.0,77.0,9.874961397821242,9.874961397821242,9.874961397821242,9.874961397821242,9.874961397821242,9.874961397821242,9.874961397821352,9.874961397821352,9.874961397821352,0.4112269689456609,0.4112269689456609,0.4112269689456609,0.9830726080032642,0.9830726080032642,0.9830726080032642,0.9968296393167613,0.9968296393167613,0.9968296393167613
product_sine_graph,gaussian_curvature,1,stress,0.05,8,289,512,0.10208482984029225,6211.656025130146,6238.655525448554,6246.654693874293,19.62225760890893,19.62653798087257,19.63346628498956,5.119058217399516,5.119701914003096,5.120138029888395,76.75,77.5,80.75,96.5,98.0,103.0,14.0,15.5,16.25,84.5,88.0,95.5,4.4092564164047054,4.409256416404789,4.544592721522381,5.787473039614403,6.372807011436601,6.729680099063894,9.874961397821242,9.874961397821242,9.874961397821242,0.4148573398867828,0.4166605532062345,0.417194792983998,0.983653990060313,0.9838685629726094,0.9842158754034651,0.9970155315951017,0.9971409014354413,0.9972258417296813
product_sine_graph,gaussian_curvature,1,stress,0.1,8,289,512,0.10522368052040444,6279.301833480456,6363.282374680335,6414.565870254136,19.645559250144135,19.66344280183586,19.681196561157712,5.120626235254369,5.1207783478225455,5.121143083046569,94.25,98.5,111.25,107.0,108.0,127.0,17.75,18.5,19.25,92.5,96.0,102.0,4.4092564164047054,4.4092564164047054,4.409256416404789,4.45391739709376,4.9506016368745955,4.950601636874612,6.718650453214336,6.7528423553481955,6.762769036612915,0.410096426287756,0.41558113155230497,0.418930417638574,0.9847330080935465,0.9856294205310117,0.9865193271302269,0.9973069571150441,0.9973365829685115,0.9974076197830946
product_sine_graph,gaussian_curvature,1,quality_controlled,0.05,8,289,512,0.0992370759877736,6024.075750020663,6078.916168101723,6108.503739424579,19.612279264284364,19.61876621977959,19.635121210187986,5.11767508846887,5.1179116985126445,5.118710963901545,77.0,87.0,87.75,98.5,108.0,109.5,12.0,13.0,13.0,86.5,90.0,91.5,9.874961397821242,9.874961397821242,9.874961397821242,9.874961397821242,9.874961397821242,9.874961397821242,9.874961397821352,9.874961397821352,9.874961397821352,0.4016362915014458,0.40529260378178034,0.40726526198094154,0.9831648994518413,0.9834900909740132,0.9843099677605776,0.9967447189894353,0.9967908023783796,0.9969464714159183
product_sine_graph,gaussian_curvature,1,quality_controlled,0.1,8,289,512,0.09887604006662848,6057.412118114407,6088.573284201983,6114.479461008281,19.665935000389236,19.683317752701278,19.68813079633904,5.1179482163619685,5.118564648726259,5.118834861126034,107.75,109.5,117.25,121.5,125.0,138.5,15.75,17.0,18.0,102.5,105.0,111.0,9.874961397821242,9.874961397821242,9.874961397821242,9.874961397821242,9.874961397821242,9.874961397821242,9.874961397821352,9.874961397821352,9.874961397821352,0.39274433491979366,0.39476473095885334,0.3964444093399358,0.9857295756633021,0.9866008636574946,0.9868421112494654,0.9967860559255575,0.9969061140346218,0.996958741365116
product_sine_graph,gaussian_curvature,2,baseline,0.0,1,1089,2048,0.05273582244373537,2124.6725362730613,2124.6725362730613,2124.6725362730613,18.119437077348735,18.119437077348735,18.119437077348735,4.866102595665649,4.866102595665649,4.866102595665649,31.0,31.0,31.0,81.0,81.0,81.0,5.0,5.0,5.0,81.0,81.0,81.0,9.156456042400311,9.156456042400311,9.156456042400311,9.156456042400311,9.156456042400311,9.156456042400311,9.186804082658096,9.186804082658096,9.186804082658096,0.14408394518197307,0.14408394518197307,0.14408394518197307,0.9083868310532427,0.9083868310532427,0.9083868310532427,0.9477638039253984,0.9477638039253984,0.9477638039253984
product_sine_graph,gaussian_curvature,2,stress,0.05,8,1089,2048,0.05435901609891073,2214.3671423353553,2242.998871991558,2246.7203030724804,18.16418009316915,18.181581541685627,18.218602413356972,4.871134518737465,4.879385716033807,4.883137494413368,151.5,156.0,160.25,188.5,193.0,197.5,18.75,21.0,22.75,109.0,117.0,131.0,4.090792888586786,4.090792888586786,4.090792888586808,4.419268679132952,4.517314697893892,4.639924413508943,9.156456042400311,9.156456042400311,9.15645604240033,0.14789074901852683,0.1498029738992149,0.1500515167986539,0.9105612912098255,0.9114336171474022,0.9132894549852714,0.9487285679156501,0.9503356158352746,0.951066332532891
product_sine_graph,gaussian_curvature,2,stress,0.1,8,1089,2048,0.05636210042783404,2331.6634782688134,2336.6324035247126,2349.966003868856,18.33819332043696,18.39071049408006,18.42746242099317,4.892251389707775,4.8956598791631905,4.9023227575088155,238.25,241.5,256.75,267.0,269.0,281.5,31.75,32.0,35.0,151.5,160.0,164.0,4.090792888586786,4.090792888586786,4.090792888586786,4.247603377162065,4.247603377162065,4.331538221208824,5.676306957992087,5.727957092516219,5.730403069121216,0.15227916814658332,0.15260368487534928,0.1534744921713973,0.919201334077694,0.9218337556707704,0.9236759447925748,0.9528280571075379,0.9534919036940619,0.9547895838259869
product_sine_graph,gaussian_curvature,2,quality_controlled,0.05,8,1089,2048,0.05246515206536674,2157.295713797892,2171.641735469252,2189.5472042345036,18.13523635506505,18.16011898092849,18.2503106376914,4.83402208238962,4.854986219816325,4.859096605898322,150.5,165.0,180.25,190.0,205.0,227.5,18.75,20.0,22.25,129.0,133.0,156.0,9.156456042400311,9.156456042400311,9.156456042400311,9.15645604240038,9.156456042400391,9.156456042400391,9.186804082658096,9.186804082658096,9.19853505019719,0.14383090221911266,0.1447873780638702,0.14598116884122656,0.9091206374994225,0.9103680052339661,0.9148893191494875,0.9414990007780513,0.9455820839959211,0.9463826439278068
product_sine_graph,gaussian_curvature,2,quality_controlled,0.1,8,1089,2048,0.05193582646861562,2187.0604100550454,2204.9143407497345,2214.3182077591964,18.46856114134443,18.56363485906642,18.592094047081346,4.845421716302775,4.849810606142505,4.852553933173862,258.0,276.0,285.5,297.0,318.0,326.0,26.75,28.0,28.5,178.0,186.0,191.5,9.156456042400311,9.156456042400311,9.156456042400311,9.156456042400391,9.156456042400391,9.156456042400391,9.320872283104952,9.405228655737957,9.489585028370938,0.14180240165727104,0.14295999668294554,0.143569715061403,0.925712758463245,0.9304782056908989,0.9319046857095261,0.9437080247214241,0.9445628173078848,0.9450971154320742
product_sine_graph,gaussian_curvature,3,baseline,0.0,1,4225,8192,0.026814243816187557,932.8746966432764,932.8746966432764,932.8746966432764,14.261907305826947,14.261907305826947,14.261907305826947,3.6098510767365397,3.6098510767365397,3.6098510767365397,35.0,35.0,35.0,81.0,81.0,81.0,5.0,5.0,5.0,81.0,81.0,81.0,8.987786216446077,8.987786216446077,8.987786216446077,8.989479984194292,8.989479984194292,8.989479984194292,9.15811809257834,9.15811809257834,9.15811809257834,0.06326258016615367,0.06326258016615367,0.06326258016615367,0.714996206946782,0.714996206946782,0.714996206946782,0.7030855023770846,0.7030855023770846,0.7030855023770846
product_sine_graph,gaussian_curvature,3,stress,0.05,8,4225,8192,0.02785257929411972,986.6713843236994,998.3272552206122,1007.9778507820581,14.392019061975846,14.455481879006548,14.547359568536194,3.511402251079004,3.559082785455356,3.5901063970398903,610.25,638.5,657.25,656.5,694.0,708.5,36.0,37.0,39.5,147.0,150.0,153.5,4.016679882319762,4.016679882319944,4.016679882319989,4.416403680431172,4.420075017856153,4.439738116034794,7.47231954634217,7.766419493656639,8.306036497486701,0.06589673738966627,0.06667519704274336,0.067319730543431,0.7214647395572436,0.7246460989317314,0.7292518816966221,0.6838997396248094,0.69318625900183,0.6992285857897577
product_sine_graph,gaussian_curvature,3,stress,0.1,8,4225,8192,0.028811857353253464,1055.2680812052831,1070.6235583413809,1081.7473019818292,15.117949170104595,15.541621417147566,15.748926837239303,3.430368560523416,3.5691922648469205,3.7192071569462235,1041.0,1082.5,1120.0,1107.0,1150.0,1192.0,51.25,53.0,57.5,228.5,249.0,256.5,4.016679882319762,4.016679882319762,4.016679882319944,4.24102281514145,4.264472428362479,4.294906541361695,5.220375189367623,5.233870083550961,5.536484137522176,0.06891875567605188,0.06992161020740774,0.07064809344310219,0.7577867024769585,0.7790232598568821,0.7894144371871755,0.6681078199625277,0.6951454985146385,0.7243628029395269
product_sine_graph,gaussian_curvature,3,quality_controlled,0.05,8,4225,8192,0.026684280742840245,1034.915130375017,1044.1972517233357,1069.4604439100924,14.650242485307423,14.824838808181564,15.046596321990686,3.5435991391433403,3.58067105631617,3.596714025404671,717.5,743.5,771.75,785.5,822.0,849.0,48.5,49.5,53.0,182.5,193.0,198.5,8.987786216446077,8.987786216446077,8.987786216446077,8.989479984194292,8.989479984194292,8.989479984194292,9.158118092578379,9.158118092578379,9.15811809257839,0.0689997092053717,0.06961856543333203,0.07130290926339466,0.7344176567097206,0.743170182304021,0.7542869016219983,0.6901695920702486,0.6973899093092407,0.7005145204733813
product_sine_graph,gaussian_curvature,3,quality_controlled,0.1,8,4225,8192,0.026465053354996552,1082.0636340427163,1110.9562460358898,1127.7327256221784,16.299721968964178,16.851655241007457,17.137474117056122,3.550206849494544,3.598614750461853,3.665299260243194,1131.75,1136.0,1142.25,1223.0,1242.0,1249.5,64.0,67.5,71.75,319.5,332.0,342.0,8.987786216446077,8.987786216446077,8.987786216446077,8.989479984194332,8.989479984194332,8.989479984194343,9.158249924670335,9.158249924670345,9.158249924670384,0.07015774294473637,0.07203105277739917,0.073118789122382,0.8170024979528742,0.8446674398961334,0.8589937416660943,0.6914483174945206,0.7008763770685854,0.7138640406177726
product_sine_graph,mean_curvature,0,baseline,0.0,1,81,128,0.16294447684196148,70.90149245072399,70.90149245072399,70.90149245072399,13.506220788954986,13.506220788954986,13.506220788954986,2.3098608089995345,2.3098608089995345,2.3098608089995345,16.0,16.0,16.0,21.0,21.0,21.0,5.0,5.0,5.0,15.0,15.0,15.0,13.633022225366389,13.633022225366389,13.633022225366389,13.633022225366389,13.633022225366389,13.633022225366389,13.633022225366389,13.633022225366389,13.633022225366389,1.0,1.0,1.0,1.0,1.0,1.0,1.0,1.0,1.0
product_sine_graph,mean_curvature,0,stress,0.05,8,81,128,0.16206460698874342,70.82140881240363,70.86964942782681,70.95002713031457,13.518190032724439,13.535545759416024,13.547342640549179,2.311380862310928,2.3127650173802996,2.3131801767582942,23.0,25.5,26.5,27.0,28.0,31.0,10.0,10.5,11.25,18.5,19.0,19.5,12.24366783546107,12.24366783546107,12.243667835461077,12.243667835461078,12.618793520735528,12.618793520735528,13.633022225366389,13.633022225366389,13.633022225366389,0.9993193050083828,1.0,1.0011341625524706,0.998717766760198,1.0,1.0008715482436272,0.999401515044127,1.0,1.0001795078076998
product_sine_graph,mean_curvature,0,stress,0.1,8,81,128,0.16712670776009908,71.00621568768568,71.27648217980997,71.37866534279932,13.503980853073976,13.508293337891644,13.534874265085442,2.310663208647795,2.3116900330674137,2.3143723135404755,28.75,30.5,31.5,33.0,34.0,35.5,11.75,13.5,15.25,24.0,27.0,29.0,12.24366783546107,12.24366783546107,12.243667835461077,12.24366783546107,12.243667835461086,12.2436678354611,12.729941871927952,13.18148204864717,13.633022225366389,0.9962081954123032,1.0,1.0014336168097013,0.9996807528005355,1.0,1.0019677487398972,0.9995558122391278,1.0,1.0011603114754544
product_sine_graph,mean_curvature,0,quality_controlled,0.05,8,81,128,0.16282558213617987,70.8062092977823,70.92761944159189,71.11356962198396,13.507016631076535,13.51032937914125,13.523344178550929,2.3103839566279483,2.3111032165757535,2.3123580118812597,26.5,28.0,30.25,30.5,32.0,35.0,9.75,11.5,13.0,20.5,21.0,23.5,12.24366783546107,12.24366783546107,12.2436678354611,12.243667835461094,12.431230678098313,13.633022225366389,13.633022225366389,13.633022225366389,13.633022225366389,0.998288252943417,1.0,1.0026216892919295,0.9997547988674629,1.0,1.0009633221400043,0.999688780690258,1.0,1.0005429421310597
product_sine_graph,mean_curvature,0,quality_controlled,0.1,8,81,128,0.16393588429616415,70.86969374087639,71.05050179091529,71.13462755240428,13.508015901139864,13.519023599184596,13.536409958663633,2.311502856110457,2.3121763689666532,2.3146383585968353,27.5,32.0,34.5,31.0,37.0,38.0,11.75,13.5,15.0,22.0,24.0,27.5,12.24366783546107,12.24366783546107,12.24366783546107,12.24366783546107,12.243667835461078,12.2436678354611,13.633022225366389,13.633022225366389,13.633022225366389,0.9974552178312409,1.0,1.0011840276897206,0.9991857623471124,1.0,1.001286066212658,0.9997087104317665,1.0,1.00106479318067
product_sine_graph,mean_curvature,1,baseline,0.0,1,289,512,0.09979699122801114,26.415404874449443,26.415404874449443,26.415404874449443,12.753038853543881,12.753038853543881,12.753038853543881,2.2441045806646307,2.2441045806646307,2.2441045806646307,55.0,55.0,55.0,63.0,63.0,63.0,10.0,10.0,10.0,59.0,59.0,59.0,9.874961397821242,9.874961397821242,9.874961397821242,9.874961397821242,9.874961397821242,9.874961397821242,9.874961397821352,9.874961397821352,9.874961397821352,0.3725648637482201,0.3725648637482201,0.3725648637482201,0.9442344422484907,0.9442344422484907,0.9442344422484907,0.9715323849477386,0.9715323849477386,0.9715323849477386
product_sine_graph,mean_curvature,1,stress,0.05,8,289,512,0.10208482984029225,27.280149382374745,27.432846697472797,27.813677821368522,12.645348660550209,12.681285131982392,12.76626408119583,2.2318124102037906,2.2357260736277653,2.2375695116070373,81.5,88.5,94.5,89.0,93.0,98.0,31.75,32.5,33.5,73.0,75.0,79.0,4.4092564164047054,4.409256416404789,4.544592721522381,5.787473039614403,6.372807011436601,6.729680099063894,9.874961397821242,9.874961397821242,9.874961397821242,0.3849341657906276,0.3870887879219754,0.39246247224199676,0.9342326408784405,0.9368876111375587,0.9431658174783945,0.9649974785297448,0.9666896795940829,0.9674867506174764
product_sine_graph,mean_curvature,1,stress,0.1,8,289,512,0.10522368052040444,28.687555098218983,28.73146624485475,29.125394784405792,12.53245688372338,12.648711044731751,12.672536684329831,2.2072519936539843,2.2132817741299737,2.2212009446509806,107.5,111.5,113.5,113.0,117.0,123.0,44.75,46.5,48.25,94.5,97.0,100.0,4.4092564164047054,4.4092564164047054,4.409256416404789,4.45391739709376,4.9506016368745955,4.950601636874612,6.718650453214336,6.7528423553481955,6.762769036612915,0.40248275757841934,0.4030988253933964,0.40862559281378164,0.9277601966614851,0.9363663290647748,0.9381301077303777,0.9548217806368923,0.9574301668780132,0.9608558729232561
product_sine_graph,mean_curvature,1,quality_controlled,0.05,8,289,512,0.0992370759877736,26.027935238419246,26.11307041861724,26.31909385678254,12.770394270018153,12.847668493515108,12.878256648403607,2.243342170486845,2.248264060112109,2.2498807254328343,74.5,76.0,85.0,78.5,82.0,88.5,24.0,26.0,27.25,61.5,64.0,71.5,9.874961397821242,9.874961397821242,9.874961397821242,9.874961397821242,9.874961397821242,9.874961397821242,9.874961397821352,9.874961397821352,9.874961397821352,0.36696473733836454,0.36816504803352473,0.3710697477793686,0.9452318971389778,0.9509515373733796,0.9532155943056794,0.9706802164425582,0.972809887497474,0.9735094085353619
product_sine_graph,mean_curvature,1,quality_controlled,0.1,8,289,512,0.09887604006662848,25.982767679125217,26.01172917168268,26.109796304601126,12.717102275900778,12.796980639914898,12.919420796441804,2.2376383829288073,2.241493497400967,2.2501657846531504,84.5,88.5,90.75,90.5,95.0,98.0,31.0,33.0,35.0,63.0,69.0,74.5,9.874961397821242,9.874961397821242,9.874961397821242,9.874961397821242,9.874961397821242,9.874961397821242,9.874961397821352,9.874961397821352,9.874961397821352,0.36569435857872357,0.3661019769885511,0.3674822224540516,0.9406820087707972,0.9465905985020066,0.9556474771758696,0.9677628458458997,0.9694301557120075,0.9731808588887118
product_sine_graph,mean_curvature,2,baseline,0.0,1,1089,2048,0.05273582244373537,8.86017864857397,8.86017864857397,8.86017864857397,11.079801442264202,11.079801442264202,11.079801442264202,1.9400454372307834,1.9400454372307834,1.9400454372307834,116.0,116.0,116.0,127.0,127.0,127.0,13.0,13.0,13.0,111.0,111.0,111.0,9.156456042400311,9.156456042400311,9.156456042400311,9.156456042400311,9.156456042400311,9.156456042400311,9.186804082658096,9.186804082658096,9.186804082658096,0.12496462827960537,0.12496462827960537,0.12496462827960537,0.8203480170652147,0.8203480170652147,0.8203480170652147,0.8398971183337542,0.8398971183337542,0.8398971183337542
product_sine_graph,mean_curvature,2,stress,0.05,8,1089,2048,0.05435901609891073,10.68687364112796,10.83017175138699,11.139689703659093,9.128173015010333,9.251290386893896,9.426110744998383,1.752891198200912,1.7837622058659792,1.792275174666786,225.0,237.5,240.0,230.0,244.0,246.0,71.0,75.0,77.5,160.0,162.0,172.0,4.090792888586786,4.090792888586786,4.090792888586808,4.419268679132952,4.517314697893892,4.639924413508943,9.156456042400311,9.156456042400311,9.15645604240033,0.15079619734836422,0.15281819282055806,0.15718561885936347,0.6743852946350762,0.6834811503967781,0.6963967994006517,0.7579201453792465,0.77126824059561,0.7749491025668144
product_sine_graph,mean_curvature,2,stress,0.1,8,1089,2048,0.05636210042783404,12.443520653754726,12.600157025652635,12.99141522346309,9.020808164703642,9.146305065678458,9.601219567470874,1.5603702995183342,1.6262118409672666,1.6515904408687783,343.75,356.5,367.75,356.0,368.0,383.5,104.0,105.5,106.5,221.5,232.0,247.0,4.090792888586786,4.090792888586786,4.090792888586786,4.247603377162065,4.247603377162065,4.331538221208824,5.676306957992087,5.727957092516219,5.730403069121216,0.17458101568990622,0.17677860411048457,0.1822679069751156,0.6677977697892957,0.6770881292622271,0.7107648114613285,0.67499114379442,0.703473137706712,0.7144515126352212
product_sine_graph,mean_curvature,2,quality_controlled,0.05,8,1089,2048,0.05246515206536674,8.913647395269518,9.024390228511358,9.087954050583537,10.46789858792619,10.52234616355327,10.60671820936522,1.891126640215218,1.9015827674441903,1.9065073916065494,169.75,175.5,187.75,175.0,183.0,191.5,52.0,54.0,59.0,129.0,139.0,150.5,9.156456042400311,9.156456042400311,9.156456042400311,9.15645604240038,9.156456042400391,9.156456042400391,9.186804082658096,9.186804082658096,9.19853505019719,0.1256724455923663,0.12723379551660893,0.12812997422065417,0.7748070601511534,0.7788371303366473,0.7850821332114264,0.818278745255353,0.8228030465301636,0.8249339008022871
product_sine_graph,mean_curvature,2,quality_controlled,0.1,8,1089,2048,0.05193582646861562,9.17136021351179,9.367746783803717,9.43287895188349,9.952878808808459,10.063279835869103,10.120529712379042,1.8053475177295597,1.8191144009035318,1.8348415075979416,233.75,237.5,240.25,241.0,246.0,247.5,72.75,73.5,76.0,184.5,185.0,190.0,9.156456042400311,9.156456042400311,9.156456042400311,9.156456042400391,9.156456042400391,9.156456042400391,9.320872283104952,9.405228655737957,9.489585028370938,0.12908227221956742,0.13184631420860005,0.13276301664472698,0.7362128437595722,0.7443791899642865,0.7486139541164397,0.7808000903220013,0.7867541703648332,0.793556033278707
product_sine_graph,mean_curvature,3,baseline,0.0,1,4225,8192,0.026814243816187557,2.8390975455154366,2.8390975455154366,2.8390975455154366,9.861034428496835,9.861034428496835,9.861034428496835,1.1502667829264626,1.1502667829264626,1.1502667829264626,303.0,303.0,303.0,319.0,319.0,319.0,17.0,17.0,17.0,181.0,181.0,181.0,8.987786216446077,8.987786216446077,8.987786216446077,8.989479984194292,8.989479984194292,8.989479984194292,9.15811809257834,9.15811809257834,9.15811809257834,0.04004284603019588,0.04004284603019588,0.04004284603019588,0.7301105603545972,0.7301105603545972,0.7301105603545972,0.49798099454515415,0.49798099454515415,0.49798099454515415
product_sine_graph,mean_curvature,3,stress,0.05,8,4225,8192,0.02785257929411972,6.49432200212717,6.523056330834617,6.597438901667312,16.49890531800481,16.54315323263688,16.918466456898443,1.2378290347062193,1.261034519768658,1.3112545928348116,1190.25,1206.0,1223.75,1217.5,1236.0,1251.0,147.5,148.0,149.25,553.0,564.0,583.5,4.016679882319762,4.016679882319944,4.016679882319989,4.416403680431172,4.420075017856153,4.439738116034794,7.47231954634217,7.766419493656639,8.306036497486701,0.09163756353473915,0.09204301677091904,0.09309258554165843,1.2189316641722643,1.2222006800965974,1.249928651390291,0.5352160835208088,0.545249737994156,0.5669640378424988
product_sine_graph,mean_curvature,3,stress,0.1,8,4225,8192,0.028811857353253464,8.293181887025431,8.703835044318621,8.986694450200485,28.83757016525165,30.31255292305184,31.826531814116443,2.4141394924705715,2.6338198419905194,2.8346983684720257,1668.5,1681.5,1743.25,1723.5,1739.0,1807.5,171.75,177.0,180.0,686.0,701.0,712.0,4.016679882319762,4.016679882319762,4.016679882319944,4.24102281514145,4.264472428362479,4.294906541361695,5.220375189367623,5.233870083550961,5.536484137522176,0.11635228947051748,0.12211370115547172,0.12608218272514699,2.1348048523909666,2.243995756149532,2.3560734889314956,1.0443179915722594,1.139348184365214,1.2262450103271956
product_sine_graph,mean_curvature,3,quality_controlled,0.05,8,4225,8192,0.026684280742840245,4.912733001704522,5.026847908426466,5.229183445079125,11.253411773298584,11.766227195678894,12.093077001354484,0.857174818729445,0.8994293354971583,0.9421256744732982,610.75,631.0,651.25,623.5,646.0,669.5,127.75,129.0,132.25,367.5,374.0,399.5,8.987786216446077,8.987786216446077,8.987786216446077,8.989479984194292,8.989479984194292,8.989479984194292,9.158118092578379,9.158118092578379,9.15811809257839,0.06926403339604685,0.0708729257798652,0.07372563024458052,0.8329487355558373,0.8709060205330674,0.8950986065539691,0.3708942173510875,0.3891774841756302,0.4076519247241579
product_sine_graph,mean_curvature,3,quality_controlled,0.1,8,4225,8192,0.026465053354996552,6.181952084077096,6.44573268167726,6.684268308979526,17.019560024648136,17.56433813398455,18.358672305158894,1.5169008732042035,1.627621314759015,1.7428413281444812,824.25,835.0,850.5,857.0,865.0,878.5,157.0,158.0,166.25,484.5,492.0,498.5,8.987786216446077,8.987786216446077,8.987786216446077,8.989479984194332,8.989479984194332,8.989479984194343,9.158249924670335,9.158249924670345,9.158249924670384,0.08700785959639117,0.0907204385501107,0.09407770727150859,1.258934116046271,1.2992312651221312,1.3579880359308052,0.6560489474607551,0.7039347588724054,0.7537666034202155
helicoid_patch,gaussian_curvature,0,baseline,0.0,1,81,128,0.2105116946896406,62.89660841333563,62.89660841333563,62.89660841333563,0.30000000000000004,0.30000000000000004,0.30000000000000004,0.04374926513668586,0.04374926513668586,0.04374926513668586,3.0,3.0,3.0,5.0,5.0,5.0,1.0,1.0,1.0,1.0,1.0,1.0,7.754723671539981,7.754723671539981,7.754723671539981,7.754723671539981,7.754723671539981,7.754723671539981,7.7547236715400745,7.7547236715400745,7.7547236715400745,1.0,1.0,1.0,1.0,1.0,1.0,1.0,1.0,1.0
helicoid_patch,gaussian_curvature,0,stress,0.05,8,81,128,0.2166800917007654,55.643479692169,59.727834880106144,61.40713277931521,1.9572599391877794,2.2103313800621844,2.4092650281354078,0.404127355464837,0.5309449836491601,0.6537486302929211,20.75,25.0,26.75,24.0,26.0,28.0,13.0,16.0,17.0,16.25,19.0,19.5,5.073324421903795,5.190238269860207,7.357035588449226,7.408550830088545,7.754723671539981,7.754723671539981,7.754723671540059,7.7547236715400745,7.7547236715400745,0.9316172234246258,1.0,1.028115834142992,0.8855052038091749,1.0,1.090001729997439,0.7611473277085858,1.0,1.2312926017301025
helicoid_patch,gaussian_curvature,0,stress,0.1,8,81,128,0.22661274814049281,55.65439768272138,58.22684718199401,59.294918086667245,3.0055167913841117,4.1740652502153335,4.404983597010582,0.8553998865488295,0.9683788710943377,1.1139333623297056,28.5,31.5,32.0,30.5,32.0,33.0,14.75,17.0,17.25,16.0,18.5,20.0,4.722582878034557,4.722582878034557,5.190238269860207,6.694673235180513,7.103831265891797,7.168232501798911,7.754723671539981,7.754723671539981,7.754723671539981,0.9558202165535055,1.0,1.0183432721564825,0.7200454739487031,1.0,1.0553221698638602,0.8833318364145699,1.0,1.1503073802827615
helicoid_patch,gaussian_curvature,0,quality_controlled,0.05,8,81,128,0.21360360696688632,60.24176885022771,61.193689934723196,62.96101072874458,1.826370332570634,2.301958909700711,2.8051479398371915,0.4419754009914688,0.5386407288152352,0.678673836303757,19.75,22.5,25.0,23.0,25.0,26.0,13.5,15.5,18.0,17.5,19.0,20.25,7.754723671539981,7.754723671539981,7.754723671539981,7.754723671539981,7.754723671539981,7.754723671539981,7.7547236715400745,7.7547236715400745,7.757953464022524,0.9844441300155142,1.0,1.028880768522157,0.7933983203931686,1.0,1.2185916646973955,0.820538398504721,1.0,1.2599749703230407
helicoid_patch,gaussian_curvature,0,quality_controlled,0.1,8,81,128,0.22481940154840654,51.45384884968897,55.34220383190487,61.67787831857397,2.635902449461901,2.7471311811257992,3.84467517147414,0.692963545452121,0.7548132139104223,0.8636901295824624,26.5,29.5,32.0,30.0,32.0,35.5,16.0,17.5,18.5,19.5,21.0,22.0,7.754723671539981,7.754723671539981,7.754723671539981,7.754723671539981,7.754723671539981,7.754723671539981,7.7644130489874215,7.77963921354754,7.791635585625212,0.9297397878475114,1.0,1.1144817887251641,0.9595109500310373,1.0,1.3995236914381923,0.9180596373798494,1.0,1.1442435210003636
helicoid_patch,gaussian_curvature,1,baseline,0.0,1,289,512,0.10661765833072771,114.88802416748455,114.88802416748455,114.88802416748455,0.1549193338482967,0.1549193338482967,0.1549193338482967,0.012580497923373233,0.012580497923373233,0.012580497923373233,1.0,1.0,1.0,1.0,1.0,1.0,1.0,1.0,1.0,1.0,1.0,1.0,7.789096995321862,7.789096995321862,7.789096995321862,7.789096995321862,7.789096995321862,7.789096995321862,7.793225791949496,7.793225791949496,7.793225791949496,1.8266171589488354,1.8266171589488354,1.8266171589488354,0.5163977794943223,0.5163977794943223,0.5163977794943223,0.2875590683424733,0.2875590683424733,0.2875590683424733
helicoid_patch,gaussian_curvature,1,stress,0.05,8,289,512,0.11065972566264509,113.39490992796719,114.11149866885874,114.34339643704597,8.383898538293401,9.071838483963049,9.961627802895348,2.0472721544336716,2.1850723482879024,2.452144947478831,97.75,111.0,112.5,117.0,124.0,125.5,47.0,53.0,55.0,77.25,90.0,93.0,1.9402155150306593,1.9402155150308469,2.0027259896625003,3.023754467933579,3.1898453536933653,3.370351596089182,7.789096995321956,7.789096995321956,7.789096995321956,1.8985270461517467,1.9105246138240053,1.914407188316329,3.793050496372871,4.1042888707972045,4.506848110085237,3.855902621704542,4.115440235012679,4.618453932129377
helicoid_patch,gaussian_curvature,1,stress,0.1,8,289,512,0.11476825179828815,106.30101192942882,111.56049985760228,113.08313492778208,11.945951027644103,12.606160029934017,15.887210161865106,2.6612357529868524,2.9031010319388884,3.190562533341346,135.75,139.5,147.5,154.5,157.0,160.5,62.25,67.0,70.75,92.5,95.5,98.75,1.9402155150306593,1.940215515030753,1.955843133688749,2.386116341107453,2.8811208015580334,2.992962337427557,7.499763775304921,7.579330410809602,7.789096995321862,1.8256357174410296,1.9159632584760848,1.9421133102798627,2.861946402737195,3.020115708369361,3.8061719713283133,2.74813488028654,2.997897949444287,3.294746125280265
helicoid_patch,gaussian_curvature,1,quality_controlled,0.05,8,289,512,0.10680143065838622,113.21733593756791,114.98613203987058,115.01334001375758,7.598574313957219,9.035325690201486,9.562708295470879,1.0872545076600884,1.1947916380588766,1.288818907963623,100.0,103.0,104.25,115.0,115.0,119.5,58.0,61.5,62.5,97.0,99.0,104.5,7.789096995321862,7.789096995321862,7.789096995321862,7.789096995321862,7.789096995321862,7.789096995321862,7.793225791949496,7.793225791949496,7.793225791949496,1.850147230185655,1.8790521075380338,1.8794967281176396,3.300916572374937,3.9250595013341103,4.1541611603806485,2.0185152170938765,2.2181605922873215,2.3927245732019538
helicoid_patch,gaussian_curvature,1,quality_controlled,0.1,8,289,512,0.10692540711989035,114.20583218147868,115.05766030359734,116.24021235563919,13.44625352608531,14.008460214942033,14.86978988797714,1.6744721874920352,1.9405250507438239,2.205870096313981,119.5,122.5,124.0,147.0,147.0,151.0,67.75,72.0,74.25,110.5,113.5,116.25,7.789096995321862,7.789096995321862,7.789096995321862,7.789096995321862,7.789096995321862,7.789096995321862,7.793225791949496,7.793225791949496,7.793225791949496,2.063630001587303,2.079022018224479,2.1003900153435255,4.894652872228298,5.099305162850373,5.412843037908137,2.218392784642948,2.5708678849044584,2.922405246307417
helicoid_patch,gaussian_curvature,2,baseline,0.0,1,1089,2048,0.05355693676681215,210.4102878067042,210.4102878067042,210.4102878067042,0.07745966692414837,0.07745966692414837,0.07745966692414837,0.0032078840378044773,0.0032078840378044773,0.0032078840378044773,6.0,6.0,6.0,11.0,11.0,11.0,1.0,1.0,1.0,1.0,1.0,1.0,7.754875642182793,7.754875642182793,7.754875642182793,7.754875642182935,7.754875642182935,7.754875642182935,7.932164273530766,7.932164273530766,7.932164273530766,3.345335990518879,3.345335990518879,3.345335990518879,0.25819888974716115,0.25819888974716115,0.25819888974716115,0.07332429534032361,0.07332429534032361,0.07332429534032361
helicoid_patch,gaussian_curvature,2,stress,0.05,8,1089,2048,0.055683773350078014,209.96428067527455,210.14066675963747,210.18613616384042,33.284398251299386,34.397677624871264,35.09416141912162,4.369226993787615,4.52735390141092,4.759110991938233,455.25,472.5,482.0,504.5,522.0,533.0,156.75,162.5,164.25,354.25,365.0,379.0,0.5295260348109734,0.5295260348114896,0.5394277207912841,1.7586237785813346,2.053217020156638,2.4092142655989575,7.7553670384841,7.7553670384841,7.755367038484123,3.5153506082506336,3.5183037721266888,3.5190650487457766,15.058555722247846,15.562226521845577,15.877330311500303,8.229152037105845,8.526973680577274,8.963472936930462
helicoid_patch,gaussian_curvature,2,stress,0.1,8,1089,2048,0.057865466042590775,207.4973400661762,209.62230292829815,209.7672769049565,52.56735782484,54.02929524837408,57.79496235680835,8.711595820546133,9.178601167679751,9.663907470762295,565.75,575.0,583.75,640.5,646.0,652.0,202.75,209.5,212.25,380.5,393.0,398.0,0.5295260348109734,0.5295260348111455,0.5295260348113175,0.7210714950472747,0.7372419706616481,0.7632724238922846,7.281158264276044,7.562884859478545,7.643511273635842,3.5636025323099134,3.600097087055084,3.602586900322926,12.593803564074168,12.944046633096308,13.846204812880393,8.996061438950443,9.47831622689916,9.97946956426402
helicoid_patch,gaussian_curvature,2,quality_controlled,0.05,8,1089,2048,0.053652811506665114,210.3091299008282,210.4356175773019,210.5589908181865,36.32352746635254,38.879344392945264,41.91757625455521,3.587077297523641,3.7008466774420046,4.017137525513775,413.5,419.5,423.25,481.0,484.0,487.0,149.0,151.0,153.25,366.25,373.0,376.25,7.754875642182793,7.754875642182793,7.7548756421828395,7.754875642182935,7.754875642182935,7.754875642182935,7.932164273530766,7.932164273530766,7.932164273530766,3.4367780423957126,3.4388450476148558,3.4408611581160558,15.779398717014951,16.889677843120214,18.20952410484387,6.659498819210313,6.870714521685327,7.457916400695602
helicoid_patch,gaussian_curvature,2,quality_controlled,0.1,8,1089,2048,0.05374573467184657,202.69591266652884,206.578856412108,210.4447631138456,62.445773791603024,64.19819247418233,64.62538382449199,6.452783141139018,6.569506837327365,6.830594808630458,515.5,525.0,531.25,621.0,636.0,643.0,181.75,184.5,186.5,403.0,407.0,410.5,7.754875642182793,7.754875642182793,7.754875642182805,7.754875642182935,7.754875642182935,7.754875642182935,7.932164273530766,7.932164273530766,7.932164273530766,3.662591993665318,3.7327544280593856,3.8026090134221193,22.731267520327215,23.36917614828766,23.52468068088686,8.548847611860706,8.70348679151105,9.049384248645495
helicoid_patch,gaussian_curvature,3,baseline,0.0,1,4225,8192,0.026828550179132788,403.6540798783529,403.6540798783529,403.6540798783529,0.044721359549995815,0.044721359549995815,0.044721359549995815,0.001074322111845653,0.001074322111845653,0.001074322111845653,13.0,13.0,13.0,25.0,25.0,25.0,1.0,1.0,1.0,1.0,1.0,1.0,7.724857186189347,7.724857186189347,7.724857186189347,7.7249172443361065,7.7249172443361065,7.7249172443361065,7.990060716796866,7.990060716796866,7.990060716796866,6.417740003175884,6.417740003175884,6.417740003175884,0.14907119849998604,0.14907119849998604,0.14907119849998604,0.024556346454943815,0.024556346454943815,0.024556346454943815
helicoid_patch,gaussian_curvature,3,stress,0.05,8,4225,8192,0.027959563212447858,391.8921919697003,403.5280195132556,403.56266510756944,150.8494084999607,153.7245528111241,156.8400184465903,15.210692042127805,15.637788257078972,16.199193559534354,1902.75,1918.5,1930.25,2055.0,2073.0,2106.5,302.0,307.5,313.0,1320.75,1346.5,1381.75,1.4860947277444316,1.4860947277446768,1.4860947277446768,3.1428476658063547,3.275401630304854,3.455783960533652,7.601804836621896,7.617166153980865,7.645548122513179,6.561299145638876,6.756113298318482,6.756693356081891,68.24741749615697,69.5481927270106,70.95769433548821,28.64833930172092,29.45274696749404,30.51011697708876
helicoid_patch,gaussian_curvature,3,stress,0.1,8,4225,8192,0.029057371282876093,395.839723998061,403.44621810649346,403.5163398995428,253.09149720653062,257.9109740179814,258.9141857307652,29.49642485004241,31.439726000678622,31.88055751000083,2411.75,2416.0,2454.25,2686.5,2693.0,2723.0,364.25,366.5,370.5,1306.25,1317.5,1329.0,1.4860947277444316,1.4860947277444316,1.4860947277444316,2.1446801688883466,2.178551660956873,2.276923447706789,6.441124755684761,6.501381232346023,6.536170771957874,6.798233858701351,6.928869372670664,6.930073658948267,60.63429343694951,61.78891765160503,62.029261693359544,30.459591519907214,32.466348594687396,32.92157487283207
helicoid_patch,gaussian_curvature,3,quality_controlled,0.05,8,4225,8192,0.026882397702669765,402.09297113711676,403.6617613997305,403.6646056842658,164.8837478447412,165.92221329687555,169.32814919722725,15.056464303637418,15.420525498801723,16.380228826093237,1764.25,1785.0,1795.0,1988.5,1998.0,2015.0,294.75,301.5,309.5,1387.75,1395.0,1400.5,7.724857186189347,7.724857186189347,7.724857186189347,7.7249172443361065,7.7249172443361065,7.7249172443361065,7.990060716796866,7.990060716796866,7.990060716796866,6.5708240762411805,6.596460547326471,6.596507027356329,71.62758081819042,72.07870331553742,73.55828485194048,27.952702976536507,28.628591701039525,30.41030495804188
helicoid_patch,gaussian_curvature,3,quality_controlled,0.1,8,4225,8192,0.026925879633793278,399.7934250037922,403.54541951781846,403.9238667424316,247.27896723124843,252.29021462558268,261.28114918155484,27.54873669138758,28.15680724914379,28.558066732836323,2184.25,2201.5,2218.5,2586.5,2593.0,2603.0,351.75,356.5,359.75,1413.75,1425.5,1440.75,7.724857186189347,7.724857186189347,7.72485718618937,7.7249172443361065,7.7249172443361065,7.7249172443361065,7.990060716796866,7.990060716796866,7.990060716796866,7.224024294697688,7.291820556036004,7.298658867458561,90.01352717707178,91.83770194847115,95.11054695046614,36.49742238701313,37.303013156424825,37.834614188703725
helicoid_patch,mean_curvature,0,baseline,0.0,1,81,128,0.2105116946896406,1.3009849447650925,1.3009849447650925,1.3009849447650925,0.3376388603226828,0.3376388603226828,0.3376388603226828,0.01831702050007046,0.01831702050007046,0.01831702050007046,9.0,9.0,9.0,9.0,9.0,9.0,7.0,7.0,7.0,7.0,7.0,7.0,7.754723671539981,7.754723671539981,7.754723671539981,7.754723671539981,7.754723671539981,7.754723671539981,7.7547236715400745,7.7547236715400745,7.7547236715400745,1.0,1.0,1.0,1.0,1.0,1.0,1.0,1.0,1.0
helicoid_patch,mean_curvature,0,stress,0.05,8,81,128,0.2166800917007654,1.3556061343174177,1.4938740123005154,1.7363876163510454,1.581780008251792,2.2425511361507287,2.4635855149230426,0.1582504531503409,0.3307858914796182,0.4728597511586818,26.5,28.5,29.0,26.5,29.0,29.0,15.75,16.5,17.25,18.75,21.5,23.0,5.073324421903795,5.190238269860207,7.357035588449226,7.408550830088545,7.754723671539981,7.754723671539981,7.754723671540059,7.7547236715400745,7.7547236715400745,0.9074434143410998,1.0,1.1623387260596811,0.7053484679804759,1.0,1.0985638076247897,0.4784075053578629,1.0,1.4295039883459408
helicoid_patch,mean_curvature,0,stress,0.1,8,81,128,0.22661274814049281,2.117186209688541,2.320661955386927,2.56293115152903,2.689089211450855,3.3280780538787034,3.763324154979477,0.44795119586151094,0.524229522718284,0.6226931237249578,30.5,32.5,33.75,32.0,33.0,34.0,18.75,19.5,20.5,21.75,25.0,27.0,4.722582878034557,4.722582878034557,5.190238269860207,6.694673235180513,7.103831265891797,7.168232501798911,7.754723671539981,7.754723671539981,7.754723671539981,0.9123199545603529,1.0,1.1043965906278275,0.8080006441906794,1.0,1.130780015989564,0.854494408362872,1.0,1.1878253641574992
helicoid_patch,mean_curvature,0,quality_controlled,0.05,8,81,128,0.21360360696688632,1.1227616993719385,1.2557498553495783,1.3441690041171395,1.0179081909413688,1.3215753891413593,1.647601332784447,0.08657326215278847,0.12058851177754783,0.17306399988270543,22.25,26.0,28.25,22.5,26.0,29.0,13.75,15.0,16.5,15.75,19.0,22.0,7.754723671539981,7.754723671539981,7.754723671539981,7.754723671539981,7.754723671539981,7.754723671539981,7.7547236715400745,7.7547236715400745,7.757953464022524,0.8940966185175325,1.0,1.0704114345630937,0.770223325362251,1.0,1.2466949266170202,0.7179229669281598,1.0,1.4351615865527907
helicoid_patch,mean_curvature,0,quality_controlled,0.1,8,81,128,0.22481940154840654,1.1952860565238839,1.2611882303180186,1.4052266173468764,1.6891082304371288,1.9586959809714697,2.145068972990109,0.1949754648004321,0.2267613523469528,0.26974762709150574,26.5,28.5,29.5,26.5,29.0,29.5,15.0,15.0,17.75,18.5,20.0,20.75,7.754723671539981,7.754723671539981,7.754723671539981,7.754723671539981,7.754723671539981,7.754723671539981,7.7644130489874215,7.77963921354754,7.791635585625212,0.9477459651066383,1.0,1.1142084770268885,0.8623636576817647,1.0,1.09515156707791,0.8598266979027044,1.0,1.1895661421121817
helicoid_patch,mean_curvature,1,baseline,0.0,1,289,512,0.10661765833072771,0.9403987419968158,0.9403987419968158,0.9403987419968158,0.30000000000000016,0.30000000000000016,0.30000000000000016,0.016118572393360092,0.016118572393360092,0.016118572393360092,19.0,19.0,19.0,19.0,19.0,19.0,4.0,4.0,4.0,5.0,5.0,5.0,7.789096995321862,7.789096995321862,7.789096995321862,7.789096995321862,7.789096995321862,7.789096995321862,7.793225791949496,7.793225791949496,7.793225791949496,0.7228359911317924,0.7228359911317924,0.7228359911317924,0.8885233166386386,0.8885233166386386,0.8885233166386386,0.8799778541110487,0.8799778541110487,0.8799778541110487
helicoid_patch,mean_curvature,1,stress,0.05,8,289,512,0.11065972566264509,3.167437484680452,3.3098595583489514,3.3911975143066755,10.514972837576762,12.93710522861577,14.652737246961195,2.3044147931763135,3.0470841104698616,3.504951015144282,111.25,113.0,118.25,114.5,117.0,119.5,28.75,33.5,34.0,63.75,66.5,69.75,1.9402155150306593,1.9402155150308469,2.0027259896625003,3.023754467933579,3.1898453536933653,3.370351596089182,7.789096995321956,7.789096995321956,7.789096995321956,2.120284213126317,2.2156216194241707,2.270069287224795,4.6888441775403145,5.768923178635704,6.533959030299829,6.966484522264769,9.211650765515227,10.595829826557896
helicoid_patch,mean_curvature,1,stress,0.1,8,289,512,0.11476825179828815,3.70868952794513,3.7660667874701472,4.016445032923141,16.85776293394334,18.18005386388885,19.66540165647502,3.7493781933507906,4.113113839927315,4.23945316902815,138.75,145.0,147.5,144.0,150.0,154.0,42.25,43.5,46.25,77.0,81.0,86.0,1.9402155150306593,1.940215515030753,1.955843133688749,2.386116341107453,2.8811208015580334,2.992962337427557,7.499763775304921,7.579330410809602,7.789096995321862,1.5981170886764398,1.6228416115186521,1.7307324850135155,5.065314773581253,5.4626284508865215,5.908936430609255,7.152169099346339,7.846017176979296,8.08701720392499
helicoid_patch,mean_curvature,1,quality_controlled,0.05,8,289,512,0.10680143065838622,0.8780540165380879,0.90155720409548,0.9230040797604508,2.5738753414062243,3.8570422523087293,4.0009409147177655,0.1799441729737844,0.23787239804740304,0.27042051804355804,86.0,89.0,92.25,88.0,91.0,93.5,21.75,24.5,27.25,36.0,45.5,48.0,7.789096995321862,7.789096995321862,7.789096995321862,7.789096995321862,7.789096995321862,7.789096995321862,7.793225791949496,7.793225791949496,7.793225791949496,0.6992268506323287,0.7179433071441625,0.7350222465313389,1.947581169076171,2.91851852266611,3.0274027101225127,1.4922165496637956,1.9725958513047352,2.2425064714490257
helicoid_patch,mean_curvature,1,quality_controlled,0.1,8,289,512,0.10692540711989035,0.8058044280948007,0.8602875186722465,0.8902580959942997,5.50812666869054,5.5578767618607055,5.8152884553526105,0.43733534062694995,0.4811036940210026,0.4981396017753246,114.5,116.0,123.25,117.0,120.0,129.0,32.75,34.5,37.25,64.5,67.5,70.25,7.789096995321862,7.789096995321862,7.789096995321862,7.789096995321862,7.789096995321862,7.789096995321862,7.793225791949496,7.793225791949496,7.793225791949496,0.6389247922902125,0.6821246012225456,0.7058883635235116,2.812139669556391,2.837539268908962,2.9689592013500516,1.9286149782605442,2.121630026640947,2.1967570603175517
helicoid_patch,mean_curvature,2,baseline,0.0,1,1089,2048,0.05355693676681215,0.6512614615365746,0.6512614615365746,0.6512614615365746,0.2645751311064592,0.2645751311064592,0.2645751311064592,0.013873535958796366,0.013873535958796366,0.013873535958796366,25.0,25.0,25.0,25.0,25.0,25.0,4.0,4.0,4.0,5.0,5.0,5.0,7.754875642182793,7.754875642182793,7.754875642182793,7.754875642182935,7.754875642182935,7.754875642182935,7.932164273530766,7.932164273530766,7.932164273530766,0.5005910822850969,0.5005910822850969,0.5005910822850969,0.7836039099693788,0.7836039099693788,0.7836039099693788,0.757412263568903,0.757412263568903,0.757412263568903
helicoid_patch,mean_curvature,2,stress,0.05,8,1089,2048,0.055683773350078014,5.815578822732277,6.19065818632663,6.569235738423613,55.70808227945289,58.404650129690424,59.97920230132252,12.770344819520265,13.351061478422036,14.513944521377296,447.0,466.0,473.0,460.0,479.0,486.0,57.0,58.5,62.75,263.75,269.0,282.0,0.5295260348109734,0.5295260348114896,0.5394277207912841,1.7586237785813346,2.053217020156638,2.4092142655989575,7.7553670384841,7.7553670384841,7.755367038484123,3.8929513297955314,4.144029640620915,4.397449640553832,24.8413877308832,26.04384318742459,26.745968613351227,38.60607464967147,40.36164123778743,43.877157083259675
helicoid_patch,mean_curvature,2,stress,0.1,8,1089,2048,0.057865466042590775,8.205190137383632,8.722978299105458,8.986584915633093,83.12372969294776,87.6556202701005,91.81740043422695,18.65288633869854,19.364548073472566,20.252017116625044,580.0,587.0,597.5,610.0,617.0,626.0,80.0,84.0,86.25,314.0,324.0,337.75,0.5295260348109734,0.5295260348111455,0.5295260348113175,0.7210714950472747,0.7372419706616481,0.7632724238922846,7.281158264276044,7.562884859478545,7.643511273635842,3.5357110579319895,3.7588319482968657,3.872423079446204,24.97649644847462,26.338210477949094,27.588716054065653,35.58152589724029,36.93906434926003,38.631966035816504
helicoid_patch,mean_curvature,2,quality_controlled,0.05,8,1089,2048,0.053652811506665114,0.6167389628552774,0.6231349845528339,0.638036482541262,14.84615284125089,15.278154771043216,16.213202524955168,0.8139576287898442,0.8862924027703694,1.114057662911705,368.75,378.5,391.75,378.0,394.0,403.0,43.25,45.5,47.0,190.75,198.0,216.5,7.754875642182793,7.754875642182793,7.7548756421828395,7.754875642182935,7.754875642182935,7.754875642182935,7.932164273530766,7.932164273530766,7.932164273530766,0.49113201982698085,0.49622540818797406,0.5080920215305492,11.23367835329968,11.560562414051601,12.268087509929378,6.749877055381271,7.349725025260546,9.238505778782896
helicoid_patch,mean_curvature,2,quality_controlled,0.1,8,1089,2048,0.05374573467184657,0.6160438865304444,0.6263583891325214,0.6303034039984978,22.198164403821302,22.946831833593592,23.677603290346777,1.4780058118927926,1.7215639966887193,1.8179389775186634,459.75,476.5,490.0,477.5,499.0,506.0,54.75,56.5,58.25,253.75,256.5,259.75,7.754875642182793,7.754875642182793,7.754875642182805,7.754875642182935,7.754875642182935,7.754875642182935,7.932164273530766,7.932164273530766,7.932164273530766,0.4884630792781059,0.4966414798959709,0.49976949423288053,11.333134197177198,11.71536167762619,12.088452480820026,6.517891151184316,7.591963881281966,8.016970081996835
helicoid_patch,mean_curvature,3,baseline,0.0,1,4225,8192,0.026828550179132788,0.4528107297852905,0.4528107297852905,0.4528107297852905,0.26076809620810604,0.26076809620810604,0.26076809620810604,0.014374465137875913,0.014374465137875913,0.014374465137875913,49.0,49.0,49.0,49.0,49.0,49.0,4.0,4.0,4.0,5.0,5.0,5.0,7.724857186189347,7.724857186189347,7.724857186189347,7.7249172443361065,7.7249172443361065,7.7249172443361065,7.990060716796866,7.990060716796866,7.990060716796866,0.3480522442687072,0.3480522442687072,0.3480522442687072,0.7723284457212328,0.7723284457212328,0.7723284457212328,0.7847600071103604,0.7847600071103604,0.7847600071103604
helicoid_patch,mean_curvature,3,stress,0.05,8,4225,8192,0.027959563212447858,2.887071535710244,2.9702048035539863,2.986692759380045,245.2220195847736,254.2046890504414,260.70216526531226,60.96646863351427,62.02631306240157,65.26497007175804,1839.75,1861.0,1891.0,1884.5,1917.0,1949.0,102.75,111.0,112.25,992.5,1007.0,1026.5,1.4860947277444316,1.4860947277446768,1.4860947277446768,3.1428476658063547,3.275401630304854,3.455783960533652,7.601804836621896,7.617166153980865,7.645548122513179,1.9326071087241496,1.9882565591859862,1.9992936049410481,109.34957764472198,113.35513601120199,116.25249523308514,184.30794723683312,187.51196668320844,197.30276215779728
helicoid_patch,mean_curvature,3,stress,0.1,8,4225,8192,0.029057371282876093,3.9288908841608996,3.9915306489762896,4.077719386836689,387.66134679419366,393.90370425387334,402.0449665306095,92.39098974098638,94.32332968592806,96.32291737511153,2384.0,2399.5,2405.0,2495.0,2504.0,2521.5,166.25,169.5,174.25,1245.5,1261.0,1294.75,1.4860947277444316,1.4860947277444316,1.4860947277444316,2.1446801688883466,2.178551660956873,2.276923447706789,6.441124755684761,6.501381232346023,6.536170771957874,1.69300439257894,1.7199965896415,1.7571363107716416,116.48204775197335,118.35771213202133,120.80394751019941,176.24148533625495,179.9275424185076,183.74187870162083
helicoid_patch,mean_curvature,3,quality_controlled,0.05,8,4225,8192,0.026882397702669765,0.44051659182902936,0.4511126212303215,0.4568911405926253,62.80865777478595,65.44974155377211,67.48255820357512,3.368072530957801,3.5478327117430766,3.714192888711634,1506.25,1532.5,1541.5,1558.5,1585.0,1595.0,64.0,65.0,67.75,784.25,807.0,825.75,7.724857186189347,7.724857186189347,7.724857186189347,7.7249172443361065,7.7249172443361065,7.7249172443361065,7.990060716796866,7.990060716796866,7.990060716796866,0.3507996357335016,0.35923764538658043,0.36383929382610597,47.52559580849441,49.52403176658387,51.06220860197708,27.930293535514856,29.420984299796636,30.8005533359868
helicoid_patch,mean_curvature,3,quality_controlled,0.1,8,4225,8192,0.026925879633793278,0.4324680496970986,0.4388303260888284,0.4449629557919442,92.38285669901765,95.64223762303786,96.4825305612202,6.040343793984604,6.38718565022965,6.5009567969979525,1925.25,1937.5,1950.75,2008.0,2026.0,2038.0,84.5,86.0,87.0,1022.5,1039.0,1048.75,7.724857186189347,7.724857186189347,7.72485718618937,7.7249172443361065,7.7249172443361065,7.7249172443361065,7.990060716796866,7.990060716796866,7.990060716796866,0.3429052375378165,0.3479499059217939,0.3528124867449352,47.16549050822977,48.829547082442794,49.25855339396112,26.637448275324566,28.166993996653506,28.668715941732703
pseudosphere_patch,gaussian_curvature,0,baseline,0.0,1,72,128,0.17023319368381526,33.23434969174489,33.23434969174489,33.23434969174489,0.0,0.0,0.0,0.0,0.0,0.0,10.0,10.0,10.0,16.0,16.0,16.0,0.0,0.0,0.0,0.0,0.0,0.0,6.142821920581892,6.142821920581892,6.142821920581892,6.142821920581892,6.142821920581892,6.142821920581892,6.142821920582011,6.142821920582011,6.142821920582011,1.0,1.0,1.0,nan,nan,nan,nan,nan,nan
pseudosphere_patch,gaussian_curvature,0,stress,0.05,8,72,128,0.1756208952369767,32.625900423048755,33.39731028460444,34.049686464715066,2.2306054316131054,2.875534781207647,3.6256858867991246,0.46421128645262133,0.6326738913394307,0.9341071198959603,27.75,31.0,31.25,32.0,33.0,34.0,12.0,13.5,17.0,14.75,19.0,21.5,5.632562520460983,6.142821920581892,6.142821920581892,6.142821920581892,6.142821920581892,6.142821920581892,6.142821920582011,6.142821920582011,6.142821920582011,0.9769020362723255,1.0,1.0195337940256632,0.7757184667668361,1.0,1.260873598362957,0.73372916569995,1.0,1.4764432872650501
pseudosphere_patch,gaussian_curvature,0,stress,0.1,8,72,128,0.18457435673097292,28.202367744381156,28.870029980427432,31.84766169464319,4.870958276686677,5.428330037934128,6.679483603929266,1.158325617158216,1.3724357798438551,1.6848471990322738,34.75,37.0,38.75,37.5,39.0,43.0,11.0,12.0,14.0,14.0,17.0,17.25,5.632562520460935,5.632562520460999,6.142821920581892,6.049699580059853,6.142821920581892,6.142821920581924,6.142821920582011,6.142821920582011,6.14282192058213,0.9768735177449098,1.0,1.103139197161709,0.8973216887417607,1.0,1.2304859058406281,0.8439925817804029,1.0,1.2276328144286375
pseudosphere_patch,gaussian_curvature,0,quality_controlled,0.05,8,72,128,0.17481576841460167,32.88659126820567,33.7464930353056,33.911852991348375,2.186194671341492,3.8208037848714804,5.314010513330768,0.5596311216085101,0.908044103399479,1.3691407647095006,29.25,31.0,32.75,31.0,34.0,38.5,10.5,13.0,13.0,13.75,15.5,17.0,6.142821920581892,6.142821920581892,6.142821920581892,6.142821920581892,6.142821920581892,6.1428219205819,6.142821920582011,6.142821920582011,6.142821920582011,0.9745187813678803,1.0,1.0049000634190277,0.5721818743997681,1.0,1.3908095815785302,0.6163038992416755,1.0,1.5077910418489548
pseudosphere_patch,gaussian_curvature,0,quality_controlled,0.1,8,72,128,0.1840660016934216,28.097959340909263,31.27261692160294,31.404667146421993,4.36651746498382,5.140529400415499,5.732431635550959,1.0851394666779908,1.2079180133006953,1.2746375000241867,33.75,36.5,40.25,37.5,40.0,44.0,10.25,12.5,14.25,13.25,16.5,17.5,6.142821920581892,6.142821920581892,6.142821920581892,6.142821920581892,6.142821920581924,6.142821920581946,6.142821920582042,6.142821920582053,6.142821920582072,0.8984844284489463,1.0,1.004222551158737,0.8494295285288872,1.0,1.115144217458929,0.8983552316707273,1.0,1.055235111976828
pseudosphere_patch,gaussian_curvature,1,baseline,0.0,1,272,512,0.08611697452378755,50.69420778282217,50.69420778282217,50.69420778282217,0.0,0.0,0.0,0.0,0.0,0.0,24.0,24.0,24.0,28.0,28.0,28.0,0.0,0.0,0.0,0.0,0.0,0.0,4.759285428211232,4.759285428211232,4.759285428211232,4.759285428211309,4.759285428211309,4.759285428211309,4.759285428211386,4.759285428211386,4.759285428211386,1.5253557916138238,1.5253557916138238,1.5253557916138238,nan,nan,nan,nan,nan,nan
pseudosphere_patch,gaussian_curvature,1,stress,0.05,8,272,512,0.09000591807838955,49.48301159344083,50.75061323202626,51.41072011639036,15.050153304922098,17.5682458894202,19.393699911144452,3.8485219532836155,4.430873223733073,5.008643741586411,118.0,122.5,123.25,125.0,131.0,135.5,25.0,25.0,25.25,62.75,65.5,69.0,4.607740184307046,4.683512806259218,4.759285428211232,4.759285428211309,4.759285428211309,4.759285428211309,4.759285428211386,4.759285428211386,4.759285428211386,1.4816466108125963,1.5196018122280162,1.5393670831057849,5.233862376932001,6.109557778342021,6.74438022377167,6.082947322412703,7.003407734042089,7.916627839632573
pseudosphere_patch,gaussian_curvature,1,stress,0.1,8,272,512,0.09262137996072792,47.36483050782198,48.84872729114501,50.887992687202384,20.775257752315294,21.31354615318905,23.67121368219498,4.921127958894947,5.191579470527471,5.969299620978623,141.0,143.5,145.25,151.5,155.0,157.5,29.0,30.0,33.5,65.0,70.5,72.0,4.607740184307046,4.607740184307046,4.607740184307085,4.759285428211292,4.759285428211309,4.759285428211309,4.759285428211386,4.759285428211386,5.738361388947327,1.6406228375908574,1.692022049310729,1.7626581171443927,3.827191347455687,3.9263541465324017,4.3606806359923524,3.585689058219419,3.7827485604595124,4.349419993741173
pseudosphere_patch,gaussian_curvature,1,quality_controlled,0.05,8,272,512,0.08793372017970633,48.3920457682518,50.14703143784096,50.88598568008494,8.79344730673558,9.355043405120561,10.159286684630832,1.9411340957869208,2.1458443553499604,2.4290964627645497,117.75,121.0,124.25,128.0,132.0,134.0,29.0,30.5,32.0,78.25,80.5,82.5,4.759285428211232,4.759285428211232,4.759285428211232,4.759285428211309,4.759285428211309,4.759285428211309,4.759285428211386,4.759285428211386,5.202034250041937,1.4339873988572387,1.485992378093247,1.5078895939453028,2.301465294175362,2.4484490520455333,2.658939651613792,2.1377090479634453,2.3631499255559083,2.675086434315965
pseudosphere_patch,gaussian_curvature,1,quality_controlled,0.1,8,272,512,0.0911001817726868,45.898616925144985,47.86600743461917,48.319856938444424,16.12113402854582,17.38730119114833,18.47579523128711,4.143523065555249,4.345865376318443,4.675244278234657,147.75,153.5,157.0,157.5,163.0,169.0,34.0,36.0,40.25,76.25,81.5,91.25,4.759285428211232,4.759285428211232,4.759285428211232,4.759285428211309,4.759285428211309,4.759285428211309,4.759285428211386,4.759285428211386,6.892529751576767,1.467693510914288,1.530604475941814,1.5451171566350546,3.136084393806362,3.382395048600043,3.594142507928025,3.4303015767045886,3.597814858678324,3.8704980195297547
pseudosphere_patch,gaussian_curvature,2,baseline,0.0,1,1056,2048,0.04314251127967347,76.87855625088964,76.87855625088964,76.87855625088964,0.0,0.0,0.0,0.0,0.0,0.0,55.0,55.0,55.0,66.0,66.0,66.0,0.0,0.0,0.0,0.0,0.0,0.0,4.0056880710551654,4.0056880710551654,4.0056880710551654,4.005688071055256,4.005688071055256,4.005688071055256,5.603588492736073,5.603588492736073,5.603588492736073,2.3132258330297817,2.3132258330297817,2.3132258330297817,nan,nan,nan,nan,nan,nan
pseudosphere_patch,gaussian_curvature,2,stress,0.05,8,1056,2048,0.04478439327945323,74.73531915423263,75.98976126680152,79.09407466973222,62.609346584209945,64.29464107568744,66.55219867837233,15.995348833488091,16.633138394007737,17.07945500421276,479.25,502.0,509.0,517.5,531.0,544.5,41.25,44.0,45.0,273.5,291.5,308.0,2.2703669463088763,2.2703669463091973,2.2703669463091973,4.005688071055256,4.005688071055256,4.005688071055256,5.603588492736025,5.60358849273603,5.603588492736073,2.237764613897194,2.2753257857963325,2.3682767862354823,21.773113993744047,22.359194364773227,23.144285756273206,25.28213832188399,26.290224113395613,26.99566907692987
pseudosphere_patch,gaussian_curvature,2,stress,0.1,8,1056,2048,0.04639268579247674,73.94715334014501,76.00136550368455,78.39766995750433,91.39817688167952,91.8951923611674,93.55401846556204,22.53222686008738,23.019474895300288,23.5800974914671,599.25,602.5,608.5,635.5,639.0,644.0,51.75,55.0,58.25,273.5,279.5,289.25,2.2703669463088763,2.2703669463088763,2.2703669463088763,3.796856419739267,3.8684067397378366,3.9708506350562085,5.603588492736007,5.603588492736007,5.603588492736007,2.5613812451971065,2.632535039111841,2.715538224610587,16.837254964781607,16.928814519196067,17.234401337389226,16.417691225341645,16.772715513085256,17.181202820397072
pseudosphere_patch,gaussian_curvature,2,quality_controlled,0.05,8,1056,2048,0.04413587697652701,77.56733047484616,77.6412860407026,77.93790613496563,42.0651138081827,44.51791478099527,46.64334248335711,9.856134311953896,10.462420694501743,11.209032794205763,482.5,490.5,507.5,522.0,525.0,544.0,46.75,49.5,51.25,324.5,338.0,343.0,4.0056880710551654,4.0056880710551654,4.0056880710551654,4.005688071055256,4.005688071055256,4.005688071055256,5.603588492736073,5.603588492736073,5.603588492736073,2.298530113742343,2.3007216174870155,2.3095112743545516,11.009493336124727,11.651452753806542,12.207730391192031,10.854246258584922,11.521930108166755,12.344150192971997
pseudosphere_patch,gaussian_curvature,2,quality_controlled,0.1,8,1056,2048,0.04502830291665328,78.4002883044103,78.65889341233745,78.79825648879537,68.64181237034128,70.25360049423765,71.70512688632178,15.850862544118815,16.2633293740305,17.10660808176443,599.5,610.0,621.0,641.5,650.0,661.0,62.5,64.0,65.0,329.5,339.5,352.5,4.0056880710551654,4.0056880710551654,4.0056880710551654,4.005688071055256,4.005688071055256,4.005688071055256,5.603588492736073,5.603588492736073,5.603588492736073,2.5069948095789782,2.515264188140275,2.51972058131029,13.353062889746939,13.666608051800887,13.948977099620517,13.122465572647233,13.463934799341352,14.162060581429516
pseudosphere_patch,gaussian_curvature,3,baseline,0.0,1,4160,8192,0.02157147880241895,109.69787100996824,109.69787100996824,109.69787100996824,0.0,0.0,0.0,0.0,0.0,0.0,100.0,100.0,100.0,110.0,110.0,110.0,0.0,0.0,0.0,0.0,0.0,0.0,3.6172943293409623,3.6172943293409623,3.6172943293409623,3.6172943293412656,3.6172943293412656,3.6172943293412656,6.019258745820584,6.019258745820584,6.019258745820584,3.300737701427514,3.300737701427514,3.300737701427514,nan,nan,nan,nan,nan,nan
pseudosphere_patch,gaussian_curvature,3,stress,0.05,8,4160,8192,0.022391647203377787,107.29249506473845,107.72006743293306,108.51821646639243,240.2580753309991,248.1208348131041,256.45717547434054,61.50348681332714,63.61169069797232,66.02477169370201,1962.5,1972.5,2008.0,2081.0,2094.0,2132.5,54.75,58.5,63.0,1200.5,1213.5,1231.5,0.6767627107163162,0.6767627107168547,0.6767627107168547,3.6172943293411643,3.6172943293411643,3.6172943293411643,5.213872185016027,5.213872185016027,5.402472339022997,3.2126088643191837,3.2254114632276267,3.249310065440132,83.55248453301517,86.28684877492597,89.18590627049743,97.21198812727741,100.54420068338892,104.35829990379608
pseudosphere_patch,gaussian_curvature,3,stress,0.1,8,4160,8192,0.023288592256228816,104.46194917171611,106.09403987973506,106.53180407169445,382.1412036729865,387.55336661734714,395.5809218880124,96.44902207617154,96.97649693832787,99.16969155428741,2397.75,2400.5,2433.75,2550.5,2563.0,2577.5,98.5,99.0,102.0,1078.5,1093.5,1117.0,0.6767627107163162,0.6767627107168547,0.6767627107168547,3.6075886981626946,3.6172943293411137,3.6172943293411643,5.213872185015887,5.213872185015887,5.213872185015887,3.618352639139501,3.6748849915175703,3.6900482661056526,70.39756260258982,71.39458432133932,72.87341026128168,70.27579978069703,70.66013460342829,72.2581653806564
pseudosphere_patch,gaussian_curvature,3,quality_controlled,0.05,8,4160,8192,0.02207024887153732,110.0620726889203,110.22475502617776,110.32851175606211,187.25256937389324,191.31912647767393,194.1892328268212,46.221106749057796,47.903632687824754,48.823225595260105,1925.25,1931.5,1942.75,2049.5,2062.0,2067.0,63.5,64.5,66.0,1257.5,1278.0,1301.75,3.6172943293409623,3.6172943293409623,3.6172943293409623,3.6172943293412656,3.6172943293412656,3.6172943293412656,6.019258745820584,6.019258745820584,6.019258745820584,3.261437346208784,3.266258064530159,3.2693326574893686,49.00868506132717,50.07300485704196,50.82418353847844,50.90183018205624,52.75474231756598,53.767460646987026
pseudosphere_patch,gaussian_curvature,3,quality_controlled,0.1,8,4160,8192,0.022585637240313067,110.51316204683239,110.63932847657203,110.83113528130514,279.81773701713394,281.6157456649234,285.1852944277705,68.33587450249303,69.61219377032023,70.73360957438577,2414.25,2435.0,2448.25,2572.0,2594.0,2597.0,89.75,96.0,101.5,1344.0,1366.5,1396.0,3.6172943293409623,3.6172943293409623,3.6172943293409623,3.6172943293412656,3.6172943293412656,3.6172943293412656,6.019258745820569,6.019258745820584,6.019258745820584,3.533863581799915,3.537897987684652,3.544031366455413,54.43364198919217,54.7834130940212,55.47780631401885,56.573272150948306,57.62989954930922,58.55828689987221
pseudosphere_patch,mean_curvature,0,baseline,0.0,1,72,128,0.17023319368381526,1.1199158420700575,1.1199158420700575,1.1199158420700575,0.0,0.0,0.0,0.0,0.0,0.0,16.0,16.0,16.0,20.0,20.0,20.0,0.0,0.0,0.0,0.0,0.0,0.0,6.142821920581892,6.142821920581892,6.142821920581892,6.142821920581892,6.142821920581892,6.142821920581892,6.142821920582011,6.142821920582011,6.142821920582011,1.0,1.0,1.0,nan,nan,nan,nan,nan,nan
pseudosphere_patch,mean_curvature,0,stress,0.05,8,72,128,0.1756208952369767,1.4337799269680536,1.6273305876379274,1.8030384034050875,1.0211058326371807,1.2861675727034378,1.3675574494532183,0.14460857890490766,0.15841121269404237,0.2437086267209614,21.75,22.0,23.0,22.0,25.0,27.0,13.75,14.5,15.0,13.75,15.5,18.0,5.632562520460983,6.142821920581892,6.142821920581892,6.142821920581892,6.142821920581892,6.142821920581892,6.142821920582011,6.142821920582011,6.142821920582011,0.8810624822392032,1.0,1.1079730308653513,0.7939135259730463,1.0,1.0632809273668007,0.9128683282300647,1.0,1.538455659648687
pseudosphere_patch,mean_curvature,0,stress,0.1,8,72,128,0.18457435673097292,2.101291487114056,2.257064219983784,2.4389592949729257,2.3771494244822247,2.6838935292406796,2.938460769230633,0.5004750027082387,0.5456129127192748,0.5980755355081142,34.5,36.5,39.0,35.5,40.0,42.5,19.0,24.0,26.0,24.75,26.5,31.5,5.632562520460935,5.632562520460999,6.142821920581892,6.049699580059853,6.142821920581892,6.142821920581924,6.142821920582011,6.142821920582011,6.14282192058213,0.9309843594654799,1.0,1.080589233296361,0.8857092871171987,1.0,1.0948499771755011,0.9172711844628573,1.0,1.0961535578902843
pseudosphere_patch,mean_curvature,0,quality_controlled,0.05,8,72,128,0.17481576841460167,1.4807466827343327,1.5633342113810258,1.74163553137609,1.0457151613147422,1.492932290625643,1.6657776313645474,0.1674164807565961,0.30165884598870174,0.3475695560824317,21.5,27.5,31.0,23.5,31.0,34.0,10.75,12.5,18.0,11.75,14.5,19.25,6.142821920581892,6.142821920581892,6.142821920581892,6.142821920581892,6.142821920581892,6.1428219205819,6.142821920582011,6.142821920582011,6.142821920582011,0.9471721861867678,1.0,1.1140519529970214,0.7004437963335326,1.0,1.115775740014619,0.5549861473741317,1.0,1.152194144823618
pseudosphere_patch,mean_curvature,0,quality_controlled,0.1,8,72,128,0.1840660016934216,2.109230389887716,2.265049423223397,2.307910427098627,2.127475557088542,2.3516549608336144,2.494799489178203,0.38627303587940237,0.48169088850804603,0.5118168128348378,32.75,34.0,35.25,33.5,37.0,38.0,21.75,22.5,24.0,24.0,25.5,28.25,6.142821920581892,6.142821920581892,6.142821920581892,6.142821920581892,6.142821920581924,6.142821920581946,6.142821920582042,6.142821920582053,6.142821920582072,0.9312072258829855,1.0,1.0189227676163615,0.9046716429583678,1.0,1.0608696984585897,0.8019106134139595,1.0,1.0625420265268077
pseudosphere_patch,mean_curvature,1,baseline,0.0,1,272,512,0.08611697452378755,0.8040962194285124,0.8040962194285124,0.8040962194285124,0.0,0.0,0.0,0.0,0.0,0.0,31.0,31.0,31.0,32.0,32.0,32.0,0.0,0.0,0.0,0.0,0.0,0.0,4.759285428211232,4.759285428211232,4.759285428211232,4.759285428211309,4.759285428211309,4.759285428211309,4.759285428211386,4.759285428211386,4.759285428211386,0.7179970040804292,0.7179970040804292,0.7179970040804292,nan,nan,nan,nan,nan,nan
pseudosphere_patch,mean_curvature,1,stress,0.05,8,272,512,0.09000591807838955,2.6330743004355233,2.9484696149623395,3.110252637148922,8.039065917393742,9.736623382767952,10.4143552549923,2.002628172907592,2.36877277259572,2.50096277458493,89.5,97.5,103.75,90.0,98.0,108.0,46.5,47.5,54.25,59.25,65.5,70.75,4.607740184307046,4.683512806259218,4.759285428211232,4.759285428211309,4.759285428211309,4.759285428211309,4.759285428211386,4.759285428211386,4.759285428211386,1.6180328203978727,1.8118442788210891,1.9112604782187854,6.250403204067854,7.570260352857617,8.097199366566228,12.641959737884816,14.953315060915548,15.787788831686582
pseudosphere_patch,mean_curvature,1,stress,0.1,8,272,512,0.09262137996072792,3.0315007935321265,3.225360628961716,3.5532669213857093,11.4944379978325,12.37044215074365,13.608139422265111,2.634121818195442,2.96851491279121,3.314110105936053,121.0,126.5,136.0,124.0,132.0,138.5,72.25,73.0,75.5,92.0,96.5,100.25,4.607740184307046,4.607740184307046,4.607740184307085,4.759285428211292,4.759285428211309,4.759285428211309,4.759285428211386,4.759285428211386,5.738361388947327,1.3431167649956839,1.4290070262089791,1.5742870273364389,4.282747386437673,4.609140420798832,5.0702977871536845,4.827821623698875,5.4406976880302516,6.0741049720009235
pseudosphere_patch,mean_curvature,1,quality_controlled,0.05,8,272,512,0.08793372017970633,1.2614158909219229,1.375604071758513,1.4881152733263439,3.575125382848361,3.7287504882767952,4.116037948014079,0.8130404373356088,0.8357585996961407,0.8943420198434617,61.75,64.5,69.0,62.5,65.0,70.0,27.75,30.5,32.75,32.75,37.0,40.25,4.759285428211232,4.759285428211232,4.759285428211232,4.759285428211309,4.759285428211309,4.759285428211309,4.759285428211386,4.759285428211386,5.202034250041937,0.8068753832282651,0.8799168224837383,0.9518855677134868,2.394700285670781,2.4976018749746434,2.75701582306132,2.6952315443322363,2.7705423222610985,2.9647465397946866
pseudosphere_patch,mean_curvature,1,quality_controlled,0.1,8,272,512,0.0911001817726868,2.055153871007418,2.2160564892889822,2.3661734913711037,7.995057201834623,8.381469273413513,8.57950903735006,1.7361431254009771,1.9441647302768819,2.0600455141677374,95.0,103.5,107.75,97.5,105.0,108.5,56.75,58.5,63.0,67.75,77.0,83.0,4.759285428211232,4.759285428211232,4.759285428211232,4.759285428211309,4.759285428211309,4.759285428211309,4.759285428211386,4.759285428211386,6.892529751576767,0.9073329040576623,0.9783700375664682,1.0446454135220575,3.399757759956646,3.564072711773351,3.6482856457431994,3.6042681454456806,4.036125192856761,4.276696037469945
pseudosphere_patch,mean_curvature,2,baseline,0.0,1,1056,2048,0.04314251127967347,0.5518337070595182,0.5518337070595182,0.5518337070595182,0.0,0.0,0.0,0.0,0.0,0.0,66.0,66.0,66.0,66.0,66.0,66.0,0.0,0.0,0.0,0.0,0.0,0.0,4.0056880710551654,4.0056880710551654,4.0056880710551654,4.005688071055256,4.005688071055256,4.005688071055256,5.603588492736073,5.603588492736073,5.603588492736073,0.49274569242587574,0.49274569242587574,0.49274569242587574,nan,nan,nan,nan,nan,nan
pseudosphere_patch,mean_curvature,2,stress,0.05,8,1056,2048,0.04478439327945323,4.367353028764795,4.71493782789064,4.955978819099194,36.82312795381765,37.59909689947314,39.522182018596354,9.439552456708801,9.62785651655009,10.078205614154513,310.75,318.5,330.5,317.0,324.0,334.0,117.25,120.0,124.0,205.25,215.0,224.0,2.2703669463088763,2.2703669463091973,2.2703669463091973,4.005688071055256,4.005688071055256,4.005688071055256,5.603588492736025,5.60358849273603,5.603588492736073,2.6837528047106973,2.8973448073230035,3.0454652894423893,28.630116895590756,29.233435593810192,30.728641319671418,59.58891606328704,60.77762017481342,63.620531922949795
pseudosphere_patch,mean_curvature,2,stress,0.1,8,1056,2048,0.04639268579247674,5.838135546069285,6.0981692173468875,6.519785007038983,59.94749089502859,60.454039953329215,62.27386471928947,14.41399088359736,15.296981734909853,15.529318284052216,449.75,462.5,478.75,465.0,482.0,489.0,173.75,177.5,181.25,299.0,305.0,313.75,2.2703669463088763,2.2703669463088763,2.2703669463088763,3.796856419739267,3.8684067397378366,3.9708506350562085,5.603588492736007,5.603588492736007,5.603588492736007,2.5866058636609064,2.7018146685213504,2.8886129819938513,22.336016776339402,22.524753420614534,23.20280742914114,26.417979757406425,28.036326447391755,28.462153152966632
pseudosphere_patch,mean_curvature,2,quality_controlled,0.05,8,1056,2048,0.04413587697652701,1.3520468267116623,1.5212432869951957,1.5405564295026715,19.45218916953641,21.395817867732923,21.573147922170882,4.627958589546659,5.161711183058491,5.28758668641737,223.25,238.0,249.0,226.0,241.0,251.0,86.75,88.5,93.0,144.0,152.5,160.25,4.0056880710551654,4.0056880710551654,4.0056880710551654,4.005688071055256,4.005688071055256,4.005688071055256,5.603588492736073,5.603588492736073,5.603588492736073,0.8648482307038394,0.9730761828920461,0.985429998452965,13.0295186805723,14.331405383941812,14.450185087181834,15.341696923815698,17.111088408963205,17.528366088808184
pseudosphere_patch,mean_curvature,2,quality_controlled,0.1,8,1056,2048,0.04502830291665328,1.9138816532738008,2.032810703043279,2.1825117862532353,36.43848956309794,36.99129215769109,38.825162139798564,8.967592652827923,9.228565601412715,9.583066936224386,371.5,378.5,383.0,382.0,386.0,392.0,151.75,152.5,158.5,245.25,254.0,260.25,4.0056880710551654,4.0056880710551654,4.0056880710551654,4.005688071055256,4.005688071055256,4.005688071055256,5.603588492736073,5.603588492736073,5.603588492736073,0.8449624249479516,0.8974685859836037,0.9635603373048247,15.494828182694466,15.729897784230397,16.509718809274567,18.616903218998985,19.158688323951065,19.894640245129555
pseudosphere_patch,mean_curvature,3,baseline,0.0,1,4160,8192,0.02157147880241895,0.3946639432204858,0.3946639432204858,0.3946639432204858,0.0,0.0,0.0,0.0,0.0,0.0,126.0,126.0,126.0,128.0,128.0,128.0,0.0,0.0,0.0,0.0,0.0,0.0,3.6172943293409623,3.6172943293409623,3.6172943293409623,3.6172943293412656,3.6172943293412656,3.6172943293412656,6.019258745820584,6.019258745820584,6.019258745820584,0.35240500079987014,0.35240500079987014,0.35240500079987014,nan,nan,nan,nan,nan,nan
pseudosphere_patch,mean_curvature,3,stress,0.05,8,4160,8192,0.022391647203377787,7.52736361311346,7.88844565579582,8.384791421872773,147.5958406814758,152.14675652595943,157.28890064990753,38.11706061376283,39.425616538117666,40.872731807013366,1363.5,1380.0,1388.5,1385.5,1399.0,1407.0,254.0,262.5,266.25,816.75,836.5,854.5,0.6767627107163162,0.6767627107168547,0.6767627107168547,3.6172943293411643,3.6172943293411643,3.6172943293411643,5.213872185016027,5.213872185016027,5.402472339022997,4.625589705186725,4.847475808370265,5.1524819145956755,114.756306887165,118.29466062976317,122.29269652576983,240.62097603774205,248.88147668097744,258.0166587447034
pseudosphere_patch,mean_curvature,3,stress,0.1,8,4160,8192,0.023288592256228816,10.28987671602033,11.51450029428648,11.642001807494028,263.30578914503815,264.62538328091694,267.39600647863705,64.97369439816198,65.27644963424532,66.60262306147504,2006.0,2042.0,2056.25,2072.5,2110.0,2118.5,334.75,338.5,344.25,1097.5,1123.5,1135.5,0.6767627107163162,0.6767627107168547,0.6767627107168547,3.6075886981626946,3.6172943293411137,3.6172943293411643,5.213872185015887,5.213872185015887,5.213872185015887,4.558964970918843,5.10153862364147,5.158028603890442,98.10589961053036,98.59757117704444,99.62988604629486,119.08386492236818,119.63875508172025,122.06936732771753
pseudosphere_patch,mean_curvature,3,quality_controlled,0.05,8,4160,8192,0.02207024887153732,1.4934957320975328,1.5184527097997094,1.5421459774239645,87.53915786627064,91.71844557798289,94.40688054498432,21.186401055073986,21.979436253106243,22.790405900747928,1217.5,1231.0,1261.25,1235.0,1252.0,1276.5,243.75,245.0,248.0,803.0,826.0,862.5,3.6172943293409623,3.6172943293409623,3.6172943293409623,3.6172943293412656,3.6172943293412656,3.6172943293412656,6.019258745820584,6.019258745820584,6.019258745820584,0.9553272238430714,0.9712911664987688,0.9864467662750476,58.635718723442984,61.43510067663313,63.23587555696932,70.23298450153024,72.86189861619194,75.55026548633523
pseudosphere_patch,mean_curvature,3,quality_controlled,0.1,8,4160,8192,0.022585637240313067,1.921630301480065,1.979406321397653,2.034968179275016,148.93792770507673,151.1747051821843,153.83896811859196,35.75955307985369,36.94115935303071,37.61791288086592,1763.0,1803.5,1821.0,1813.5,1865.0,1880.5,307.75,310.5,313.25,1096.0,1125.5,1135.5,3.6172943293409623,3.6172943293409623,3.6172943293409623,3.6172943293412656,3.6172943293412656,3.6172943293412656,6.019258745820569,6.019258745820584,6.019258745820584,0.8483833870368217,0.8738910070142113,0.8984210933371369,63.33323986112369,64.2843902272959,65.41732128256568,74.23755344555654,76.69059190106242,78.09554587461864
