surface,curvature,subdivision_level,flip_regime,flip_fraction,realized_flip_fraction,repetition,seed,vertex_count,face_count,flipped_edges,interior_edges,characteristic_length,normalized_mean_edge_length,curvature_error_l1,curvature_error_l2,curvature_error_linf,curvature_error_bias,ecc_error_l1,ecc_error_l2,ecc_error_linf,secc_error_l2,secc_error_linf,minimum_angle_degrees,angle_q01_degrees,angle_q05_degrees,ecc_exact_jump_count,ecc_exact_total_variation,ecc_sampled_jump_count,ecc_sampled_total_variation
doubly_elliptic_torus,gaussian_curvature,0,baseline,0.0,0.0,0,8818574583361873491,64,128,0,192,9.706388206475463,0.1815779529757719,3.536059655383295,6.894583464207996,35.77361281525475,1.623587930954236,0.6199999999999999,1.2553883861180168,4.0,0.16570408506732606,0.29831199999999986,8.905337059337633,8.905337059337644,8.905337059337715,12,16,6,16.0
doubly_elliptic_torus,gaussian_curvature,0,stress,0.05,0.052083333333333336,0,16998624101722020421,64,128,10,192,9.706388206475463,0.19020942930214496,12.583156743131351,24.418571983003492,160.16064114323086,0.2294861931159562,1.8909999999999996,2.5161478493920013,9.0,0.2718289833406282,0.5582079999999988,8.905337059337633,8.905337059337644,8.905337059337715,27,30,23,29.0
doubly_elliptic_torus,gaussian_curvature,0,stress,0.05,0.052083333333333336,1,5452839630613592612,64,128,10,192,9.706388206475463,0.19011418080711528,13.827063423754606,25.386078787682973,138.88393875133468,-0.4623618731446611,2.4539999999999997,3.2802438933713445,9.0,0.4843596000989342,0.9511519999999997,8.905337059337633,8.905337059337644,8.905337059337686,24,26,21,24.0
doubly_elliptic_torus,gaussian_curvature,0,stress,0.05,0.052083333333333336,2,5895414887268245242,64,128,10,192,9.706388206475463,0.1910236034096107,10.021114707784298,21.761094771678867,160.16064114323103,0.5335027324195506,1.6349999999999998,2.059854363784002,7.0,0.22076236300601862,0.4550120000000063,8.769894295228452,8.905337059337644,10.01502988325389,28,28,24,27.0
doubly_elliptic_torus,gaussian_curvature,0,stress,0.05,0.052083333333333336,3,14657208580682022353,64,128,10,192,9.706388206475463,0.19026649273055604,13.657257493085439,26.94205919895619,138.88393875133465,0.7963356809073092,1.3889999999999996,1.8113530854032844,6.0,0.1321147078564677,0.3020479999999982,7.5973979777400915,8.344968264384468,9.293729547708365,24,24,21,23.0
doubly_elliptic_torus,gaussian_curvature,0,stress,0.05,0.052083333333333336,4,15482312204580415145,64,128,10,192,9.706388206475463,0.1874140719056808,11.950203185247442,25.30596364668766,125.15080323570288,2.7386610006536563,1.3299999999999996,1.779325714983066,6.0,0.13143797974710303,0.22115999999999986,8.905337059337633,8.905337059337644,8.905337059337715,19,20,17,20.0
doubly_elliptic_torus,gaussian_curvature,0,stress,0.05,0.052083333333333336,5,8995334125446432345,64,128,10,192,9.706388206475463,0.1883359098454092,7.689349789345043,13.983971833737044,56.13429841801264,0.9422850197262547,1.1899999999999997,1.8303005217723116,7.0,0.12541869637338693,0.2725999999999983,8.769894295228452,8.905337059337644,9.293729547708365,24,24,18,22.0
doubly_elliptic_torus,gaussian_curvature,0,stress,0.05,0.052083333333333336,6,5941329116317963542,64,128,10,192,9.706388206475463,0.18696781559364606,9.105509340379092,20.039645224720882,138.88393875133465,1.4217840311204153,1.2369999999999997,1.7055790805471311,6.0,0.1003055960951328,0.2403519999999999,8.161170116680356,8.905337059337633,8.905337059337672,16,16,13,15.0
doubly_elliptic_torus,gaussian_curvature,0,stress,0.05,0.052083333333333336,7,11097403695165140893,64,128,10,192,9.706388206475463,0.1882977772462344,10.398176537482964,21.202593923112214,160.16064114323086,1.6835590156596842,1.2669999999999995,1.5668439615992387,6.0,0.1499729249964795,0.31131199999999837,7.5973979777400915,8.905337059337633,8.905337059337686,21,22,18,21.0
doubly_elliptic_torus,gaussian_curvature,0,stress,0.1,0.09895833333333333,0,9707679153639554202,64,128,19,192,9.706388206475463,0.1953803675911454,18.30939927679983,33.05647683586124,175.1500123296388,0.28386967599753476,3.1969999999999996,4.2912702082250656,11.0,0.6689422448911425,1.245400000000001,8.905337059337633,8.905337059337672,10.01502988325389,33,34,27,31.0
doubly_elliptic_torus,gaussian_curvature,0,stress,0.1,0.09895833333333333,1,17313746824753707093,64,128,19,192,9.706388206475463,0.19598576230238032,13.519969934993007,20.91045090620826,71.77106559535616,0.6356978610506743,1.9889999999999994,2.7671284755139207,9.0,0.36238343074705154,0.7517120000000067,8.161170116680356,8.828493312523232,8.905337059337715,21,22,19,21.0
doubly_elliptic_torus,gaussian_curvature,0,stress,0.1,0.09895833333333333,2,3943689430488625478,64,128,19,192,9.706388206475463,0.18486678339373733,6.732154025743951,11.82823989608176,45.72650728852987,0.7138501506582455,1.0099999999999996,1.625423021862308,6.0,0.11907678850220992,0.2351319999999999,7.5973979777400915,7.950541529771428,8.905337059337686,16,18,14,18.0
doubly_elliptic_torus,gaussian_curvature,0,stress,0.1,0.09895833333333333,3,10127159615856457509,64,128,19,192,9.706388206475463,0.19798302319099972,12.227620178712417,26.368226100282385,160.16064114323098,2.265960850082334,1.6279999999999997,2.010472581260435,7.0,0.2329415201289786,0.5002279999999976,7.5973979777400915,8.33367353141717,8.905337059337672,24,26,20,24.0
doubly_elliptic_torus,gaussian_curvature,0,stress,0.1,0.09895833333333333,4,9568626083049977667,64,128,19,192,9.706388206475463,0.18944670866648983,11.570377341558626,22.721328676746037,125.15080323570288,2.800878560907946,1.6709999999999994,2.3114930239998555,8.0,0.2194632428631276,0.48978799999999956,7.5973979777400915,7.749616455253963,8.905337059337672,20,20,18,19.0
doubly_elliptic_torus,gaussian_curvature,0,stress,0.1,0.09895833333333333,5,2031488082447435117,64,128,19,192,9.706388206475463,0.19490001567134743,15.381180281241008,25.387184767602935,160.16064114323103,-0.8372285275453324,2.0509999999999997,2.797677608303,10.0,0.34553492626940496,0.6768320000000104,8.800071652742549,8.905337059337644,8.951920195996145,27,28,22,25.0
doubly_elliptic_torus,gaussian_curvature,0,stress,0.1,0.09895833333333333,6,15616988510890345718,64,128,19,192,9.706388206475463,0.19182303907595175,11.91696891807236,20.93013513384168,91.64526133424891,1.2450575068933436,1.3809999999999998,1.8785632808079684,6.0,0.1318904800203583,0.3388960000000055,8.769894295228452,8.828493312523221,8.905337059337715,19,20,16,17.0
doubly_elliptic_torus,gaussian_curvature,0,stress,0.1,0.09895833333333333,7,1938661981488889834,64,128,19,192,9.706388206475463,0.19804435878637913,11.875352827913407,18.176353999308514,52.2421919391476,-1.0511061940353765,1.7009999999999994,2.867926079939996,11.0,0.2891738321771199,0.6974560000000048,8.13770857310042,8.769894295228452,9.293729547708365,27,30,19,29.0
doubly_elliptic_torus,gaussian_curvature,0,quality_controlled,0.05,0.052083333333333336,0,1701971637600508939,64,128,10,192,9.706388206475463,0.18621870310256197,9.308823216023733,21.69447293749536,160.16064114323098,0.8883518255888663,1.4369999999999994,1.734646938140438,6.0,0.1790889502342371,0.3455680000000042,8.905337059337633,8.905337059337672,9.293729547708365,23,24,18,23.0
doubly_elliptic_torus,gaussian_curvature,0,quality_controlled,0.05,0.052083333333333336,1,6367834350353632934,64,128,10,192,9.706388206475463,0.18231445666430435,7.419578422961687,18.411317576833905,125.15080323570288,2.1055049545199664,0.8279999999999996,1.2680693987317881,5.0,0.12413910520057547,0.257136,8.905337059337633,8.905337059337644,8.905337059337715,19,20,17,20.0
doubly_elliptic_torus,gaussian_curvature,0,quality_controlled,0.05,0.052083333333333336,2,8400557616789880397,64,128,10,192,9.706388206475463,0.18962374757363895,10.493130112199738,16.94049118319135,55.71865100048005,0.3065222026935821,1.2449999999999997,1.7311845655504203,7.0,0.13538573750584154,0.3369760000000054,8.905337059337633,8.905337059337644,8.905337059337715,26,28,21,25.0
doubly_elliptic_torus,gaussian_curvature,0,quality_controlled,0.05,0.052083333333333336,3,2651927749475011419,64,128,10,192,9.706388206475463,0.18493268002631738,11.859076643359217,26.1560065758458,138.88393875133468,2.1609351555079126,1.533,1.8860010604450883,7.0,0.17835230492483245,0.38813600000000237,8.905337059337633,8.905337059337644,8.905337059337715,24,26,19,23.0
doubly_elliptic_torus,gaussian_curvature,0,quality_controlled,0.05,0.052083333333333336,4,405119652523443984,64,128,10,192,9.706388206475463,0.18683851078026945,8.324622969389178,14.94812610801167,55.71865100048005,0.8760156253429076,1.1069999999999998,1.5514509338035791,6.0,0.08650005109825284,0.2059840000000076,8.905337059337633,8.905337059337644,8.905337059337715,19,20,15,17.0
doubly_elliptic_torus,gaussian_curvature,0,quality_controlled,0.05,0.052083333333333336,5,942958205904331634,64,128,10,192,9.706388206475463,0.18336072200451276,6.121396457760932,11.531301102658391,45.425840283989885,1.0889449369080226,0.8799999999999997,1.3682105101189648,5.0,0.1123358877652196,0.22631999999999985,8.905337059337633,8.905337059337644,8.905337059337715,16,18,14,18.0
doubly_elliptic_torus,gaussian_curvature,0,quality_controlled,0.05,0.052083333333333336,6,9861993962143053549,64,128,10,192,9.706388206475463,0.18306325442032323,4.981889589983446,8.459588454807484,35.77361281525475,2.172637542936818,0.6719999999999997,1.176435293588219,4.0,0.1304278072191651,0.2459759999999998,8.905337059337633,8.905337059337644,8.905337059337715,15,16,13,16.0
doubly_elliptic_torus,gaussian_curvature,0,quality_controlled,0.05,0.052083333333333336,7,8034060865371941837,64,128,10,192,9.706388206475463,0.18443003028899504,6.805663576460437,12.275124471075184,71.77106559535616,2.854836934677812,1.1099999999999997,1.6643316977093232,6.0,0.10573930050837246,0.18894399999999867,8.905337059337633,8.905337059337644,10.015029883253867,17,18,15,18.0
doubly_elliptic_torus,gaussian_curvature,0,quality_controlled,0.1,0.09895833333333333,0,10446411862689885873,64,128,19,192,9.706388206475463,0.19338105730012936,13.288600429110767,23.98558812161721,138.8839387513345,0.13135272893170402,1.9989999999999994,2.653865105840912,8.0,0.3125041433453341,0.6077000000000033,8.905337059337633,8.905337059337644,8.905337059337715,27,28,24,25.0
doubly_elliptic_torus,gaussian_curvature,0,quality_controlled,0.1,0.09895833333333333,1,4817333678301536260,64,128,19,192,9.706388206475463,0.19466491049935924,14.06472171588489,22.080015792177154,71.77106559535609,-0.3557864627875763,2.4339999999999993,3.17301118813029,8.0,0.4310110094185544,0.8808800000000024,8.905337059337633,8.905337059337644,10.015029883253867,22,24,20,22.0
doubly_elliptic_torus,gaussian_curvature,0,quality_controlled,0.1,0.09895833333333333,2,10498854903903814126,64,128,19,192,9.706388206475463,0.19894989959935686,16.559718532310384,25.98564339268791,92.50227673670423,-0.4735761247465271,2.9909999999999997,3.8715629918677537,12.0,0.5842837953460618,1.121551999999998,8.905337059337633,8.905337059337672,9.293729547708365,31,36,26,33.0
doubly_elliptic_torus,gaussian_curvature,0,quality_controlled,0.1,0.09895833333333333,3,17023550290249886777,64,128,19,192,9.706388206475463,0.19548785581624115,12.951907488798016,24.569405510660673,114.56931667488593,0.43561432524083754,1.782,2.2248595461286977,8.0,0.21412961493450863,0.4733920000000055,8.905337059337633,8.905337059337644,8.905337059337715,26,28,25,28.0
doubly_elliptic_torus,gaussian_curvature,0,quality_controlled,0.1,0.09895833333333333,4,11471062647934001490,64,128,19,192,9.706388206475463,0.19885087352693454,14.856875026758196,25.69291249873269,160.16064114323086,1.5077445934889542,2.7229999999999994,3.4763486591537385,10.0,0.5659462288239026,1.0587199999999966,8.905337059337633,8.905337059337644,10.01502988325389,32,34,25,29.0
doubly_elliptic_torus,gaussian_curvature,0,quality_controlled,0.1,0.09895833333333333,5,11865895475711109225,64,128,19,192,9.706388206475463,0.19060322350147268,11.912054221357042,18.720114704781583,55.88290827826711,-1.0887989969592846,1.4569999999999999,2.098809186181535,8.0,0.17280929669436498,0.4698560000000068,8.905337059337672,8.905337059337683,10.01502988325389,24,24,21,23.0
doubly_elliptic_torus,gaussian_curvature,0,quality_controlled,0.1,0.09895833333333333,6,2694703844476589866,64,128,19,192,9.706388206475463,0.19421025649405815,16.93474741156217,28.92778727586754,160.16064114323103,0.2634254789878039,2.5759999999999996,3.426660181576223,12.0,0.5221524888612531,1.0373440000000005,8.905337059337633,8.905337059337644,8.905337059337715,32,34,28,32.0
doubly_elliptic_torus,gaussian_curvature,0,quality_controlled,0.1,0.09895833333333333,7,12224389907932809340,64,128,19,192,9.706388206475463,0.1986497329201418,14.221832580788174,26.406724768967685,138.88393875133457,1.5168336652722916,1.8029999999999997,2.273983289296559,7.0,0.2558836090881938,0.5798999999999984,8.905337059337633,8.905337059337644,8.905337059337715,26,26,20,21.0
doubly_elliptic_torus,gaussian_curvature,1,baseline,0.0,0.0,0,3401782783667348021,256,512,0,768,9.706388206475463,0.09262787762998355,0.8663854808334244,1.6542929065250784,12.306605934783036,0.3590317097476324,0.18800000000000006,0.66332495807108,4.0,0.07128643270637001,0.11788000000000004,8.216103648926683,8.216103648926694,9.438492567533961,14,16,6,16.0
doubly_elliptic_torus,gaussian_curvature,1,stress,0.05,0.049479166666666664,0,13058852340835765466,256,512,38,768,9.706388206475463,0.09588214274671888,7.3692374153465705,16.90719315752691,161.96874914030914,0.12665349321294034,1.8559999999999992,2.671703576372198,10.0,0.4968845361811958,0.9370400000000033,6.465792690295751,7.701166253348295,9.00674078248446,66,66,46,54.0
doubly_elliptic_torus,gaussian_curvature,1,stress,0.05,0.049479166666666664,1,666368481918477999,256,512,38,768,9.706388206475463,0.09539315384728295,4.8611251453067155,11.414659012701605,74.25805822525942,0.30656267984037294,1.6119999999999997,2.3233596363886497,7.0,0.32475042374106305,0.6820999999999996,3.102542712677757,7.444178538572299,9.080682523409804,49,50,35,42.0
doubly_elliptic_torus,gaussian_curvature,1,stress,0.05,0.049479166666666664,2,4672414991714855852,256,512,38,768,9.706388206475463,0.09565580028718988,5.587826255854766,12.528508046175004,111.06095559136676,0.19709483897804506,2.2289999999999996,3.1659121908227332,9.0,0.6135899943643195,1.079480000000006,2.755621441616767,7.633129994726732,9.080682523409786,53,54,39,47.0
doubly_elliptic_torus,gaussian_curvature,1,stress,0.05,0.049479166666666664,3,6177446089014711722,256,512,38,768,9.706388206475463,0.09595335572798172,6.595862369567103,14.745104387157902,99.35337208443354,-0.013558791701479472,1.8519999999999994,2.9570255325241943,10.0,0.5689210619971787,0.9842079999999981,2.590088710900673,7.608361314621254,9.080682523409804,57,58,42,52.0
doubly_elliptic_torus,gaussian_curvature,1,stress,0.05,0.049479166666666664,4,6810569909291464049,256,512,38,768,9.706388206475463,0.09720101060719719,12.086305439278748,26.73571865264734,225.60276711002328,-0.2068539493722792,5.346999999999999,7.2185178534100745,15.0,1.5980558554819122,2.4759280000000117,2.755621441616767,6.47498719092599,9.080682523409727,82,86,53,67.0
doubly_elliptic_torus,gaussian_curvature,1,stress,0.05,0.049479166666666664,5,18193657060689436588,256,512,38,768,9.706388206475463,0.09632067070434817,7.248230502154472,16.826171257627976,164.28377593380299,0.5358491273755239,4.267999999999999,6.0618479030737795,16.0,1.0555100926888379,1.9351919999999998,2.590088710900673,8.216103648926683,9.080682523409804,74,76,55,70.0
doubly_elliptic_torus,gaussian_curvature,1,stress,0.05,0.049479166666666664,6,1404022581802736434,256,512,38,768,9.706388206475463,0.0964710398771799,9.304102316500668,22.677633294654388,217.94214129745518,-0.06381014608266095,3.270999999999999,4.972826158232357,17.0,1.0608570150703702,1.8062600000000106,2.4742866677188196,7.6325871248459745,8.802688418891892,77,82,56,65.0
doubly_elliptic_torus,gaussian_curvature,1,stress,0.05,0.049479166666666664,7,1722166252589411220,256,512,38,768,9.706388206475463,0.09564818724408053,6.037173669190979,13.750529554940522,133.6079633421168,0.08945726926658026,2.2589999999999995,3.2088938904239255,9.0,0.5972213403822749,1.1041920000000016,2.4742866677188196,7.737533950697518,9.080682523409727,61,62,48,57.0
doubly_elliptic_torus,gaussian_curvature,1,stress,0.1,0.10026041666666667,0,16265299356855257594,256,512,77,768,9.706388206475463,0.09889306651844759,15.481971313200848,30.302195532671153,204.8210444815425,-0.3023482025566704,7.023999999999999,9.715348681339233,23.0,2.1579199992437226,3.6431040000000117,2.351281411829393,4.607530179406854,8.45605717483767,104,108,69,82.0
doubly_elliptic_torus,gaussian_curvature,1,stress,0.1,0.10026041666666667,1,14433865730165006826,256,512,77,768,9.706388206475463,0.10053612515524249,11.287348149672729,21.756892567303357,195.29761369429332,0.13624722062834316,5.087,7.140378141247141,18.0,1.4187142406418576,2.308099999999998,2.590088710900673,3.0672772016736056,9.066915402585277,91,94,61,71.0
doubly_elliptic_torus,gaussian_curvature,1,stress,0.1,0.10026041666666667,2,13553036570109427453,256,512,77,768,9.706388206475463,0.0981727424790883,14.390261138878742,29.035592160283674,183.56999794238902,-0.14933930758210023,6.264999999999999,7.903733295095424,19.0,1.7975888062401786,2.7052399999999963,2.662327787736561,6.474987190925902,8.802688418891975,101,104,71,81.0
doubly_elliptic_torus,gaussian_curvature,1,stress,0.1,0.10026041666666667,3,2522798747576506834,256,512,77,768,9.706388206475463,0.10129267912948937,14.008646463535591,26.776540175256855,195.2976136942933,-0.04235638143286102,6.816999999999999,9.7166352200749,25.0,1.9349397380838425,3.2765599999999835,2.351281411829703,3.102542712677417,8.216103648926733,92,96,70,81.0
doubly_elliptic_torus,gaussian_curvature,1,stress,0.1,0.10026041666666667,4,12451564205877611723,256,512,77,768,9.706388206475463,0.09948951969259757,13.842628643966135,28.537741643935366,260.4276298364014,-0.23560032429156352,6.231,8.247241963226251,18.0,1.8375208467214705,3.067827999999996,2.755621441616767,5.372083197370006,8.823447299542975,90,94,60,73.0
doubly_elliptic_torus,gaussian_curvature,1,stress,0.1,0.10026041666666667,5,13727593048926384354,256,512,77,768,9.706388206475463,0.10060090376932339,14.47201700575523,32.22909294652836,270.69769778523175,0.06257204473439604,6.361999999999998,8.949860334105777,26.0,1.8597358896359437,3.085199999999991,2.3512814118292376,6.467072032603312,8.314127232938224,98,102,76,88.0
doubly_elliptic_torus,gaussian_curvature,1,stress,0.1,0.10026041666666667,6,18027886359398893268,256,512,77,768,9.706388206475463,0.10191824581777023,17.64013635379229,32.14168403996893,231.57761300302937,-0.7181028317290452,7.573999999999999,11.32951896595791,26.0,2.454382153877434,4.109692000000015,2.474286667718672,4.15178528563375,8.518124082575394,120,130,78,100.0
doubly_elliptic_torus,gaussian_curvature,1,stress,0.1,0.10026041666666667,7,3587567059046169874,256,512,77,768,9.706388206475463,0.10048019429502515,16.199984954639824,32.865514234136576,231.57761300303005,-0.3697329417489865,7.019,9.281971773281795,20.0,2.2043500697938234,3.4904800000000114,2.351281411829703,6.562382150412536,8.802688418891938,98,100,73,81.0
doubly_elliptic_torus,gaussian_curvature,1,quality_controlled,0.05,0.049479166666666664,0,6138260596113807069,256,512,38,768,9.706388206475463,0.09461939273775753,7.639409153420523,23.038593429470726,217.94214129745518,0.08256564966745801,2.2849999999999997,3.1300159744001306,9.0,0.7025950162988579,1.104463999999993,8.216103648926683,8.216103648926694,9.602101872657983,66,68,42,55.0
doubly_elliptic_torus,gaussian_curvature,1,quality_controlled,0.05,0.049479166666666664,1,8784846810051682103,256,512,38,768,9.706388206475463,0.09452081531879548,7.594680120929251,21.34203729775861,217.94214129745538,-0.011569936150754412,2.1999999999999997,3.2218007387174024,11.0,0.697083378909577,1.218063999999993,8.216103648926683,8.216103648926694,9.438492567533961,51,54,37,48.0
doubly_elliptic_torus,gaussian_curvature,1,quality_controlled,0.05,0.049479166666666664,2,5769038230908658639,256,512,38,768,9.706388206475463,0.09431723907550184,5.062074404622289,14.098648754279296,146.2002610169322,0.09792063693709588,1.2309999999999999,1.9659603251337499,7.0,0.32784546914667323,0.5583200000000074,8.216103648926683,8.216103648926694,9.438492567533961,48,50,39,43.0
doubly_elliptic_torus,gaussian_curvature,1,quality_controlled,0.05,0.049479166666666664,3,11270855927350862497,256,512,38,768,9.706388206475463,0.09426253711029765,7.857930528196798,20.457681458519342,111.06095559136662,0.12485088935181238,2.474999999999999,3.5441501096877923,11.0,0.7305138094902741,1.2156159999999931,8.216103648926683,8.216103648926694,9.438492567533961,59,60,39,51.0
doubly_elliptic_torus,gaussian_curvature,1,quality_controlled,0.05,0.049479166666666664,4,18298523850787166626,256,512,38,768,9.706388206475463,0.09415611569976984,5.6044662019457165,14.28886368391105,178.83670248894862,0.2914441247029427,2.0659999999999994,2.6795522013948516,9.0,0.5734856284023202,0.8643360000000048,8.216103648926683,8.216103648926694,9.438492567533961,55,58,41,52.0
doubly_elliptic_torus,gaussian_curvature,1,quality_controlled,0.05,0.049479166666666664,5,16495074937286730513,256,512,38,768,9.706388206475463,0.09334002960648947,3.1987787856109025,8.585664788139932,75.76665432691634,0.5074594837241034,1.177,1.522169504358828,7.0,0.2429584567616427,0.44571199999999644,8.216103648926683,8.216103648926694,9.438492567533961,40,42,31,41.0
doubly_elliptic_torus,gaussian_curvature,1,quality_controlled,0.05,0.049479166666666664,6,5740120482709507275,256,512,38,768,9.706388206475463,0.0949459310233457,6.107993127185012,15.801958080815629,86.62685602194352,0.027745589287008987,1.6669999999999994,2.408111293109186,6.0,0.4362006158271683,0.7748720000000012,8.216103648926683,8.280627973622927,9.438492567533983,52,54,38,45.0
doubly_elliptic_torus,gaussian_curvature,1,quality_controlled,0.05,0.049479166666666664,7,14521078423144343872,256,512,38,768,9.706388206475463,0.09370155582466332,4.86253397057644,15.070377966862084,164.2837759338023,0.2876795215608434,2.0629999999999997,2.679738793240863,8.0,0.567157061139153,0.8669999999999997,8.216103648926683,8.216103648926694,9.438492567533961,57,58,48,53.0
doubly_elliptic_torus,gaussian_curvature,1,quality_controlled,0.1,0.10026041666666667,0,14322424860159540307,256,512,77,768,9.706388206475463,0.09496298892705012,9.068183563780199,22.652211280499763,230.12677491860848,0.5403053360771731,4.305999999999999,5.575302682366222,11.0,1.0259275818029283,1.6400960000000042,8.216103648926683,8.216103648926694,9.438492567533961,84,88,61,72.0
doubly_elliptic_torus,gaussian_curvature,1,quality_controlled,0.1,0.10026041666666667,1,646581000370562635,256,512,77,768,9.706388206475463,0.09466663436425155,8.148378365049528,21.09287639051272,161.96874914030928,-0.08057436124378686,2.1359999999999997,3.161328834525127,7.0,0.6529831583188133,1.0285800000000096,8.216103648926683,8.802688418891808,9.438492567533983,51,52,39,42.0
doubly_elliptic_torus,gaussian_curvature,1,quality_controlled,0.1,0.10026041666666667,2,5050437835405448366,256,512,77,768,9.706388206475463,0.09682285562549056,10.963067957937385,24.64235092042848,178.83670248894913,0.01546200392688818,3.2909999999999995,4.265559752248231,10.0,1.0065765194916896,1.5799040000000013,8.216103648926683,8.802688418891814,9.438492567533961,84,86,60,69.0
doubly_elliptic_torus,gaussian_curvature,1,quality_controlled,0.1,0.10026041666666667,3,8424953727000964693,256,512,77,768,9.706388206475463,0.09534222510618615,7.780548220717504,17.556565432996667,194.9201524645411,0.4798793828995641,3.289999999999999,4.2787848742370755,12.0,0.823004739330216,1.3227839999999969,8.216103648926683,8.802688418891808,9.438492567533983,78,82,57,72.0
doubly_elliptic_torus,gaussian_curvature,1,quality_controlled,0.1,0.10026041666666667,4,18159361334144097215,256,512,77,768,9.706388206475463,0.09513154420169083,7.362081695886442,19.308137704900044,184.0834690874161,0.4982922365518272,3.5069999999999992,4.580283833999808,10.0,0.9473609052140655,1.524880000000008,8.216103648926683,8.216103648926694,9.438492567533961,68,70,57,63.0
doubly_elliptic_torus,gaussian_curvature,1,quality_controlled,0.1,0.10026041666666667,5,1155320648716238554,256,512,77,768,9.706388206475463,0.09525984530727563,12.602466158165198,31.02038559226495,248.12026685876725,0.07297470908501613,4.185999999999999,5.598928468912599,17.0,1.2519037137671538,1.9752319999999957,8.216103648926683,8.280627973622927,9.438492567533983,88,92,58,70.0
doubly_elliptic_torus,gaussian_curvature,1,quality_controlled,0.1,0.10026041666666667,6,9637824788194021843,256,512,77,768,9.706388206475463,0.0952845135041888,10.847047524866998,29.438148419088087,264.8854217436777,0.054074524891361886,3.6869999999999994,4.912942092066626,13.0,1.047991430880994,1.6795999999999967,8.216103648926683,8.216103648926694,9.438492567533983,71,74,48,57.0
doubly_elliptic_torus,gaussian_curvature,1,quality_controlled,0.1,0.10026041666666667,7,2406649684735784162,256,512,77,768,9.706388206475463,0.0953077849353262,10.21027576727805,23.86485151356374,193.65317233703152,0.14750287064563106,2.8569999999999993,3.5666510903086657,10.0,0.8476950132824987,1.264272000000012,8.216103648926683,8.280627973622927,9.438492567533983,77,78,51,61.0
doubly_elliptic_torus,gaussian_curvature,2,baseline,0.0,0.0,0,9510560217904711841,1024,2048,0,3072,9.706388206475463,0.04654941075717675,0.2594484428032007,0.45430923516905863,3.4065596406070426,0.08669087831759106,0.060000000000000026,0.38987177379235866,4.0,0.020712142911825927,0.034208,8.207368177384408,8.511285837911071,9.319612215281076,16,16,6,16.0
doubly_elliptic_torus,gaussian_curvature,2,stress,0.05,0.050130208333333336,0,1848531292700628387,1024,2048,154,3072,9.706388206475463,0.04883007434250288,7.426602098953622,19.982546545260213,213.78178153695674,-0.02009019432419501,9.556999999999999,13.820311139768163,36.0,2.7697153745177516,4.425880000000006,1.3299883401843886,5.7337570309631465,8.644657717255836,327,332,165,217.0
doubly_elliptic_torus,gaussian_curvature,2,stress,0.05,0.050130208333333336,1,4069898082184600203,1024,2048,154,3072,9.706388206475463,0.04846601982446281,7.947892297990603,20.033457678769057,157.30294804599438,-0.0016069663458410655,13.082999999999998,16.29659473632452,37.0,3.3002916624759284,5.095328000000026,1.3991985268493916,5.027179108487586,8.78331906468582,341,350,162,235.0
doubly_elliptic_torus,gaussian_curvature,2,stress,0.05,0.050130208333333336,2,2105655751952110987,1024,2048,154,3072,9.706388206475463,0.04815784673398731,7.037487718618346,20.603604386965117,199.23986762262547,0.03022337294019195,12.176999999999996,14.65957025290987,30.0,2.8561131934151462,4.452000000000016,1.3299883401843886,6.249732569123272,8.825215762532368,299,310,157,223.0
doubly_elliptic_torus,gaussian_curvature,2,stress,0.05,0.050130208333333336,3,12859768356788896233,1024,2048,154,3072,9.706388206475463,0.04825788937120632,6.037612241578639,17.371458264848663,226.60731053102415,0.0459150323413218,10.554999999999998,13.306727621770875,31.0,2.552141979936066,3.938459999999995,1.3768070127383247,6.100628043030538,8.825215762532354,294,298,163,213.0
doubly_elliptic_torus,gaussian_curvature,2,stress,0.05,0.050130208333333336,4,6541720454018948658,1024,2048,154,3072,9.706388206475463,0.04882508914640164,9.097331820051647,22.789544278284655,170.33199161588476,-0.02493422483511576,14.408999999999999,18.328147751477776,42.0,3.6037332382916536,5.400352000000007,1.281117105168789,4.787656918841695,8.644657717255864,350,354,153,229.0
doubly_elliptic_torus,gaussian_curvature,2,stress,0.05,0.050130208333333336,5,6840130494917630437,1024,2048,154,3072,9.706388206475463,0.04819892142445011,7.164719529687988,19.545074428208224,279.7760380037032,0.03794452094760953,11.405,14.993365199313994,35.0,2.9111447304165416,4.667587999999994,1.2310629461784186,7.089686198776508,8.825215762532466,310,318,158,211.0
doubly_elliptic_torus,gaussian_curvature,2,stress,0.05,0.050130208333333336,6,5470410119132855035,1024,2048,154,3072,9.706388206475463,0.04853161019961485,7.555749291543373,19.556714199478023,195.4955754110038,-0.003040434301823547,11.473999999999998,14.860484514308407,36.0,3.122874987088659,4.808272,1.3299883401843886,5.0829578176350685,8.665404998472553,342,346,173,258.0
doubly_elliptic_torus,gaussian_curvature,2,stress,0.05,0.050130208333333336,7,12963819645946671728,1024,2048,154,3072,9.706388206475463,0.04827511828497863,6.8904075603076915,18.300483676970302,199.2398676226245,0.011122642428852691,8.596999999999998,12.707989612838055,26.0,2.87291002498165,4.436020000000021,1.507261118991293,6.096425302326114,8.78331906468575,316,322,158,211.0
doubly_elliptic_torus,gaussian_curvature,2,stress,0.1,0.09993489583333333,0,8603713222477674737,1024,2048,307,3072,9.706388206475463,0.05009373194744361,11.806694672543502,23.15429064974167,193.12957512149526,-0.07941457060250962,20.259,26.926956753409765,62.0,5.676801131369692,9.126560000000023,1.193005604901222,3.290027021961628,8.046292429846385,463,486,189,273.0
doubly_elliptic_torus,gaussian_curvature,2,stress,0.1,0.09993489583333333,1,6640497786271297293,1024,2048,307,3072,9.706388206475463,0.050095413442067915,12.62596912623179,27.199618057053325,199.23986762262675,-0.06575067356042585,18.737,24.216378754884055,54.0,4.8359618838985865,7.786999999999998,1.5339800297756,4.110162492957314,8.354813107422649,454,476,203,301.0
doubly_elliptic_torus,gaussian_curvature,2,stress,0.1,0.09993489583333333,2,13164478779875855412,1024,2048,307,3072,9.706388206475463,0.05022259452566993,12.26944772171834,23.950717575283903,166.7145724760466,-0.08774454476956003,20.949999999999996,27.954212562689005,66.0,6.090502171610495,8.98153600000002,1.2310629461784186,3.5123119593594163,8.152788964687682,456,474,196,294.0
doubly_elliptic_torus,gaussian_curvature,2,stress,0.1,0.09993489583333333,3,3613565489321517465,1024,2048,307,3072,9.706388206475463,0.05017065707179361,9.656731000796075,19.90532995015645,190.06303396457218,-0.020380122004326567,16.915999999999997,23.27487916187751,50.0,4.766409281394131,7.996480000000015,1.193005604901222,3.095709114609168,7.977823633200279,406,420,187,260.0
doubly_elliptic_torus,gaussian_curvature,2,stress,0.1,0.09993489583333333,4,15411491661185330564,1024,2048,307,3072,9.706388206475463,0.04978986744900619,11.28559866854631,24.50493661195373,189.96446360418304,-0.059319688479413435,16.0,21.78623418583395,42.0,4.67436825952942,7.519720000000015,1.1930056049015276,3.5192835414402914,8.511285837911087,405,416,191,286.0
doubly_elliptic_torus,gaussian_curvature,2,stress,0.1,0.09993489583333333,5,5640176597712900861,1024,2048,307,3072,9.706388206475463,0.05028554908956272,11.880365504473168,24.310223901386735,189.9087182629505,-0.04405425325483975,20.384999999999998,26.646219244012837,58.0,5.389965386222059,8.546991999999983,1.2310629461784186,3.487722827033377,8.183778222469009,454,472,195,293.0
doubly_elliptic_torus,gaussian_curvature,2,stress,0.1,0.09993489583333333,6,6692192435752853324,1024,2048,307,3072,9.706388206475463,0.05018096504512466,12.382820780646615,26.170420198182192,236.22249162091003,-0.11806218832114643,18.010999999999996,23.581878635935684,46.0,5.192517363150937,8.171935999999999,1.3299883401843886,3.290027021961628,8.325161796032301,469,490,205,303.0
doubly_elliptic_torus,gaussian_curvature,2,stress,0.1,0.09993489583333333,7,437834352471903012,1024,2048,307,3072,9.706388206475463,0.04997552152994691,13.462707238936442,28.631805487611246,206.80735864924895,-0.124084805272839,20.099999999999998,25.676993593487538,54.0,5.516688239340698,8.546240000000001,1.281117105168789,3.868155941186978,8.307287674855518,445,456,203,302.0
doubly_elliptic_torus,gaussian_curvature,2,quality_controlled,0.05,0.050130208333333336,0,5045397677549019391,1024,2048,154,3072,9.706388206475463,0.04708394997527006,4.712052817415069,15.749101559654607,155.01052673842838,0.10061924296051356,8.793,10.220812100806862,22.0,1.7278410595885245,2.7962879999999988,8.207368177384408,8.511285837911071,9.319612215281076,228,232,125,165.0
doubly_elliptic_torus,gaussian_curvature,2,quality_controlled,0.05,0.050130208333333336,1,15797774379536917522,1024,2048,154,3072,9.706388206475463,0.04712069620079878,5.058024786078404,18.28704932871844,205.76454561631496,0.06682817164864488,6.902,8.271880076500143,19.0,1.8006982238765066,2.8027280000000023,8.207368177384408,8.53684787847455,9.418470981045095,219,222,125,172.0
doubly_elliptic_torus,gaussian_curvature,2,quality_controlled,0.05,0.050130208333333336,2,1903950574817359977,1024,2048,154,3072,9.706388206475463,0.047068329983472,4.430942689473435,16.216591474632597,211.87104468466347,0.09010307892584107,6.209,8.461264680885474,22.0,1.5044164908003381,2.691088000000002,8.207368177384408,8.53684787847455,9.418470981045173,200,204,123,159.0
doubly_elliptic_torus,gaussian_curvature,2,quality_controlled,0.05,0.050130208333333336,3,7567285156929474132,1024,2048,154,3072,9.706388206475463,0.047064441508591,5.259040413523392,19.971860482017725,297.1249780877906,0.10839859001741231,10.333000000000002,12.254998980008118,26.0,1.5616848032685702,2.655303999999995,8.207368177384408,8.511285837911093,9.319612215281076,218,218,130,159.0
doubly_elliptic_torus,gaussian_curvature,2,quality_controlled,0.05,0.050130208333333336,4,5025647647323274569,1024,2048,154,3072,9.706388206475463,0.04721334371061781,4.856985845562026,16.23672852187608,157.60432331165288,0.08965697323808333,7.0680000000000005,8.994109183237658,24.0,1.6804164986454966,2.8152799999999942,8.207368177384408,8.511285837911071,9.3542127832985,236,238,130,168.0
doubly_elliptic_torus,gaussian_curvature,2,quality_controlled,0.05,0.050130208333333336,5,3750378087437049911,1024,2048,154,3072,9.706388206475463,0.04712004972300286,4.310973766773287,15.455067290726387,189.96446360418238,0.08460792444881517,6.185999999999999,7.512123534660488,19.0,1.251967212874203,2.0226799999999985,8.207368177384408,8.511285837911116,9.3196122152811,223,226,135,170.0
doubly_elliptic_torus,gaussian_curvature,2,quality_controlled,0.05,0.050130208333333336,6,16818626417527011780,1024,2048,154,3072,9.706388206475463,0.04728625762393219,5.548697454362614,18.28726943104284,179.87703708464088,0.09344381659925324,8.984,10.884392495679306,26.0,1.970536753912493,3.203099999999992,8.207368177384408,8.53684787847455,9.418470981045173,250,254,135,182.0
doubly_elliptic_torus,gaussian_curvature,2,quality_controlled,0.05,0.050130208333333336,7,4649498592585842870,1024,2048,154,3072,9.706388206475463,0.04701368986445152,3.9443295076152065,13.663995894662742,145.72103503455628,0.08645442494565486,5.023,6.625481114605941,16.0,1.1669131427179975,1.934187999999995,8.207368177384408,8.511285837911071,9.418470981045095,208,212,115,161.0
doubly_elliptic_torus,gaussian_curvature,2,quality_controlled,0.1,0.09993489583333333,0,3804694342552728290,1024,2048,307,3072,9.706388206475463,0.04763761374208842,7.329240654209551,21.214557963956427,226.42939452240137,0.10462689737004177,10.832,12.891159761635102,30.0,2.8289820580880436,4.381356000000009,8.207368177384408,8.511285837911071,9.420304433090001,327,340,168,234.0
doubly_elliptic_torus,gaussian_curvature,2,quality_controlled,0.1,0.09993489583333333,1,11782661829773007025,1024,2048,307,3072,9.706388206475463,0.04766522668825261,7.44690787735661,21.825902390238422,330.63867099154294,0.11248563889001592,14.100000000000001,16.504787184329277,38.0,2.79793646243228,4.330624000000017,8.207368177384408,8.511285837911116,9.423709415458967,360,366,182,250.0
doubly_elliptic_torus,gaussian_curvature,2,quality_controlled,0.1,0.09993489583333333,2,11248858292438544127,1024,2048,307,3072,9.706388206475463,0.04742488799747439,8.218982952003739,24.939352920563515,215.47734134794223,0.05952057378429412,12.434999999999999,14.172543878923078,30.0,2.666156144323134,4.182963999999998,8.207368177384408,8.511285837911093,9.418470981045173,326,336,172,227.0
doubly_elliptic_torus,gaussian_curvature,2,quality_controlled,0.1,0.09993489583333333,3,9880298092930024648,1024,2048,307,3072,9.706388206475463,0.04790955072355522,10.30244430436657,26.93258625623396,253.45426794474363,0.042726406880821605,15.051,18.358894302217657,40.0,3.123508714782134,5.138363999999986,8.207368177384408,8.511285837911071,9.418470981045173,375,392,177,269.0
doubly_elliptic_torus,gaussian_curvature,2,quality_controlled,0.1,0.09993489583333333,4,9305500179070501751,1024,2048,307,3072,9.706388206475463,0.04775525255758445,8.557756274531068,23.954710382362276,256.54918622684795,0.02309851999959464,12.164,15.301699252043871,31.0,2.8559393617302167,4.610619999999996,8.207368177384408,8.53684787847455,9.423709415458967,345,358,163,234.0
doubly_elliptic_torus,gaussian_curvature,2,quality_controlled,0.1,0.09993489583333333,5,8805982591509153848,1024,2048,307,3072,9.706388206475463,0.04744674221600428,6.883880769123186,20.833124579430333,226.42939452240304,0.0625793679610776,9.905,12.075222565236633,30.0,2.299460475795141,3.7432800000000057,8.207368177384408,8.511285837911116,9.423709415458967,312,322,158,205.0
doubly_elliptic_torus,gaussian_curvature,2,quality_controlled,0.1,0.09993489583333333,6,18106018094675070971,1024,2048,307,3072,9.706388206475463,0.047538569727149094,7.282065721905365,21.3079033901095,322.1515017905113,0.12221530588435603,11.482000000000001,14.612665739008744,37.0,2.4748572968104625,4.2141119999999965,8.207368177384408,8.511285837911116,9.418470981045122,312,318,167,228.0
doubly_elliptic_torus,gaussian_curvature,2,quality_controlled,0.1,0.09993489583333333,7,13625153577618402310,1024,2048,307,3072,9.706388206475463,0.04774105150129065,6.8127461985759705,19.07201111961464,188.93388789928494,0.0605872744580645,8.639,10.988402977685155,24.0,2.1751292253491514,3.6357120000000007,8.207368177384408,8.53684787847457,9.423709415459006,318,326,166,221.0
doubly_elliptic_torus,gaussian_curvature,3,baseline,0.0,0.0,0,7334419406908412844,4096,8192,0,12288,9.706388206475463,0.023304219095576274,0.07193997401398164,0.12801271372256182,0.9762349008712761,0.022403007294792478,0.016000000000000014,0.17888543819998326,2.0,0.007848265031203517,0.011583999999999983,8.248926067354452,8.473709424009169,9.399991542895213,15,16,6,16.0
doubly_elliptic_torus,gaussian_curvature,3,stress,0.05,0.049967447916666664,0,8404750173880266785,4096,8192,614,12288,9.706388206475463,0.02433003373654938,7.2673828355178305,19.794471497036604,245.28593872246836,-0.0033892331258845027,45.419,59.90765393503572,126.0,12.00059575733941,18.446784000000036,2.539109729629022,5.830164951645481,8.682565969994059,1500,1532,314,797.0
doubly_elliptic_torus,gaussian_curvature,3,stress,0.05,0.049967447916666664,1,17404963949145802089,4096,8192,614,12288,9.706388206475463,0.024232967826849444,6.421711709049089,18.01175826456828,203.7337170953191,0.0033228655602414447,39.858999999999995,52.82261826149855,120.0,9.980281182895395,16.431683999999997,2.539109729629022,6.076003067018167,8.715095144951954,1518,1554,313,767.0
doubly_elliptic_torus,gaussian_curvature,3,stress,0.05,0.049967447916666664,2,17955430327580856519,4096,8192,614,12288,9.706388206475463,0.02427615351739496,7.579328269446302,21.297993778594435,321.1949855305164,-0.000618604103858611,43.307,55.59824637522302,126.0,10.39472975932055,15.777000000000012,2.539109729629022,5.981315954510185,8.753007960635843,1515,1552,312,787.0
doubly_elliptic_torus,gaussian_curvature,3,stress,0.05,0.049967447916666664,3,1177420946463546676,4096,8192,614,12288,9.706388206475463,0.02428253869846025,6.366833519068441,17.658805781392527,352.39602536742206,0.0006426405599513768,37.793,52.50547590489967,133.0,10.214251752627213,15.486143999999998,2.563475220905337,5.960311578072151,8.712472329165427,1506,1546,322,807.0
doubly_elliptic_torus,gaussian_curvature,3,stress,0.05,0.049967447916666664,4,13583144174878447826,4096,8192,614,12288,9.706388206475463,0.024197225548884954,6.994115938286026,19.93134571227062,196.04162538158505,-0.002765257766457925,38.99799999999999,50.569674707278864,105.0,10.574389278396747,16.043632000000013,2.6677221217698666,6.110205764716679,8.811361453063245,1500,1526,318,694.0
doubly_elliptic_torus,gaussian_curvature,3,stress,0.05,0.049967447916666664,5,14142197099020744422,4096,8192,614,12288,9.706388206475463,0.024263673183537737,7.0196947179720475,19.224980426714307,248.44264435408695,-0.003108517997993082,40.424,54.440150624332404,124.0,11.384549223348293,17.429176000000012,2.652411466592058,5.893552260678922,8.71247232916545,1521,1550,296,724.0
doubly_elliptic_torus,gaussian_curvature,3,stress,0.05,0.049967447916666664,6,8318445081667517807,4096,8192,614,12288,9.706388206475463,0.024248515386256417,6.228785561717149,17.093224678607655,188.02894686993366,0.0030042453250536394,41.675,54.06326849164782,121.0,10.646330060700183,16.983284000000033,2.563475220905337,5.914476485396911,8.71247232916545,1535,1576,306,777.0
doubly_elliptic_torus,gaussian_curvature,3,stress,0.05,0.049967447916666664,7,9914862540883168006,4096,8192,614,12288,9.706388206475463,0.02423869096769906,7.082874002176741,19.249142900721328,248.44721794055206,-0.00031503801541311535,39.375,53.513615089993685,111.0,11.225620505867814,17.13848,2.5634752209056213,5.971736554668569,8.75300796063586,1495,1530,292,697.0
doubly_elliptic_torus,gaussian_curvature,3,stress,0.1,0.10001627604166667,0,2507786366363770657,4096,8192,1229,12288,9.706388206475463,0.025226392356455636,12.508487334256365,27.018282084606493,350.4907733934475,-0.024949159722427464,74.637,98.50686778088115,209.0,20.100599937756094,32.02534000000001,2.539109729629022,4.618910577387972,7.901806278489084,2163,2240,336,967.0
doubly_elliptic_torus,gaussian_curvature,3,stress,0.1,0.10001627604166667,1,2173592965565116317,4096,8192,1229,12288,9.706388206475463,0.025103850316559106,12.411688203417771,27.112930845119546,344.7970940547181,-0.024575138101296065,83.988,108.03234700773653,222.0,21.31508971575958,33.62575999999999,2.5492028690208257,4.936101716391918,8.159211250513364,2113,2220,347,952.0
doubly_elliptic_torus,gaussian_curvature,3,stress,0.1,0.10001627604166667,2,17814307318731993927,4096,8192,1229,12288,9.706388206475463,0.025122195996107655,11.891989950314601,25.907989664371986,308.48115993679295,-0.01873770311648079,79.71099999999998,103.9729724495746,226.0,19.6373866744913,31.436376000000017,2.5492028690208257,4.617096868686851,8.016265776458926,2127,2210,346,967.0
doubly_elliptic_torus,gaussian_curvature,3,stress,0.1,0.10001627604166667,3,3956657484626397157,4096,8192,1229,12288,9.706388206475463,0.02523118649946582,13.492966825363945,27.854142289597533,307.89968778265705,-0.02831042367966711,80.82999999999998,106.26337092338073,234.0,21.36026996646999,33.87223999999999,2.5941748671476046,4.926685162093112,8.019760130031623,2214,2314,355,1008.0
doubly_elliptic_torus,gaussian_curvature,3,stress,0.1,0.10001627604166667,4,18155379326580059860,4096,8192,1229,12288,9.706388206475463,0.025331284304932068,12.479850980363196,27.149847861435596,335.7006246188617,-0.02700940840548169,79.74999999999999,105.15597938300988,237.0,21.311165922588483,33.489584000000015,2.5634752209056213,4.617581369914142,7.814345975908015,2144,2246,353,1010.0
doubly_elliptic_torus,gaussian_curvature,3,stress,0.1,0.10001627604166667,5,13883539751915192129,4096,8192,1229,12288,9.706388206475463,0.02507600350765962,11.741682941008982,25.898828403281545,294.0564155542671,-0.021778972330219956,75.79599999999999,97.09370731412,203.0,19.751518169056283,30.549896000000007,2.539109729629022,4.91120068970057,8.23903061505439,2083,2170,356,926.0
doubly_elliptic_torus,gaussian_curvature,3,stress,0.1,0.10001627604166667,6,10299267467777623436,4096,8192,1229,12288,9.706388206475463,0.025087031569135845,12.258158124636754,26.78055002192439,226.5634450710623,-0.02356944699988625,75.592,98.84970409667395,198.0,19.651509709838383,31.406336,2.5492028690208257,5.079717619322215,8.131915378315327,2088,2186,332,926.0
doubly_elliptic_torus,gaussian_curvature,3,stress,0.1,0.10001627604166667,7,17430392749233352745,4096,8192,1229,12288,9.706388206475463,0.025189610713514506,12.68695853408017,27.960319196467225,299.37947869458463,-0.025324521246523124,76.93299999999999,99.55330732828517,217.0,20.653891081985726,32.05687200000005,2.539109729629022,4.749187093511983,8.004123242838908,2155,2246,348,947.0
doubly_elliptic_torus,gaussian_curvature,3,quality_controlled,0.05,0.049967447916666664,0,16681866040869555516,4096,8192,614,12288,9.706388206475463,0.02355862202573923,4.27469922576171,15.939599795200234,180.3306396325753,0.026342663382648027,33.517,42.38210707362247,98.0,6.086386926040109,10.339367999999991,8.248926067354452,8.473709424009169,9.444387006299015,1282,1316,287,611.0
doubly_elliptic_torus,gaussian_curvature,3,quality_controlled,0.05,0.049967447916666664,1,13983773841362570790,4096,8192,614,12288,9.706388206475463,0.02354743376696727,3.643319969454024,13.876235295316649,176.32882007864055,0.029838365042991734,32.986000000000004,40.02831497827507,92.0,5.848253534900151,9.393640000000023,8.248926067354452,8.481427063669198,9.498442876136837,1266,1296,287,630.0
doubly_elliptic_torus,gaussian_curvature,3,quality_controlled,0.05,0.049967447916666664,2,16485142096302052224,4096,8192,614,12288,9.706388206475463,0.023592276478132744,4.476460301688518,17.608820985511404,213.1017171457932,0.018574737036991446,32.524,40.515034246560866,95.0,6.377015731227265,10.51516,8.248926067354452,8.480732476099725,9.479061625180968,1263,1300,301,614.0
doubly_elliptic_torus,gaussian_curvature,3,quality_controlled,0.05,0.049967447916666664,3,13701085952600795601,4096,8192,614,12288,9.706388206475463,0.023573687798854655,4.456014691236209,17.383001695206644,298.1205369454437,0.022223862474291603,32.010000000000005,40.08785352198343,95.0,6.499025672809732,10.946824000000003,8.248926067354496,8.481427063669155,9.479061625180991,1318,1360,297,624.0
doubly_elliptic_torus,gaussian_curvature,3,quality_controlled,0.05,0.049967447916666664,4,6228517206117899176,4096,8192,614,12288,9.706388206475463,0.023598432039571605,4.007736885240574,15.511438561937114,335.28754018395546,0.02659128400804643,33.346999999999994,41.897911642467335,102.0,5.894770674099545,9.849279999999998,8.248926067354452,8.473709424009169,9.47906162518103,1296,1324,287,635.0
doubly_elliptic_torus,gaussian_curvature,3,quality_controlled,0.05,0.049967447916666664,5,6290208578063540222,4096,8192,614,12288,9.706388206475463,0.023597724199542185,4.555422294957596,16.822154573919786,209.48875762581244,0.024366183012978326,33.409000000000006,42.38522148107758,105.0,6.10574459080299,10.21539999999999,8.248926067354452,8.481427063669155,9.47906162518103,1315,1346,281,613.0
doubly_elliptic_torus,gaussian_curvature,3,quality_controlled,0.05,0.049967447916666664,6,16578839510850229509,4096,8192,614,12288,9.706388206475463,0.023597431460580808,4.709381770731417,18.291990509349844,344.05717588120854,0.019057469760852944,28.192,35.31217920208267,87.0,5.207604482098849,8.758776000000003,8.248926067354452,8.473709424009172,9.44438700629896,1329,1364,295,616.0
doubly_elliptic_torus,gaussian_curvature,3,quality_controlled,0.05,0.049967447916666664,7,18228649485319971982,4096,8192,614,12288,9.706388206475463,0.023597674115346256,4.128595531730778,16.10458987450982,350.4907733934301,0.02411669254024912,33.346,40.51557725122524,96.0,6.393002915683363,10.836159999999998,8.248926067354452,8.480732476099725,9.444387006298978,1236,1262,286,562.0
doubly_elliptic_torus,gaussian_curvature,3,quality_controlled,0.1,0.10001627604166667,0,9341108376624190738,4096,8192,1229,12288,9.706388206475463,0.023820898002472047,7.0520878228741655,21.985342142379583,335.7006246188653,0.022883947585541964,52.877,65.3095781643091,142.0,10.265599122436061,17.283248000000007,8.248926067354452,8.481427063669198,9.522390805459592,1806,1886,327,717.0
doubly_elliptic_torus,gaussian_curvature,3,quality_controlled,0.1,0.10001627604166667,1,1970170740169421579,4096,8192,1229,12288,9.706388206475463,0.023804513826709207,6.070948701303362,17.347799015632624,307.89968778266984,0.03988650106638669,52.025000000000006,63.691844061857715,144.0,9.88584276175784,16.44797199999999,8.248926067354452,8.481427063669198,9.518154089911198,1858,1932,326,755.0
doubly_elliptic_torus,gaussian_curvature,3,quality_controlled,0.1,0.10001627604166667,2,16910801963191805990,4096,8192,1229,12288,9.706388206475463,0.02378087791802596,6.373980199863313,20.009805287529105,321.14586501505363,0.023683718635757384,48.68300000000001,60.89610003932929,138.0,9.178911220599533,15.360303999999996,8.248926067354452,8.473709424009172,9.518154089911198,1742,1812,327,799.0
doubly_elliptic_torus,gaussian_curvature,3,quality_controlled,0.1,0.10001627604166667,3,2652828795647083618,4096,8192,1229,12288,9.706388206475463,0.02377623628155767,6.40571008392144,19.785968381237442,331.44728802817735,0.029409418028064543,48.21300000000001,60.7086567138493,141.0,8.60351784937627,14.624220000000005,8.248926067354452,8.48142706366924,9.52239080545967,1815,1888,323,763.0
doubly_elliptic_torus,gaussian_curvature,3,quality_controlled,0.1,0.10001627604166667,4,13777330665809923769,4096,8192,1229,12288,9.706388206475463,0.02380468678602414,6.718813463418092,19.890009158819964,227.4404897758755,0.033830689794801,55.75399999999999,70.10172608431265,166.0,10.565147639856635,17.66692800000002,8.248926067354452,8.503021680643094,9.522390805459708,1810,1896,335,774.0
doubly_elliptic_torus,gaussian_curvature,3,quality_controlled,0.1,0.10001627604166667,5,10913099690266615360,4096,8192,1229,12288,9.706388206475463,0.023807990136131038,6.440442902018532,19.894457244215488,322.0901984426203,0.027761592899346155,49.526999999999994,63.29172931750246,144.0,9.967657448680708,17.06368000000001,8.248926067354452,8.481427063669198,9.522390805459592,1787,1850,337,741.0
doubly_elliptic_torus,gaussian_curvature,3,quality_controlled,0.1,0.10001627604166667,6,4325448429270492588,4096,8192,1229,12288,9.706388206475463,0.023827591089412282,7.177421362502143,23.116916713194595,328.90670298060206,0.027997504120034017,55.809,68.98665813039504,148.0,10.621754462054954,17.638528000000022,8.248926067354452,8.50515741199236,9.52239080545957,1802,1866,335,751.0
doubly_elliptic_torus,gaussian_curvature,3,quality_controlled,0.1,0.10001627604166667,7,10057251524961771656,4096,8192,1229,12288,9.706388206475463,0.023764654520045003,5.905369168839263,18.146474669137465,331.44728802817,0.03148333561537603,49.006,60.57778470693692,132.0,9.64847190187878,15.94193600000003,8.248926067354452,8.481427063669198,9.522390805459686,1812,1882,327,784.0
doubly_elliptic_torus,mean_curvature,0,baseline,0.0,0.0,0,8818574583361873491,64,128,0,192,9.706388206475463,0.1815779529757719,0.8229360883267937,1.3583036930909278,4.761623675161863,-0.26227028140288994,1.2400000000000002,2.154065922853802,6.0,0.42243252905049844,0.7136000000000009,8.905337059337633,8.905337059337644,8.905337059337715,15,16,6,16.0
doubly_elliptic_torus,mean_curvature,0,stress,0.05,0.052083333333333336,0,16998624101722020421,64,128,10,192,9.706388206475463,0.19020942930214496,1.9466529304689986,2.9369159707652654,8.188129112579167,-0.8584411162003687,1.862,2.701110882581461,8.0,0.45824188512181974,0.8209759999999993,8.905337059337633,8.905337059337644,8.905337059337715,20,20,16,18.0
doubly_elliptic_torus,mean_curvature,0,stress,0.05,0.052083333333333336,1,5452839630613592612,64,128,10,192,9.706388206475463,0.19011418080711528,1.8713890563910693,3.2119904015297194,11.321234344333945,-1.441213367401598,2.0090000000000003,2.658759109058209,7.0,0.4347900409071058,0.7581760000000058,8.905337059337633,8.905337059337644,8.905337059337686,24,24,20,23.0
doubly_elliptic_torus,mean_curvature,0,stress,0.05,0.052083333333333336,2,5895414887268245242,64,128,10,192,9.706388206475463,0.1910236034096107,2.082198061873367,3.5669332910426146,15.824245289743851,-1.1194259412260434,1.7850000000000001,2.354782367863324,7.0,0.3078587653194254,0.5454440000000031,8.769894295228452,8.905337059337644,10.01502988325389,24,24,23,23.0
doubly_elliptic_torus,mean_curvature,0,stress,0.05,0.052083333333333336,3,14657208580682022353,64,128,10,192,9.706388206475463,0.19026649273055604,1.9764716938242148,2.782361421866131,7.1996399915181035,-0.8593057491819165,2.112,2.677685567799177,9.0,0.3601099854544477,0.6520200000000057,7.5973979777400915,8.344968264384468,9.293729547708365,27,28,23,26.0
doubly_elliptic_torus,mean_curvature,0,stress,0.05,0.052083333333333336,4,15482312204580415145,64,128,10,192,9.706388206475463,0.1874140719056808,1.545656835036828,2.339283844317216,6.477580946877558,-0.5932263616326381,2.7380000000000004,3.387329331494061,7.0,0.40893177448567336,0.834068000000004,8.905337059337633,8.905337059337644,8.905337059337715,26,28,18,24.0
doubly_elliptic_torus,mean_curvature,0,stress,0.05,0.052083333333333336,5,8995334125446432345,64,128,10,192,9.706388206475463,0.1883359098454092,1.727825019392812,3.2826354505999884,15.824245289743857,-1.1310857008952098,2.1510000000000002,2.7819058215547128,7.0,0.45096573187771427,0.7915520000000059,8.769894295228452,8.905337059337644,9.293729547708365,33,34,23,27.0
doubly_elliptic_torus,mean_curvature,0,stress,0.05,0.052083333333333336,6,5941329116317963542,64,128,10,192,9.706388206475463,0.18696781559364606,1.7131158029583728,2.8216712982168093,10.72220167222996,-0.8759997367477816,1.9960000000000004,2.519126832853003,6.0,0.3044029811023576,0.5700680000000061,8.161170116680356,8.905337059337633,8.905337059337672,26,26,21,24.0
doubly_elliptic_torus,mean_curvature,0,stress,0.05,0.052083333333333336,7,11097403695165140893,64,128,10,192,9.706388206475463,0.1882977772462344,1.9491096720393144,2.858403132607881,7.529224284565953,-0.5644116921722077,2.1210000000000004,2.942957695924289,9.0,0.3789610328780575,0.6980120000000086,7.5973979777400915,8.905337059337633,8.905337059337686,26,28,21,25.0
doubly_elliptic_torus,mean_curvature,0,stress,0.1,0.09895833333333333,0,9707679153639554202,64,128,19,192,9.706388206475463,0.1953803675911454,2.454192983800648,3.6686467156116347,10.606734517813898,-1.6981854909897462,2.7770000000000006,3.4843937779763072,10.0,0.3898321032136788,0.6177840000000038,8.905337059337633,8.905337059337672,10.01502988325389,33,36,25,29.0
doubly_elliptic_torus,mean_curvature,0,stress,0.1,0.09895833333333333,1,17313746824753707093,64,128,19,192,9.706388206475463,0.19598576230238032,2.6525353730524492,3.8776314734273574,10.722201672229968,-1.6570549521247542,2.8800000000000003,3.4278273002005224,9.0,0.33017977133677207,0.5103999999999987,8.161170116680356,8.828493312523232,8.905337059337715,27,28,23,26.0
doubly_elliptic_torus,mean_curvature,0,stress,0.1,0.09895833333333333,2,3943689430488625478,64,128,19,192,9.706388206475465,0.1848667833937373,1.4191159625874104,2.1632547206685206,6.892846207204089,-0.3345104250376501,1.5540000000000003,2.1637929660667634,7.0,0.30613963636223684,0.5786560000000077,7.5973979777400915,7.950541529771428,8.905337059337686,21,22,19,22.0
doubly_elliptic_torus,mean_curvature,0,stress,0.1,0.09895833333333333,3,10127159615856457509,64,128,19,192,9.706388206475465,0.1979830231909997,2.599224018944239,3.609831479214536,10.722201672229975,-1.419810638808987,2.2350000000000003,3.113358315388706,10.0,0.36867059937022323,0.5954199999999986,7.5973979777400915,8.33367353141717,8.905337059337672,27,30,23,27.0
doubly_elliptic_torus,mean_curvature,0,stress,0.1,0.09895833333333333,4,9568626083049977667,64,128,19,192,9.706388206475465,0.1894467086664898,1.927332758449003,3.1774528493110408,11.128963567151091,-1.1413621498957276,2.2270000000000003,2.907404340644762,8.0,0.3558579097898515,0.5524280000000052,7.5973979777400915,7.749616455253963,8.905337059337672,31,32,22,25.0
doubly_elliptic_torus,mean_curvature,0,stress,0.1,0.09895833333333333,5,2031488082447435117,64,128,19,192,9.706388206475465,0.1949000156713474,2.6498229506838236,3.585131550518785,10.193007532139417,-1.0214787611000267,2.608,3.301817681217423,10.0,0.4143015111051419,0.7252839999999996,8.800071652742549,8.905337059337644,8.951920195996145,36,36,29,32.0
doubly_elliptic_torus,mean_curvature,0,stress,0.1,0.09895833333333333,6,15616988510890345718,64,128,19,192,9.706388206475465,0.19182303907595172,1.8148770875598443,2.964117922987748,14.880904647950961,-0.9538466724145266,2.3740000000000006,2.9738863461807012,8.0,0.33957814016806553,0.5384480000000066,8.769894295228452,8.828493312523221,8.905337059337715,31,32,26,30.0
doubly_elliptic_torus,mean_curvature,0,stress,0.1,0.09895833333333333,7,1938661981488889834,64,128,19,192,9.706388206475465,0.1980443587863791,2.8888123732966826,4.247882723500382,13.893885946195539,-1.4203570447320517,2.5340000000000007,3.052539926028815,7.0,0.48641765194120934,0.869068000000001,8.13770857310042,8.769894295228452,9.293729547708365,26,26,24,26.0
doubly_elliptic_torus,mean_curvature,0,quality_controlled,0.05,0.052083333333333336,0,1701971637600508939,64,128,10,192,9.706388206475465,0.18621870310256194,1.3702549567634543,2.4302568651333973,10.193007532139406,-0.7727059936328251,2.0090000000000003,2.623166026007504,7.0,0.41334471555833524,0.7381600000000009,8.905337059337633,8.905337059337672,9.293729547708365,24,24,22,23.0
doubly_elliptic_torus,mean_curvature,0,quality_controlled,0.05,0.052083333333333336,1,6367834350353632934,64,128,10,192,9.706388206475465,0.18231445666430432,1.0660806504784777,1.7934387770339195,6.892846207204089,-0.4200935096084438,1.6610000000000003,2.3188359148503803,6.0,0.36898820983874225,0.6215000000000008,8.905337059337633,8.905337059337644,8.905337059337715,19,20,15,19.0
doubly_elliptic_torus,mean_curvature,0,quality_controlled,0.05,0.052083333333333336,2,8400557616789880397,64,128,10,192,9.706388206475465,0.18962374757363892,1.958483863771083,2.841754730058872,8.189124617193823,-0.7247296501098995,2.3070000000000004,3.069038937517737,8.0,0.3163846523205638,0.6057360000000115,8.905337059337633,8.905337059337644,8.905337059337715,27,28,22,27.0
doubly_elliptic_torus,mean_curvature,0,quality_controlled,0.05,0.052083333333333336,3,2651927749475011419,64,128,10,192,9.706388206475465,0.18493268002631735,1.3259445071702933,2.088246642072465,7.329659575443014,-0.7001871771988053,2.0220000000000002,2.6817904466978773,7.0,0.35846339899074686,0.6775279999999992,8.905337059337633,8.905337059337644,8.905337059337715,25,26,20,24.0
doubly_elliptic_torus,mean_curvature,0,quality_controlled,0.05,0.052083333333333336,4,405119652523443984,64,128,10,192,9.706388206475465,0.18683851078026942,1.5212695888864602,2.4869103560834134,8.803254579767055,-0.7538257546202094,2.164,2.735324478009876,8.0,0.29862089511620377,0.5715000000000073,8.905337059337633,8.905337059337644,8.905337059337715,28,28,23,26.0
doubly_elliptic_torus,mean_curvature,0,quality_controlled,0.05,0.052083333333333336,5,942958205904331634,64,128,10,192,9.706388206475465,0.18336072200451273,1.2603041722517836,2.0224014378394672,6.496204208814939,-0.32199030573039067,1.6660000000000006,2.529426812540739,7.0,0.3982122144083489,0.7468920000000022,8.905337059337633,8.905337059337644,8.905337059337715,25,26,21,26.0
doubly_elliptic_torus,mean_curvature,0,quality_controlled,0.05,0.052083333333333336,6,9861993962143053549,64,128,10,192,9.706388206475465,0.1830632544203232,1.1682482550957767,1.878680980768652,6.892846207204084,-0.35903891887024114,1.7010000000000005,2.319698256239376,7.0,0.3182490152443568,0.5785320000000074,8.905337059337633,8.905337059337644,8.905337059337715,23,24,20,23.0
doubly_elliptic_torus,mean_curvature,0,quality_controlled,0.05,0.052083333333333336,7,8034060865371941837,64,128,10,192,9.706388206475465,0.18443003028899502,1.3034821521796487,2.2707667993262772,8.188129112579169,-0.5552037197883504,1.488,2.083746625672133,6.0,0.31186263025890054,0.559376,8.905337059337633,8.905337059337644,10.015029883253867,24,24,20,22.0
doubly_elliptic_torus,mean_curvature,0,quality_controlled,0.1,0.09895833333333333,0,10446411862689885873,64,128,19,192,9.706388206475465,0.19338105730012933,2.4699770045353855,3.417680089522562,9.361027402021502,-1.099306460812752,3.043,3.797499177090102,8.0,0.45222056030216246,0.9686599999999985,8.905337059337633,8.905337059337644,8.905337059337715,38,38,34,35.0
doubly_elliptic_torus,mean_curvature,0,quality_controlled,0.1,0.09895833333333333,1,4817333678301536260,64,128,19,192,9.706388206475465,0.19466491049935922,2.418517133213662,3.259641367738291,9.603288537976777,-1.5604270082740204,2.4080000000000004,2.870191631233009,6.0,0.3268518939336302,0.5365720000000022,8.905337059337633,8.905337059337644,10.015029883253867,31,32,26,30.0
doubly_elliptic_torus,mean_curvature,0,quality_controlled,0.1,0.09895833333333333,2,10498854903903814126,64,128,19,192,9.706388206475465,0.19894989959935683,2.3503162271342872,3.485277431770425,10.807712837338844,-1.6938362531984914,3.2670000000000003,3.886515148561755,8.0,0.4314860519367951,0.8760800000000023,8.905337059337633,8.905337059337672,9.293729547708365,32,34,25,29.0
doubly_elliptic_torus,mean_curvature,0,quality_controlled,0.1,0.09895833333333333,3,17023550290249886777,64,128,19,192,9.706388206475465,0.19548785581624112,2.0508587584882285,2.997975976173241,9.217775121815947,-1.060915847209819,2.3020000000000005,2.8135386970859315,6.0,0.2647955614129587,0.4845280000000145,8.905337059337633,8.905337059337644,8.905337059337715,26,26,22,24.0
doubly_elliptic_torus,mean_curvature,0,quality_controlled,0.1,0.09895833333333333,4,11471062647934001490,64,128,19,192,9.706388206475465,0.1988508735269345,2.942584310733039,3.9377925459041503,10.026633487443842,-1.4567097644467026,3.3430000000000004,4.068783602011786,9.0,0.48304010162304495,1.0633440000000043,8.905337059337633,8.905337059337644,10.01502988325389,38,40,30,33.0
doubly_elliptic_torus,mean_curvature,0,quality_controlled,0.1,0.09895833333333333,5,11865895475711109225,64,128,19,192,9.706388206475465,0.19060322350147263,2.318641477185574,3.4018839095605,9.481475269992892,-0.9430377299726795,1.9880000000000002,2.639696952303427,8.0,0.3463518493093397,0.6199199999999996,8.905337059337672,8.905337059337683,10.01502988325389,25,26,23,26.0
doubly_elliptic_torus,mean_curvature,0,quality_controlled,0.1,0.09895833333333333,6,2694703844476589866,64,128,19,192,9.706388206475465,0.19421025649405813,2.6005872086173065,3.5064882465227596,8.647264560961347,-1.1475432695016963,3.2390000000000003,3.9563872409055207,10.0,0.4987746057288801,0.815544000000005,8.905337059337633,8.905337059337644,8.905337059337715,29,32,24,29.0
doubly_elliptic_torus,mean_curvature,0,quality_controlled,0.1,0.09895833333333333,7,12224389907932809340,64,128,19,192,9.706388206475465,0.19864973292014176,2.6912181998553315,3.6231140406180917,8.624965009082851,-1.381508001764841,2.274,2.7828043409481737,6.0,0.30957142979287516,0.5923520000000138,8.905337059337633,8.905337059337644,8.905337059337715,28,28,25,26.0
doubly_elliptic_torus,mean_curvature,1,baseline,0.0,0.0,0,3401782783667348021,256,512,0,768,9.706388206475465,0.09262787762998352,0.20503985024775429,0.32514106969383466,1.6433651370402327,-0.0415543720484397,0.5160000000000002,1.3769531582446808,4.0,0.16794434230423066,0.27982400000000274,8.216103648926683,8.216103648926694,9.438492567533961,20,20,7,20.0
doubly_elliptic_torus,mean_curvature,1,stress,0.05,0.049479166666666664,0,13058852340835765466,256,512,38,768,9.706388206475465,0.09588214274671887,1.788128422606888,3.5628595669081418,20.142495167115126,-0.19851705081234075,6.063,6.913103499876159,12.0,1.6856322240844772,2.905847999999994,6.465792690295751,7.701166253348295,9.00674078248446,87,88,65,79.0
doubly_elliptic_torus,mean_curvature,1,stress,0.05,0.049479166666666664,1,666368481918477999,256,512,38,768,9.706388206475465,0.09539315384728293,1.439474681158102,3.5101757545008483,27.147453529589093,-0.18443994257448884,3.7489999999999997,4.873089369178447,11.0,1.2471859563673735,1.9505200000000076,3.102542712677757,7.444178538572299,9.080682523409804,67,68,47,57.0
doubly_elliptic_torus,mean_curvature,1,stress,0.05,0.049479166666666664,2,4672414991714855852,256,512,38,768,9.706388206475465,0.09565580028718985,1.3306475003990479,2.9283680898180524,27.147453529589725,-0.2679364487677486,4.314,5.1000000000000005,11.0,1.1121714442189197,2.022448000000003,2.755621441616767,7.633129994726732,9.080682523409786,78,80,53,62.0
doubly_elliptic_torus,mean_curvature,1,stress,0.05,0.049479166666666664,3,6177446089014711722,256,512,38,768,9.706388206475465,0.0959533557279817,1.845782998220693,3.9694070810676476,20.145043794155065,-0.27077554295239165,6.377,7.1049982406753625,12.0,1.8670364337505598,3.1827440000000067,2.590088710900673,7.608361314621254,9.080682523409804,73,76,50,61.0
doubly_elliptic_torus,mean_curvature,1,stress,0.05,0.049479166666666664,4,6810569909291464049,256,512,38,768,9.706388206475465,0.09720101060719717,2.432379813115856,4.526341394290873,21.19202535196251,-0.4045311796117601,8.138,8.835270227899088,13.0,2.265635460624668,3.750087999999988,2.755621441616767,6.47498719092599,9.080682523409727,108,110,67,84.0
doubly_elliptic_torus,mean_curvature,1,stress,0.05,0.049479166666666664,5,18193657060689436588,256,512,38,768,9.706388206475465,0.09632067070434816,1.8860479988525212,3.9520328956549147,23.527214333744897,-0.2983954468124165,6.548,8.822924685159677,19.0,2.2552460091085447,3.5601599999999975,2.590088710900673,8.216103648926683,9.080682523409804,110,112,71,90.0
doubly_elliptic_torus,mean_curvature,1,stress,0.05,0.049479166666666664,6,1404022581802736434,256,512,38,768,9.706388206475465,0.09647103987717989,2.0415708937582835,4.137619985478467,33.82546301284002,-0.2617663739339089,8.299,9.323786784348943,19.0,2.0548363401964624,3.678711999999999,2.4742866677188196,7.6325871248459745,8.802688418891892,97,98,68,79.0
doubly_elliptic_torus,mean_curvature,1,stress,0.05,0.049479166666666664,7,1722166252589411220,256,512,38,768,9.706388206475465,0.09564818724408052,1.4932219702947518,3.5335892906798008,30.346121366543876,-0.2589913111881586,4.4830000000000005,5.178899496997407,11.0,1.1956225172553394,2.180900000000002,2.4742866677188196,7.737533950697518,9.080682523409727,66,66,54,57.0
doubly_elliptic_torus,mean_curvature,1,stress,0.1,0.10026041666666667,0,16265299356855257594,256,512,77,768,9.706388206475465,0.09889306651844758,2.890896737158529,5.390201496876144,31.21654132324774,-0.5982292232550859,10.948,11.932644300405505,24.0,2.836155356878744,4.937296000000005,2.351281411829393,4.607530179406854,8.45605717483767,114,122,77,90.0
doubly_elliptic_torus,mean_curvature,1,stress,0.1,0.10026041666666667,1,14433865730165006826,256,512,77,768,9.706388206475465,0.10053612515524246,3.1791924581328415,5.349382281202066,29.25263152762978,-0.6145113736081352,10.696,12.004749060267773,20.0,3.015733908493927,5.158400000000015,2.590088710900673,3.0672772016736056,9.066915402585277,132,138,89,106.0
doubly_elliptic_torus,mean_curvature,1,stress,0.1,0.10026041666666667,2,13553036570109427453,256,512,77,768,9.706388206475465,0.09817274247908829,2.7819230391514926,5.050656039490297,28.97283352741607,-0.4279332343421157,9.985,10.61371753910947,22.0,2.604781606475296,4.510512000000008,2.662327787736561,6.474987190925902,8.802688418891975,117,122,88,97.0
doubly_elliptic_torus,mean_curvature,1,stress,0.1,0.10026041666666667,3,2522798747576506834,256,512,77,768,9.706388206475465,0.10129267912948935,3.4522452621791633,6.019953846862676,35.26819388088242,-0.7590905548658056,10.088000000000001,11.108375218725735,19.0,2.7844706207966974,4.6876159999999905,2.351281411829703,3.102542712677417,8.216103648926733,122,128,81,92.0
doubly_elliptic_torus,mean_curvature,1,stress,0.1,0.10026041666666667,4,12451564205877611723,256,512,77,768,9.706388206475465,0.09948951969259756,2.6609608819048374,4.530413795599727,28.86478115691725,-0.57212927622252,9.698,10.942029062290047,18.0,2.673290487201121,4.6752400000000005,2.755621441616767,5.372083197370006,8.823447299542975,118,122,80,94.0
doubly_elliptic_torus,mean_curvature,1,stress,0.1,0.10026041666666667,5,13727593048926384354,256,512,77,768,9.706388206475465,0.10060090376932337,3.2002041240569454,5.657165492958352,31.549465255081515,-0.5426174868772826,10.489999999999998,11.50565078559227,19.0,2.9546975356594483,4.974352000000002,2.3512814118292376,6.467072032603312,8.314127232938224,116,118,73,86.0
doubly_elliptic_torus,mean_curvature,1,stress,0.1,0.10026041666666667,6,18027886359398893268,256,512,77,768,9.706388206475465,0.1019182458177702,3.922169939856467,6.203067983698873,30.346121366542754,-0.7182540729183654,13.581000000000001,14.648173947629104,23.0,3.7868444051267756,6.409639999999994,2.474286667718672,4.15178528563375,8.518124082575394,136,144,87,111.0
doubly_elliptic_torus,mean_curvature,1,stress,0.1,0.10026041666666667,7,3587567059046169874,256,512,77,768,9.706388206475465,0.10048019429502514,3.1721643002314934,5.441712710271779,31.31288914676017,-0.6417246736344328,9.376000000000001,10.294950218432335,20.0,2.3297951965526846,3.9657599999999977,2.351281411829703,6.562382150412536,8.802688418891938,117,120,79,86.0
doubly_elliptic_torus,mean_curvature,1,quality_controlled,0.05,0.049479166666666664,0,6138260596113807069,256,512,38,768,9.706388206475465,0.09461939273775752,1.179961598758069,2.391870063634626,13.44140346408884,-0.17589199981863243,4.428,5.718741120211686,16.0,1.1454717010559459,2.0446400000000073,8.216103648926683,8.216103648926694,9.602101872657983,76,76,54,60.0
doubly_elliptic_torus,mean_curvature,1,quality_controlled,0.05,0.049479166666666664,1,8784846810051682103,256,512,38,768,9.706388206475465,0.09452081531879547,1.225929288744859,2.789796770240528,13.558659967962894,-0.10167685430725229,4.979,5.718478818706947,14.0,1.1777937108033796,2.1165320000000007,8.216103648926683,8.216103648926694,9.438492567533961,74,74,52,67.0
doubly_elliptic_torus,mean_curvature,1,quality_controlled,0.05,0.049479166666666664,2,5769038230908658639,256,512,38,768,9.706388206475465,0.09431723907550181,0.9859232614570683,2.2756827011309255,17.911776925614085,-0.08098671816213883,3.374,3.7611168554034586,9.0,0.7209189735275388,1.356463999999999,8.216103648926683,8.216103648926694,9.438492567533961,55,56,41,50.0
doubly_elliptic_torus,mean_curvature,1,quality_controlled,0.05,0.049479166666666664,3,11270855927350862497,256,512,38,768,9.706388206475465,0.09426253711029764,1.1399258635666092,2.476186042147517,13.558659967962866,-0.0953973795384766,4.5009999999999994,5.058557106527513,9.0,1.1806896796974207,1.9962720000000034,8.216103648926683,8.216103648926694,9.438492567533961,65,66,41,55.0
doubly_elliptic_torus,mean_curvature,1,quality_controlled,0.05,0.049479166666666664,4,18298523850787166626,256,512,38,768,9.706388206475465,0.09415611569976982,1.0820098089787828,2.4864348098889857,15.879021043955381,-0.10009851876832829,4.36,4.968500779913393,10.0,1.07824578368756,1.9232000000000027,8.216103648926683,8.216103648926694,9.438492567533961,67,68,52,60.0
doubly_elliptic_torus,mean_curvature,1,quality_controlled,0.05,0.049479166666666664,5,16495074937286730513,256,512,38,768,9.706388206475465,0.09334002960648946,0.5503360481092097,1.1521619594781063,8.832056711556115,-0.07854800841639072,1.5980000000000003,2.4020824298928627,10.0,0.3018928757688761,0.5113600000000004,8.216103648926683,8.216103648926694,9.438492567533961,52,54,37,48.0
doubly_elliptic_torus,mean_curvature,1,quality_controlled,0.05,0.049479166666666664,6,5740120482709507275,256,512,38,768,9.706388206475465,0.09494593102334568,1.2779745622393865,2.8774799934496116,15.983401068746717,-0.10908279236143634,4.742999999999999,5.365351805799877,11.0,1.245173026884217,2.159040000000002,8.216103648926683,8.280627973622927,9.438492567533983,62,64,49,53.0
doubly_elliptic_torus,mean_curvature,1,quality_controlled,0.05,0.049479166666666664,7,14521078423144343872,256,512,38,768,9.706388206475465,0.0937015558246633,0.8536942134842791,2.0092359821780534,14.166914338024442,-0.08600996370740555,2.8,3.1815090758946454,9.0,0.6824132552932953,1.1305999999999967,8.216103648926683,8.216103648926694,9.438492567533961,55,56,40,50.0
doubly_elliptic_torus,mean_curvature,1,quality_controlled,0.1,0.10026041666666667,0,14322424860159540307,256,512,77,768,9.706388206475465,0.0949629889270501,1.5816266477347098,3.164310611224459,22.07153693562808,-0.14285783246624273,6.663000000000001,7.735696478016702,15.0,1.8914694703790447,3.3488799999999967,8.216103648926683,8.216103648926694,9.438492567533961,88,92,57,67.0
doubly_elliptic_torus,mean_curvature,1,quality_controlled,0.1,0.10026041666666667,1,646581000370562635,256,512,77,768,9.706388206475465,0.09466663436425153,1.4027910549438323,2.833547795111833,13.751212162004917,-0.1037993680827696,5.708,6.178996682310162,13.0,1.4909237324772844,2.5656960000000018,8.216103648926683,8.802688418891808,9.438492567533983,72,72,55,60.0
doubly_elliptic_torus,mean_curvature,1,quality_controlled,0.1,0.10026041666666667,2,5050437835405448366,256,512,77,768,9.706388206475465,0.09682285562549055,1.727214501981742,3.3042205470698667,22.07153693562806,-0.21647463445690435,7.061,7.7347915291881,13.0,1.9621334043616891,3.365056000000005,8.216103648926683,8.802688418891814,9.438492567533961,102,108,67,79.0
doubly_elliptic_torus,mean_curvature,1,quality_controlled,0.1,0.10026041666666667,3,8424953727000964693,256,512,77,768,9.706388206475465,0.09534222510618613,1.5218244939099357,2.8634414709857037,14.59617901317299,-0.13449050417859104,5.495,6.651691514193964,12.0,1.5273639266867656,2.6878080000000075,8.216103648926683,8.802688418891808,9.438492567533983,85,86,67,73.0
doubly_elliptic_torus,mean_curvature,1,quality_controlled,0.1,0.10026041666666667,4,18159361334144097215,256,512,77,768,9.706388206475465,0.09513154420169082,1.2375086516229825,2.5196435439327467,15.879021043955465,-0.14746434734229913,4.8870000000000005,6.389131396363671,13.0,1.4489463665325846,2.527143999999996,8.216103648926683,8.216103648926694,9.438492567533961,79,84,56,67.0
doubly_elliptic_torus,mean_curvature,1,quality_controlled,0.1,0.10026041666666667,5,1155320648716238554,256,512,77,768,9.706388206475465,0.09525984530727562,1.570664306322985,2.9098351694330034,22.07153693562809,-0.2091697208223099,6.142000000000001,6.950251793999984,13.0,1.6028694497531617,3.0159000000000056,8.216103648926683,8.280627973622927,9.438492567533983,90,94,68,78.0
doubly_elliptic_torus,mean_curvature,1,quality_controlled,0.1,0.10026041666666667,6,9637824788194021843,256,512,77,768,9.706388206475465,0.09528451350418879,1.3389608266706097,2.6334525061623055,16.37242102072658,-0.1690645644346145,5.1370000000000005,5.967495286969233,13.0,1.3330998964998917,2.4877840000000138,8.216103648926683,8.216103648926694,9.438492567533983,86,88,59,71.0
doubly_elliptic_torus,mean_curvature,1,quality_controlled,0.1,0.10026041666666667,7,2406649684735784162,256,512,77,768,9.706388206475465,0.09530778493532617,1.6739922543911723,3.147033268256188,15.150349582217197,-0.1723222015198594,5.993,6.678547746329286,12.0,1.7039961696553152,2.8732799999999945,8.216103648926683,8.280627973622927,9.438492567533983,100,102,68,79.0
doubly_elliptic_torus,mean_curvature,2,baseline,0.0,0.0,0,9510560217904711841,1024,2048,0,3072,9.706388206475465,0.046549410757176744,0.05827627320467785,0.08955391283518213,0.44000157584329713,-0.009597441791940641,0.1359999999999999,0.70427267446636,4.0,0.04910758931163792,0.08166400000000823,8.207368177384408,8.511285837911071,9.319612215281076,20,20,7,20.0
doubly_elliptic_torus,mean_curvature,2,stress,0.05,0.050130208333333336,0,1848531292700628387,1024,2048,154,3072,9.706388206475465,0.04883007434250287,2.781353357330268,6.082059911858903,34.88261390205278,-0.04645996224621336,37.704,40.181861579573436,52.0,10.780664179277641,16.83460000000001,1.3299883401843886,5.7337570309631465,8.644657717255836,391,396,170,240.0
doubly_elliptic_torus,mean_curvature,2,stress,0.05,0.050130208333333336,1,4069898082184600203,1024,2048,154,3072,9.706388206475465,0.0484660198244628,2.6470495907520624,5.893272059754768,41.90741754687065,-0.046483514153807796,37.315000000000005,39.650712477835754,53.0,11.288954955486359,17.358999999999995,1.3991985268493916,5.027179108487586,8.78331906468582,386,396,172,225.0
doubly_elliptic_torus,mean_curvature,2,stress,0.05,0.050130208333333336,2,2105655751952110987,1024,2048,154,3072,9.706388206475465,0.048157846733987306,2.0298161275786035,5.242358481363109,46.105475056335884,-0.05025623722351193,28.467,30.506540282372235,46.0,8.820679746348805,13.513040000000005,1.3299883401843886,6.249732569123272,8.825215762532368,355,362,164,219.0
doubly_elliptic_torus,mean_curvature,2,stress,0.05,0.050130208333333336,3,12859768356788896233,1024,2048,154,3072,9.706388206475465,0.048257889371206314,1.965063004002339,4.8889528838542295,42.36292227259974,-0.04404907515336968,29.491999999999997,32.50363056644596,52.0,9.096881758068534,14.189260000000008,1.3768070127383247,6.100628043030538,8.825215762532354,348,354,171,228.0
doubly_elliptic_torus,mean_curvature,2,stress,0.05,0.050130208333333336,4,6541720454018948658,1024,2048,154,3072,9.706388206475465,0.048825089146401636,3.017483577197951,6.480982160129876,41.09799190372314,-0.06277548103947747,41.391999999999996,43.88961152710286,58.0,11.93769723561091,18.366192000000023,1.281117105168789,4.787656918841695,8.644657717255864,384,394,169,238.0
doubly_elliptic_torus,mean_curvature,2,stress,0.05,0.050130208333333336,5,6840130494917630437,1024,2048,154,3072,9.706388206475465,0.0481989214244501,2.310602150089615,5.631573398139466,46.105475056335884,-0.043789805611725054,31.527,34.082385479892686,52.0,9.665191562974426,14.745744000000002,1.2310629461784186,7.089686198776508,8.825215762532466,356,362,171,235.0
doubly_elliptic_torus,mean_curvature,2,stress,0.05,0.050130208333333336,6,5470410119132855035,1024,2048,154,3072,9.706388206475465,0.04853161019961484,2.573578385145595,6.043769463009298,41.09799190372314,-0.05299926964423807,39.608000000000004,42.57057669329839,61.0,12.434036624829762,18.880484000000003,1.3299883401843886,5.0829578176350685,8.665404998472553,398,404,174,240.0
doubly_elliptic_torus,mean_curvature,2,stress,0.05,0.050130208333333336,7,12963819645946671728,1024,2048,154,3072,9.706388206475465,0.04827511828497862,2.366292475000062,5.67038081032154,42.762001535196745,-0.045069993300524414,36.22,39.079969293744334,54.0,10.567668426168561,16.624352,1.507261118991293,6.096425302326114,8.78331906468575,362,372,176,248.0
doubly_elliptic_torus,mean_curvature,2,stress,0.1,0.09993489583333333,0,8603713222477674737,1024,2048,307,3072,9.706388206475465,0.050093731947443605,4.318154453629625,7.723469508190135,46.478648352975696,-0.08523025464233559,58.537000000000006,62.478740384229894,82.0,17.05146948482178,26.361344000000003,1.193005604901222,3.290027021961628,8.046292429846385,543,570,228,325.0
doubly_elliptic_torus,mean_curvature,2,stress,0.1,0.09993489583333333,1,6640497786271297293,1024,2048,307,3072,9.706388206475465,0.0500954134420679,4.1874706067435685,7.5931298952690796,54.46273064932228,-0.08079390824156321,53.768,57.294851426633436,85.0,16.081378314102306,24.50534400000001,1.5339800297756,4.110162492957314,8.354813107422649,532,556,223,330.0
doubly_elliptic_torus,mean_curvature,2,stress,0.1,0.09993489583333333,2,13164478779875855412,1024,2048,307,3072,9.706388206475465,0.05022259452566992,4.355690759526653,7.918530890780513,42.76200153519785,-0.09178045069043887,57.367999999999995,61.021881321375204,83.0,15.981423895579521,24.893880000000003,1.2310629461784186,3.5123119593594163,8.152788964687682,526,546,208,306.0
doubly_elliptic_torus,mean_curvature,2,stress,0.1,0.09993489583333333,3,3613565489321517465,1024,2048,307,3072,9.706388206475465,0.050170657071793606,3.9382629929942126,7.662900196033697,44.743881280007194,-0.0951638715953225,47.684,50.934173204244715,74.0,15.120577978615236,22.790656000000006,1.193005604901222,3.095709114609168,7.977823633200279,493,508,199,270.0
doubly_elliptic_torus,mean_curvature,2,stress,0.1,0.09993489583333333,4,15411491661185330564,1024,2048,307,3072,9.706388206475465,0.049789867449006174,3.684562416395379,7.03105830668355,38.061388339532776,-0.07426044067238281,53.566,56.56417594202182,77.0,15.56811283411705,24.436095999999992,1.1930056049015276,3.5192835414402914,8.511285837911087,505,520,216,304.0
doubly_elliptic_torus,mean_curvature,2,stress,0.1,0.09993489583333333,5,5640176597712900861,1024,2048,307,3072,9.706388206475465,0.0502855490895627,4.2744856376804545,7.763008625524237,41.722225335096695,-0.10547191660301289,53.162,56.24357741111424,71.0,15.809436766403543,24.341328000000008,1.2310629461784186,3.487722827033377,8.183778222469009,546,568,219,314.0
doubly_elliptic_torus,mean_curvature,2,stress,0.1,0.09993489583333333,6,6692192435752853324,1024,2048,307,3072,9.706388206475465,0.050180965045124655,4.259249700056831,7.735255670961061,46.10547505633307,-0.08041194308359487,57.48299999999999,61.24107281881989,91.0,17.813098316641508,27.634064000000023,1.3299883401843886,3.290027021961628,8.325161796032301,549,570,213,325.0
doubly_elliptic_torus,mean_curvature,2,stress,0.1,0.09993489583333333,7,437834352471903012,1024,2048,307,3072,9.706388206475465,0.0499755215299469,4.107094599408885,7.577816530563633,54.15405282928929,-0.08765636568210951,59.156000000000006,62.84468155699414,83.0,17.952426244653395,27.788859999999996,1.281117105168789,3.868155941186978,8.307287674855518,540,558,214,328.0
doubly_elliptic_torus,mean_curvature,2,quality_controlled,0.05,0.050130208333333336,0,5045397677549019391,1024,2048,154,3072,9.706388206475465,0.04708394997527005,0.8323274655418149,2.346573585526153,18.79124693538879,-0.021836710888515395,11.847999999999999,14.455517977575207,31.0,2.8500612566146706,5.029256,8.207368177384408,8.511285837911071,9.319612215281076,278,284,146,206.0
doubly_elliptic_torus,mean_curvature,2,quality_controlled,0.05,0.050130208333333336,1,15797774379536917522,1024,2048,154,3072,9.706388206475465,0.04712069620079877,0.8693491375434333,2.6777032736456414,24.99902995385996,-0.019282221730213,11.769,13.356683720145506,27.0,2.826199415209053,4.699360000000007,8.207368177384408,8.53684787847455,9.418470981045095,248,254,124,169.0
doubly_elliptic_torus,mean_curvature,2,quality_controlled,0.05,0.050130208333333336,2,1903950574817359977,1024,2048,154,3072,9.706388206475465,0.04706832998347199,0.8223526062757804,2.512141517419549,29.75505247130224,-0.01891856213523664,12.669,14.125473443392968,29.0,2.559629133628544,4.733096,8.207368177384408,8.53684787847455,9.418470981045173,268,270,151,197.0
doubly_elliptic_torus,mean_curvature,2,quality_controlled,0.05,0.050130208333333336,3,7567285156929474132,1024,2048,154,3072,9.706388206475465,0.047064441508590994,0.8764721131943156,2.6889080100341984,29.38909467413072,-0.025297068813334003,11.008,13.821939082487667,30.0,2.876914675777506,4.8896039999999985,8.207368177384408,8.511285837911093,9.319612215281076,284,286,150,192.0
doubly_elliptic_torus,mean_curvature,2,quality_controlled,0.05,0.050130208333333336,4,5025647647323274569,1024,2048,154,3072,9.706388206475465,0.047213343710617806,0.9335852222863634,2.653290559418272,22.56142735139578,-0.02127096220174919,13.635,15.81982932904145,30.0,3.1886520462853833,5.762131999999994,8.207368177384408,8.511285837911071,9.3542127832985,288,294,140,205.0
doubly_elliptic_torus,mean_curvature,2,quality_controlled,0.05,0.050130208333333336,5,3750378087437049911,1024,2048,154,3072,9.706388206475465,0.04712004972300285,0.785514223877755,2.3637118839738953,23.84537686285026,-0.01801376620509821,11.298,13.077614461361064,27.0,2.726173720128638,4.526720000000003,8.207368177384408,8.511285837911116,9.3196122152811,265,272,132,180.0
doubly_elliptic_torus,mean_curvature,2,quality_controlled,0.05,0.050130208333333336,6,16818626417527011780,1024,2048,154,3072,9.706388206475465,0.047286257623932175,0.9419668077454771,2.6034588238632494,21.9153894237977,-0.027809756229534275,15.322,17.551239272484437,38.0,3.6868380919188706,6.418868000000003,8.207368177384408,8.53684787847455,9.418470981045173,301,306,148,216.0
doubly_elliptic_torus,mean_curvature,2,quality_controlled,0.05,0.050130208333333336,7,4649498592585842870,1024,2048,154,3072,9.706388206475465,0.047013689864451515,0.7149888828893616,2.0908311242949758,20.950035423232734,-0.017663859493377912,10.776,12.578235170324968,26.0,2.4663202092185856,4.322800000000007,8.207368177384408,8.511285837911071,9.418470981045095,245,254,148,202.0
doubly_elliptic_torus,mean_curvature,2,quality_controlled,0.1,0.09993489583333333,0,3804694342552728290,1024,2048,307,3072,9.706388206475465,0.04763761374208841,1.273899006021133,3.124456888318851,28.217084135564413,-0.030669522593494924,20.746000000000002,23.34686274427466,45.0,4.248489259327834,7.696511999999988,8.207368177384408,8.511285837911071,9.420304433090001,384,396,177,246.0
doubly_elliptic_torus,mean_curvature,2,quality_controlled,0.1,0.09993489583333333,1,11782661829773007025,1024,2048,307,3072,9.706388206475465,0.0476652266882526,1.3133179366296281,3.115302173009851,28.217084135563653,-0.03782464297996582,21.058,24.788223010131244,46.0,5.197498573589419,9.237008000000015,8.207368177384408,8.511285837911116,9.423709415458967,374,382,183,260.0
doubly_elliptic_torus,mean_curvature,2,quality_controlled,0.1,0.09993489583333333,2,11248858292438544127,1024,2048,307,3072,9.706388206475465,0.04742488799747438,1.308342563222292,3.4083866173264257,29.112346228499156,-0.030976732273193596,18.957,21.910294384147374,44.0,4.5562292698546205,7.764199999999991,8.207368177384408,8.511285837911093,9.418470981045173,362,372,179,241.0
doubly_elliptic_torus,mean_curvature,2,quality_controlled,0.1,0.09993489583333333,3,9880298092930024648,1024,2048,307,3072,9.706388206475465,0.04790955072355521,1.7964057667150335,4.034489053694255,29.55904599228735,-0.034814767508807076,25.624000000000002,28.718321677981113,48.0,7.020970011651095,11.448660000000002,8.207368177384408,8.511285837911071,9.418470981045173,391,404,178,244.0
doubly_elliptic_torus,mean_curvature,2,quality_controlled,0.1,0.09993489583333333,4,9305500179070501751,1024,2048,307,3072,9.706388206475465,0.04775525255758444,1.4539376411661475,3.54672373481319,29.32332357949579,-0.028104282894251625,20.063000000000002,22.364190126181633,44.0,4.96269215844062,8.162420000000008,8.207368177384408,8.53684787847455,9.423709415458967,403,416,182,269.0
doubly_elliptic_torus,mean_curvature,2,quality_controlled,0.1,0.09993489583333333,5,8805982591509153848,1024,2048,307,3072,9.706388206475465,0.04744674221600427,1.2047421638006222,3.0986856062851333,29.112346228498815,-0.02881111063339871,19.238999999999997,21.232263186010105,39.0,4.382860317097965,7.75537600000001,8.207368177384408,8.511285837911116,9.423709415458967,337,344,174,235.0
doubly_elliptic_torus,mean_curvature,2,quality_controlled,0.1,0.09993489583333333,6,18106018094675070971,1024,2048,307,3072,9.706388206475465,0.04753856972714908,1.3194127724477895,3.256534871560266,27.86046887269672,-0.034010010237972295,18.581000000000003,21.13795165099968,42.0,4.747750924637904,8.15520000000001,8.207368177384408,8.511285837911116,9.418470981045122,353,362,173,239.0
doubly_elliptic_torus,mean_curvature,2,quality_controlled,0.1,0.09993489583333333,7,13625153577618402310,1024,2048,307,3072,9.706388206475465,0.04774105150129064,1.2988823269249865,3.0957497737079303,29.323323579496147,-0.03130626071272981,18.989,21.217327824210095,41.0,4.127317275348723,7.378128000000002,8.207368177384408,8.53684787847457,9.423709415459006,379,390,178,253.0
doubly_elliptic_torus,mean_curvature,3,baseline,0.0,0.0,0,7334419406908412844,4096,8192,0,12288,9.706388206475465,0.02330421909557627,0.01541690252657904,0.026041970002285086,0.16796190975929548,-0.0024427303633089772,0.03200000000000003,0.3346640106136304,4.0,0.01411098862588544,0.022799999999992,8.248926067354452,8.473709424009169,9.399991542895213,20,20,6,20.0
doubly_elliptic_torus,mean_curvature,3,stress,0.05,0.049967447916666664,0,8404750173880266785,4096,8192,614,12288,9.706388206475465,0.024330033736549378,2.6451526305625173,6.088439308987103,45.10977949567982,-0.010760239466699538,152.738,162.1301945968116,198.0,45.73265242899362,69.99763200000001,2.539109729629022,5.830164951645481,8.682565969994059,1672,1714,343,766.0
doubly_elliptic_torus,mean_curvature,3,stress,0.05,0.049967447916666664,1,17404963949145802089,4096,8192,614,12288,9.706388206475465,0.024232967826849437,2.2341635770343458,5.311607703439605,41.94926645556709,-0.00959450865208873,138.885,147.79584906214382,206.0,41.287981581289074,62.97640000000003,2.539109729629022,6.076003067018167,8.715095144951954,1592,1628,346,757.0
doubly_elliptic_torus,mean_curvature,3,stress,0.05,0.049967447916666664,2,17955430327580856519,4096,8192,614,12288,9.706388206475465,0.024276153517394955,2.5257210528961416,5.777020325060726,46.417042619746326,-0.010428915654950948,149.827,160.85377521214724,205.0,44.87893808205138,67.67356,2.539109729629022,5.981315954510185,8.753007960635843,1611,1648,336,739.0
doubly_elliptic_torus,mean_curvature,3,stress,0.05,0.049967447916666664,3,1177420946463546676,4096,8192,614,12288,9.706388206475465,0.024282538698460244,2.4242867941989603,5.69918598484991,47.06248497343067,-0.00894218082093496,145.42000000000002,155.06174899052314,201.0,41.95875915138529,63.77628000000002,2.563475220905337,5.960311578072151,8.712472329165427,1661,1720,347,766.0
doubly_elliptic_torus,mean_curvature,3,stress,0.05,0.049967447916666664,4,13583144174878447826,4096,8192,614,12288,9.706388206475465,0.02419722554888495,2.2235672988476494,5.404601835105542,45.4022134868146,-0.009495639843896998,136.964,145.9329983245736,195.0,41.810797907687345,64.066792,2.6677221217698666,6.110205764716679,8.811361453063245,1653,1696,339,788.0
doubly_elliptic_torus,mean_curvature,3,stress,0.05,0.049967447916666664,5,14142197099020744422,4096,8192,614,12288,9.706388206475465,0.024263673183537733,2.505705938068801,5.777065810046569,44.64680459652427,-0.009646762835813096,152.34300000000002,161.9913238417416,206.0,46.06654576970316,70.20907999999994,2.652411466592058,5.893552260678922,8.71247232916545,1671,1710,336,747.0
doubly_elliptic_torus,mean_curvature,3,stress,0.05,0.049967447916666664,6,8318445081667517807,4096,8192,614,12288,9.706388206475465,0.02424851538625641,2.2320127795102644,5.302550655506045,41.69304239361267,-0.01018426746450421,136.704,146.90447916928878,194.0,41.75747006346999,63.649559999999994,2.563475220905337,5.914476485396911,8.71247232916545,1657,1694,367,812.0
doubly_elliptic_torus,mean_curvature,3,stress,0.05,0.049967447916666664,7,9914862540883168006,4096,8192,614,12288,9.706388206475465,0.024238690967699057,2.450528539373443,5.734288963074318,45.21337817780827,-0.010007652408188983,152.462,162.13750337290878,206.0,45.16789514433767,69.56905200000004,2.5634752209056213,5.971736554668569,8.75300796063586,1595,1630,345,754.0
doubly_elliptic_torus,mean_curvature,3,stress,0.1,0.10001627604166667,0,2507786366363770657,4096,8192,1229,12288,9.706388206475465,0.02522639235645563,4.2542726840599485,7.661693649637469,46.96657469084046,-0.01823417578182155,248.35600000000002,262.99682127356596,334.0,74.04958736124543,113.35999999999996,2.539109729629022,4.618910577387972,7.901806278489084,2274,2356,378,1000.0
doubly_elliptic_torus,mean_curvature,3,stress,0.1,0.10001627604166667,1,2173592965565116317,4096,8192,1229,12288,9.706388206475465,0.025103850316559102,4.061740730239515,7.626417815336533,46.68012032613642,-0.01805658731243969,235.287,252.15256294553106,319.0,67.87691487611151,103.59656000000007,2.5492028690208257,4.936101716391918,8.159211250513364,2281,2376,394,985.0
doubly_elliptic_torus,mean_curvature,3,stress,0.1,0.10001627604166667,2,17814307318731993927,4096,8192,1229,12288,9.706388206475465,0.02512219599610765,4.147900974733719,7.474447352913669,46.200780115948795,-0.017716328969295536,231.24599999999998,246.35329914575937,322.0,70.58746939135824,107.44003999999997,2.5492028690208257,4.617096868686851,8.016265776458926,2303,2402,381,982.0
doubly_elliptic_torus,mean_curvature,3,stress,0.1,0.10001627604166667,3,3956657484626397157,4096,8192,1229,12288,9.706388206475465,0.025231186499465815,4.521190488392518,7.906218497659693,46.08489713098633,-0.017774849856066532,251.853,268.18214892121364,335.0,73.50298046880974,112.87959999999997,2.5941748671476046,4.926685162093112,8.019760130031623,2286,2376,390,1027.0
doubly_elliptic_torus,mean_curvature,3,stress,0.1,0.10001627604166667,4,18155379326580059860,4096,8192,1229,12288,9.706388206475465,0.025331284304932065,4.507553958350562,7.9859770315217276,46.800687272597024,-0.018630288883521112,246.467,262.49005124004225,320.0,71.07593766158783,108.0092,2.5634752209056213,4.617581369914142,7.814345975908015,2293,2412,374,999.0
doubly_elliptic_torus,mean_curvature,3,stress,0.1,0.10001627604166667,5,13883539751915192129,4096,8192,1229,12288,9.706388206475465,0.025076003507659615,3.9610439891670906,7.378495950394614,45.94853259700497,-0.017525347541574303,224.926,238.64470662472277,294.0,66.36639512319755,100.51423999999999,2.539109729629022,4.91120068970057,8.23903061505439,2264,2358,391,972.0
doubly_elliptic_torus,mean_curvature,3,stress,0.1,0.10001627604166667,6,10299267467777623436,4096,8192,1229,12288,9.706388206475465,0.025087031569135842,4.1491224555771,7.562487933680968,44.37204211385853,-0.01718544302531466,229.75899999999996,244.47187772829824,303.0,68.56403654698403,104.71158800000009,2.5492028690208257,5.079717619322215,8.131915378315327,2226,2324,381,991.0
doubly_elliptic_torus,mean_curvature,3,stress,0.1,0.10001627604166667,7,17430392749233352745,4096,8192,1229,12288,9.706388206475465,0.0251896107135145,4.330198201829496,7.822043673748432,45.737974820076474,-0.01772120205015547,239.74399999999997,256.1787579015872,325.0,70.07514202926384,107.14700799999996,2.539109729629022,4.749187093511983,8.004123242838908,2309,2416,379,984.0
doubly_elliptic_torus,mean_curvature,3,quality_controlled,0.05,0.049967447916666664,0,16681866040869555516,4096,8192,614,12288,9.706388206475465,0.023558622025739228,0.7518354812860862,2.4124831883449076,25.593737008736827,-0.005552240837931273,47.959,55.764513805824585,110.0,10.464080399018355,18.757472000000007,8.248926067354452,8.473709424009169,9.444387006299015,1312,1334,308,633.0
doubly_elliptic_torus,mean_curvature,3,quality_controlled,0.05,0.049967447916666664,1,13983773841362570790,4096,8192,614,12288,9.706388206475465,0.023547433766967267,0.6656969780593412,2.10889463608448,23.02902706568733,-0.005597019034954561,45.418,53.806059138353554,111.0,8.72165869389533,17.013199999999998,8.248926067354452,8.481427063669198,9.498442876136837,1333,1364,299,660.0
doubly_elliptic_torus,mean_curvature,3,quality_controlled,0.05,0.049967447916666664,2,16485142096302052224,4096,8192,614,12288,9.706388206475465,0.02359227647813274,0.8138339599898143,2.6610695697797646,30.164553379000516,-0.0060730510689427294,51.396,58.966872055417696,118.0,11.46273733548842,20.11720000000001,8.248926067354452,8.480732476099725,9.479061625180968,1320,1352,324,650.0
doubly_elliptic_torus,mean_curvature,3,quality_controlled,0.05,0.049967447916666664,3,13701085952600795601,4096,8192,614,12288,9.706388206475465,0.02357368779885465,0.8202657841953503,2.77963672089786,45.29781242667932,-0.005941846416667347,50.401,56.81808690901164,111.0,10.512362492165119,18.87974400000001,8.248926067354496,8.481427063669155,9.479061625180991,1378,1404,290,607.0
doubly_elliptic_torus,mean_curvature,3,quality_controlled,0.05,0.049967447916666664,4,6228517206117899176,4096,8192,614,12288,9.706388206475465,0.023598432039571602,0.7853384801022107,2.4489567477953718,46.19390010445195,-0.005767662419694557,50.934000000000005,60.065381044325356,116.0,11.180429415801509,19.99044799999999,8.248926067354452,8.473709424009169,9.47906162518103,1392,1412,312,664.0
doubly_elliptic_torus,mean_curvature,3,quality_controlled,0.05,0.049967447916666664,5,6290208578063540222,4096,8192,614,12288,9.706388206475465,0.02359772419954218,0.8364846572093708,2.6692130939411025,30.07284235544002,-0.005509510576469055,50.224000000000004,58.36240228092055,110.0,11.562517008684562,20.38824399999999,8.248926067354452,8.481427063669155,9.47906162518103,1344,1368,320,660.0
doubly_elliptic_torus,mean_curvature,3,quality_controlled,0.05,0.049967447916666664,6,16578839510850229509,4096,8192,614,12288,9.706388206475465,0.023597431460580805,0.8489317935605931,2.711770972541689,30.830621724831904,-0.005269755081384123,52.528999999999996,61.734730905706556,131.0,12.159710823686227,20.839903999999994,8.248926067354452,8.473709424009172,9.44438700629896,1368,1394,291,611.0
doubly_elliptic_torus,mean_curvature,3,quality_controlled,0.05,0.049967447916666664,7,18228649485319971982,4096,8192,614,12288,9.706388206475465,0.023597674115346252,0.7506706723489049,2.4747916066403577,46.96657469083775,-0.005515482111827093,49.238,58.32575760330936,127.0,10.47602298045705,19.121216000000008,8.248926067354452,8.480732476099725,9.444387006298978,1299,1318,314,682.0
doubly_elliptic_torus,mean_curvature,3,quality_controlled,0.1,0.10001627604166667,0,9341108376624190738,4096,8192,1229,12288,9.706388206475465,0.02382089800247204,1.2782246351166306,3.3445024479164687,46.80068727259614,-0.008461264856503697,79.044,92.74752826895173,195.0,17.913594423771915,31.400368,8.248926067354452,8.481427063669198,9.522390805459592,1856,1932,355,838.0
doubly_elliptic_torus,mean_curvature,3,quality_controlled,0.1,0.10001627604166667,1,1970170740169421579,4096,8192,1229,12288,9.706388206475465,0.023804513826709204,1.1333681266812097,2.758577232868828,31.43104670164258,-0.008715692660865507,75.464,90.06157893352749,192.0,16.499006152948724,29.41976799999999,8.248926067354452,8.481427063669198,9.518154089911198,1837,1922,337,802.0
doubly_elliptic_torus,mean_curvature,3,quality_controlled,0.1,0.10001627604166667,2,16910801963191805990,4096,8192,1229,12288,9.706388206475465,0.023780877918025956,1.179255195029047,3.0741227616656674,31.511620359774295,-0.008033541100106519,72.913,85.55050555081485,189.0,15.879613398767125,27.908080000000012,8.248926067354452,8.473709424009172,9.518154089911198,1894,1954,349,839.0
doubly_elliptic_torus,mean_curvature,3,quality_controlled,0.1,0.10001627604166667,3,2652828795647083618,4096,8192,1229,12288,9.706388206475465,0.023776236281557665,1.1837303231340934,3.039721201735463,30.772227445019332,-0.007805849025366374,77.039,89.40737665315989,174.0,17.605161918275673,30.921360000000004,8.248926067354452,8.48142706366924,9.52239080545967,1830,1896,344,795.0
doubly_elliptic_torus,mean_curvature,3,quality_controlled,0.1,0.10001627604166667,4,13777330665809923769,4096,8192,1229,12288,9.706388206475465,0.023804686786024133,1.2277689000420708,3.0495904793796447,30.602131779145584,-0.008892644979167807,78.372,91.72726966393364,182.0,17.352596136047428,31.196992000000005,8.248926067354452,8.503021680643094,9.522390805459708,1856,1930,348,822.0
doubly_elliptic_torus,mean_curvature,3,quality_controlled,0.1,0.10001627604166667,5,10913099690266615360,4096,8192,1229,12288,9.706388206475465,0.02380799013613103,1.2371996274999684,3.1837289298971814,45.29250067133579,-0.007944426820010293,75.037,86.34071461367459,171.0,16.87779988152083,29.601788000000013,8.248926067354452,8.481427063669198,9.522390805459592,1867,1922,338,779.0
doubly_elliptic_torus,mean_curvature,3,quality_controlled,0.1,0.10001627604166667,6,4325448429270492588,4096,8192,1229,12288,9.706388206475465,0.02382759108941228,1.3376516504265847,3.5318354280819406,46.417042619746326,-0.008741584706544719,79.405,92.47514801285803,180.0,18.633643246844674,32.85640000000001,8.248926067354452,8.50515741199236,9.52239080545957,1856,1912,335,787.0
doubly_elliptic_torus,mean_curvature,3,quality_controlled,0.1,0.10001627604166667,7,10057251524961771656,4096,8192,1229,12288,9.706388206475465,0.023764654520045,1.1140859011559776,2.8034430731947255,31.738933400657398,-0.008107817545297713,74.08500000000001,88.40943954126166,191.0,16.761643876780102,29.807479999999998,8.248926067354452,8.481427063669198,9.522390805459686,1844,1904,366,833.0
ellipsoid,gaussian_curvature,0,baseline,0.0,0.0,0,5426043126303944463,58,112,0,168,5.062132363850605,0.17051173501655303,1.3068898898226695,1.458260157195919,2.663829663994612,1.2161893907000545,0.15600000000000014,0.5585696017507579,2.0,0.027128401648457385,0.0505440000000007,15.375780036137657,15.375780036137657,15.375780036137682,5,6,3,6.0
ellipsoid,gaussian_curvature,0,stress,0.05,0.047619047619047616,0,17703300381477322049,58,112,8,168,5.062132363850605,0.17603533528883775,6.210930125787515,11.81780333125074,34.47404261123107,-0.1369078290609313,2.6369999999999996,2.8626910416599274,6.0,0.3248682083060722,0.6463039999999978,11.522480305181972,15.008602996038242,15.375780036137682,18,18,7,9.0
ellipsoid,gaussian_curvature,0,stress,0.05,0.047619047619047616,1,10662523024050480487,58,112,8,168,5.062132363850605,0.1786694787250447,8.117990250833506,15.139655006371544,76.45682236918344,-0.4492358197236386,3.598,3.8701421162536134,6.0,0.3282307392186164,0.5428119999999975,4.951664051908507,6.2198656200503875,15.375780036137657,24,26,14,16.0
ellipsoid,gaussian_curvature,0,stress,0.05,0.047619047619047616,2,7377880597277732424,58,112,8,168,5.062132363850605,0.173369882563107,4.868760498322471,11.918252819854615,76.45682236918344,0.9334676584044121,2.375,2.483344518990468,4.0,0.1590520321152795,0.26597999999999977,6.929824251386293,14.780676633712144,15.375780036137682,14,14,9,9.0
ellipsoid,gaussian_curvature,0,stress,0.05,0.047619047619047616,3,4120962553469027598,58,112,8,168,5.062132363850605,0.17827161391999893,5.983805541286907,10.891077161217254,44.992097300514125,-0.12396065660829665,1.9609999999999999,2.3505318547086316,4.0,0.26851086878560454,0.4104319999999996,5.387663731060326,11.69286194471976,15.375780036137671,22,22,14,15.0
ellipsoid,gaussian_curvature,0,stress,0.05,0.047619047619047616,4,8765724670146562501,58,112,8,168,5.062132363850605,0.17794135761415428,5.002011398686797,9.481496385183352,40.49119485430884,-0.0803871848700376,1.7779999999999996,1.9442222095223578,3.0,0.17211895709653766,0.35264800000000046,13.525478215679803,15.375780036137657,15.375780036137682,18,18,14,16.0
ellipsoid,gaussian_curvature,0,stress,0.05,0.047619047619047616,5,16186314798964986130,58,112,8,168,5.062132363850605,0.17900057329970256,7.597005348791521,14.733190665921208,67.84787365806238,-0.11689694026907212,3.526,3.671239572678416,5.0,0.23755274551980862,0.4523640000000001,5.387663731060326,13.525478215679803,15.375780036137657,18,18,11,12.0
ellipsoid,gaussian_curvature,0,stress,0.05,0.047619047619047616,6,13196571343957102884,58,112,8,168,5.062132363850605,0.1735997348743696,2.5921725234466924,4.695570546864214,39.82053004069268,1.055318100472789,1.173,1.338282481391728,3.0,0.1117022457786768,0.2143519999999991,4.951664051908507,11.692861944719732,15.375780036137657,13,14,8,11.0
ellipsoid,gaussian_curvature,0,stress,0.05,0.047619047619047616,7,5023653149220434737,58,112,8,168,5.062132363850605,0.17858068691110734,6.131313704008704,11.638006754331457,76.45682236918344,0.4389195156702813,3.907,4.066571037126979,5.0,0.3004796735887479,0.49800000000000055,5.387663731060189,5.557301388296183,15.375780036137657,22,24,13,17.0
ellipsoid,gaussian_curvature,0,stress,0.1,0.10119047619047619,0,11654988678353704673,58,112,17,168,5.062132363850605,0.1783120769686854,6.3920304746664565,12.84159305297698,76.45682236918357,0.6134535013889183,3.471,3.647876094386979,5.0,0.1786238196657999,0.29918400000000106,6.929824251386293,10.912131378090866,12.498813505233908,22,22,13,15.0
ellipsoid,gaussian_curvature,0,stress,0.1,0.10119047619047619,1,7986132504567934845,58,112,17,168,5.062132363850605,0.17514261332609116,4.697677429959441,9.610176071438346,76.45682236918357,0.9557321094070694,2.886,3.0603921317373692,5.0,0.17610060049869353,0.30066399999999976,5.387663731060326,5.557301388296183,14.681775884466875,22,22,16,16.0
ellipsoid,gaussian_curvature,0,stress,0.1,0.10119047619047619,2,9919118530262473946,58,112,17,168,5.062132363850605,0.17645712246633496,7.2208331426202745,14.578442640821219,76.45682236918337,0.3474185801727401,3.16,3.3858529206095174,5.0,0.23893270644262984,0.418272000000001,6.132117924042459,7.605398056841695,15.375780036137671,19,20,10,12.0
ellipsoid,gaussian_curvature,0,stress,0.1,0.10119047619047619,3,15301719285892842757,58,112,17,168,5.062132363850605,0.18678741248981318,10.107487178825368,15.642469986161347,76.45682236918337,-1.1928449124826106,5.343,5.715155290978539,9.0,0.3362753982675526,0.5260599999999989,6.929824251386399,10.912131378090866,13.872830705294907,30,30,21,21.0
ellipsoid,gaussian_curvature,0,stress,0.1,0.10119047619047619,4,15180914499332109682,58,112,17,168,5.062132363850605,0.1777834209011123,6.130209786465809,11.407736388510099,58.639625133798205,0.543775619244334,3.55,3.6351066009128257,5.0,0.2677787374830171,0.41826399999999847,4.951664051908507,5.469553692288239,14.80806551867069,19,20,11,12.0
ellipsoid,gaussian_curvature,0,stress,0.1,0.10119047619047619,5,12534365610748111895,58,112,17,168,5.062132363850605,0.18551298492186252,10.820622980507835,17.12532100328426,76.45682236918344,-1.5564193661605252,5.748,5.98548243669631,9.0,0.32482711639270484,0.6601199999999994,5.387663731060326,6.929824251386305,15.375780036137671,30,30,15,16.0
ellipsoid,gaussian_curvature,0,stress,0.1,0.10119047619047619,6,12861782163363285684,58,112,17,168,5.062132363850605,0.18293657609027109,9.90455514349159,15.899323006419262,76.45682236918337,-0.3249508279451536,6.092,6.379184900910147,10.0,0.40110235365053715,0.7939080000000014,4.951664051908581,6.132117924042472,12.374388502870874,31,32,16,18.0
ellipsoid,gaussian_curvature,0,stress,0.1,0.10119047619047619,7,9575110839385115264,58,112,17,168,5.062132363850605,0.18112057211068927,9.494208234358489,15.937491166340617,62.84082741677692,-0.31918864916185385,4.149,4.330011547328714,6.0,0.19016583800462178,0.3370679999999988,4.951664051908507,6.132117924042459,13.321144954064916,21,22,11,13.0
ellipsoid,gaussian_curvature,0,quality_controlled,0.05,0.047619047619047616,0,18141967025523218417,58,112,8,168,5.062132363850605,0.17567399552590532,4.780971686821286,9.424495171007049,40.49119485430886,0.6044151949686081,1.4949999999999997,1.7126003620226171,3.0,0.16100313823028442,0.3102200000000008,13.525478215679803,13.594948713602829,14.97670253346344,14,14,9,11.0
ellipsoid,gaussian_curvature,0,quality_controlled,0.05,0.047619047619047616,1,17345505457171484822,58,112,8,168,5.062132363850605,0.1768206536972291,4.577480634339341,8.27279551912675,33.87140651992453,0.45525648515645467,1.4300000000000002,1.6792855623746665,3.0,0.1503764093200803,0.2577279999999999,10.836694993843658,11.798980310433132,15.375780036137671,14,14,12,12.0
ellipsoid,gaussian_curvature,0,quality_controlled,0.05,0.047619047619047616,2,5204942870743107382,58,112,8,168,5.062132363850605,0.17183679127597218,3.3831019782782144,8.071345531462699,53.69941855165081,1.0462930065766314,1.3049999999999997,1.4418737808837498,2.0,0.16394988795360582,0.3063999999999996,13.071404300980054,13.386363848076755,15.375780036137682,11,12,7,9.0
ellipsoid,gaussian_curvature,0,quality_controlled,0.05,0.047619047619047616,3,6617342060653570925,58,112,8,168,5.062132363850605,0.17855103492081337,5.966596770921258,11.019963529184237,53.69941855165075,-0.09076273653131076,2.4,2.5795348417883406,5.0,0.21855607703287588,0.430188,11.522480305181908,11.946545380612653,15.375780036137657,17,18,12,14.0
ellipsoid,gaussian_curvature,0,quality_controlled,0.05,0.047619047619047616,4,5765244591250063052,58,112,8,168,5.062132363850605,0.17319283620074036,3.742949424022329,7.755938420706967,33.71521879479522,0.6244124978238971,1.4649999999999999,1.6428633540255257,3.0,0.16475605967611673,0.3557999999999996,15.224158590726049,15.375780036137657,15.375780036137671,13,14,9,11.0
ellipsoid,gaussian_curvature,0,quality_controlled,0.05,0.047619047619047616,5,4347363948374531445,58,112,8,168,5.062132363850605,0.1704566364259235,1.6319306895493455,2.5111730379161084,14.16547634953116,1.185128219494306,0.406,0.7085195833567342,2.0,0.04992873921901049,0.14149999999999768,15.375780036137657,15.375780036137657,15.375780036137682,8,8,7,8.0
ellipsoid,gaussian_curvature,0,quality_controlled,0.05,0.047619047619047616,6,9803549402153793608,58,112,8,168,5.062132363850605,0.17758740669962522,7.942387390660864,14.265367224640595,53.699418551650815,-0.30915599774029384,3.4770000000000003,3.7192741227287884,6.0,0.18255443468730137,0.352604,13.140480948428777,14.60713329077667,15.375780036137657,22,22,13,13.0
ellipsoid,gaussian_curvature,0,quality_controlled,0.05,0.047619047619047616,7,12724668528285481227,58,112,8,168,5.062132363850605,0.17340878887410938,2.886622539262607,5.863776447366598,33.87140651992447,0.9788017381220181,0.905,0.9944847912361456,2.0,0.11152331540982922,0.2223200000000016,10.836694993843658,12.10582446694444,15.375780036137657,8,8,7,7.0
ellipsoid,gaussian_curvature,0,quality_controlled,0.1,0.10119047619047619,0,7281872037329740277,58,112,17,168,5.062132363850605,0.18969937721871954,9.295556641058633,13.77113792088207,40.49119485430889,-1.8505025826186643,3.4330000000000003,4.144514446832101,8.0,0.48543240790866293,0.7236440000000048,10.836694993843658,11.938946949393287,14.600434548822893,35,36,26,29.0
ellipsoid,gaussian_curvature,0,quality_controlled,0.1,0.10119047619047619,1,17203867996386751773,58,112,17,168,5.062132363850605,0.17858723956629569,8.490926122050096,14.645796348047464,67.84787365806238,-0.32074516996139774,3.067,3.3756480859236495,5.0,0.24398356003632762,0.34647199999999917,10.836694993843658,13.121352431597026,15.375780036137657,21,22,14,17.0
ellipsoid,gaussian_curvature,0,quality_controlled,0.1,0.10119047619047619,2,14798758544126926255,58,112,17,168,5.062132363850605,0.18162409638115123,10.607077094778324,18.095628363211986,64.49992510912934,-1.5211802174858189,3.537,3.7449966622148008,6.0,0.33837507974435516,0.6606239999999994,11.522480305181908,14.607133290776714,15.117766812763152,22,22,10,11.0
ellipsoid,gaussian_curvature,0,quality_controlled,0.1,0.10119047619047619,3,1625007745914392997,58,112,17,168,5.062132363850605,0.17694500214052147,6.467487780860413,12.646157397163073,67.84787365806237,0.18804863796346016,2.1739999999999995,2.3537204591879637,4.0,0.2478489190131739,0.46228799999999914,13.525478215679803,14.809379706639291,15.375780036137671,20,20,16,16.0
ellipsoid,gaussian_curvature,0,quality_controlled,0.1,0.10119047619047619,4,665035371255647318,58,112,17,168,5.062132363850605,0.17578146380045312,6.335833257987794,12.862779532648505,62.84082741677682,0.5900824698850713,2.242,2.355843797877949,4.0,0.1177074885298298,0.23255600000000043,11.522480305181908,13.071404300980005,14.97670253346349,17,18,11,12.0
ellipsoid,gaussian_curvature,0,quality_controlled,0.1,0.10119047619047619,5,14793276543851408903,58,112,17,168,5.062132363850605,0.1862034620802115,11.013557508443407,16.69671701490884,38.5986118455189,-2.128083378637524,4.258,4.856130146526141,8.0,0.4545597838348669,0.8511200000000014,10.836694993843658,11.552895305759572,15.375780036137657,31,32,22,24.0
ellipsoid,gaussian_curvature,0,quality_controlled,0.1,0.10119047619047619,6,18090364132478114314,58,112,17,168,5.062132363850605,0.18286272072889745,8.282058055707655,13.680787832078936,40.49119485430889,-0.7813406968668929,2.8609999999999998,3.1165686259089496,5.0,0.3705780197259381,0.6407039999999964,10.836694993843588,11.938946949393287,14.203428392463408,20,20,13,15.0
ellipsoid,gaussian_curvature,0,quality_controlled,0.1,0.10119047619047619,7,6304841330589820658,58,112,17,168,5.062132363850605,0.18396103757697801,11.163760618324092,18.35988171246466,67.84787365806223,-1.2896032816761738,4.59,4.994597080846462,8.0,0.3197719452735037,0.4721160000000002,13.140480948428777,14.157028196798175,15.375780036137657,24,26,14,16.0
ellipsoid,gaussian_curvature,1,baseline,0.0,0.0,0,11645089713433419725,226,448,0,672,5.062132363850605,0.0874001285465749,0.3619973911423259,0.47669739818826184,1.3104649739246241,0.29918807460327135,0.06800000000000006,0.36878177829171566,2.0,0.02599277130280802,0.04780000000000262,14.369708393674909,14.9213340374867,15.664873422249137,6,6,3,6.0
ellipsoid,gaussian_curvature,1,stress,0.05,0.050595238095238096,0,8687857962434928018,226,448,34,672,5.062132363850605,0.0911133313556665,5.6634691080286075,13.82300503571335,110.76548282353934,-0.024717876538594252,8.055,8.30644328217559,12.0,0.9669962604891519,1.581099999999994,3.1697523350573182,8.607262784126808,14.530800348961431,80,80,46,59.0
ellipsoid,gaussian_curvature,1,stress,0.05,0.050595238095238096,1,13938618549470910783,226,448,34,672,5.062132363850605,0.09097890422649707,4.506012847695424,10.990497214078028,86.37490997650548,0.05042906273677006,6.667999999999999,7.150664304804135,11.0,0.7579401537324744,1.326008000000002,2.39688461477987,8.487820039148914,14.89253495783142,76,76,42,52.0
ellipsoid,gaussian_curvature,1,stress,0.05,0.050595238095238096,2,9137278125105883436,226,448,34,672,5.062132363850605,0.09107653163881894,5.202985468383491,11.417955874962605,86.37490997650407,0.06170016261493752,9.261,9.814224370779383,14.0,0.9859968188143393,1.7179959999999994,2.3968846147800225,6.907965827709873,14.505976974334864,84,86,55,65.0
ellipsoid,gaussian_curvature,1,stress,0.05,0.050595238095238096,3,6480776687885402507,226,448,34,672,5.062132363850605,0.09017886178605695,5.0015825877271425,14.143269799449797,110.76548282353954,-0.0377888054145008,5.404999999999999,5.795774322728586,13.0,0.61607673184434,1.2736960000000022,6.5177427478546415,11.000548447589155,14.950738930084583,83,84,48,67.0
ellipsoid,gaussian_curvature,1,stress,0.05,0.050595238095238096,4,14187950704583108229,226,448,34,672,5.062132363850605,0.0914062195604258,6.51828071617022,16.670951409679006,161.081633090837,-0.11733944737637414,7.112,7.377804551490911,11.0,0.8503904972940419,1.2710560000000042,2.6899818865104024,9.392784216551803,14.27585544368463,69,70,42,50.0
ellipsoid,gaussian_curvature,1,stress,0.05,0.050595238095238096,5,4217796889715053069,226,448,34,672,5.062132363850605,0.09145192714526364,6.9393168330706185,18.137879375883383,158.94690025386888,-0.08230571487637439,9.289,9.848400885422972,15.0,1.3572118108976268,2.2092200000000046,2.396884614779718,5.147499252659225,14.369708393674934,84,90,49,61.0
ellipsoid,gaussian_curvature,1,stress,0.05,0.050595238095238096,6,6282307094741594922,226,448,34,672,5.062132363850605,0.09073198757218344,4.474683632174125,11.984667477816677,125.97877972453111,0.07982337490742353,6.5,6.868624316411547,12.0,0.7397463889252854,1.2754440000000005,3.026729644584088,9.700276226037579,14.921334037486718,76,78,45,58.0
ellipsoid,gaussian_curvature,1,stress,0.05,0.050595238095238096,7,17004267688501040072,226,448,34,672,5.062132363850605,0.09106028318628605,7.095792235077706,17.08819510016605,161.08163309083974,-0.198969607573561,9.805,10.152881364420644,14.0,1.0568949177510598,1.5681840000000047,2.543837279134363,10.330436951750194,14.426458877664869,84,88,49,57.0
ellipsoid,gaussian_curvature,1,stress,0.1,0.09970238095238096,0,11714359424967750437,226,448,67,672,5.062132363850605,0.09318556405395259,9.68023551513323,20.63536291555331,161.08163309083764,-0.21223303112437314,13.910999999999998,14.188833637758954,20.0,0.8625558805086141,1.5300999999999965,2.5345723114515692,7.477333700502857,12.920638880917393,106,108,55,67.0
ellipsoid,gaussian_curvature,1,stress,0.1,0.09970238095238096,1,16693842978951815463,226,448,67,672,5.062132363850605,0.09369388145359857,11.321815240812612,22.59033398425091,126.20722161110805,-0.3924461909234913,15.763,16.359309276372276,23.0,1.179203608637625,2.109488,2.39688461477987,6.625547764565586,12.298809622187312,116,122,63,75.0
ellipsoid,gaussian_curvature,1,stress,0.1,0.09970238095238096,2,7114209920096747049,226,448,67,672,5.062132363850605,0.09481536729119407,12.459598847972325,24.304882975459485,141.39444509723532,-0.5901737372345442,17.551000000000002,18.10930699944092,23.0,1.0077408633215104,1.6854479999999938,2.39688461477987,5.678494041876128,12.06758541579801,98,100,43,53.0
ellipsoid,gaussian_curvature,1,stress,0.1,0.09970238095238096,3,2083127518749843743,226,448,67,672,5.062132363850605,0.0926827856610122,8.849030325425463,17.120806770168734,97.39713994339058,-0.20496039587433917,14.034,14.51447553306698,20.0,1.315576941442803,2.126636000000002,2.5345723114517136,5.147499252659464,12.27500047449856,108,116,61,72.0
ellipsoid,gaussian_curvature,1,stress,0.1,0.09970238095238096,4,17593306220067917600,226,448,67,672,5.062132363850605,0.09220971907126058,8.847766237578842,20.798809773719572,169.37043668278235,-0.057012110020907336,12.927,13.435140490519627,17.0,0.9517349676753506,1.4913720000000008,3.026729644584088,3.417321826817428,12.799869628872273,87,90,44,51.0
ellipsoid,gaussian_curvature,1,stress,0.1,0.09970238095238096,5,4037570974597270831,226,448,67,672,5.062132363850605,0.09422029644025269,10.42271187917968,20.105954373056825,111.91919930801399,-0.40369317329988896,14.785,15.146583773247352,19.0,0.9239705797350906,1.7473640000000006,2.3968846147800225,3.5799540472725777,11.921001051763946,106,108,64,73.0
ellipsoid,gaussian_curvature,1,stress,0.1,0.09970238095238096,6,18027456700242586252,226,448,67,672,5.062132363850605,0.09323676956558491,10.165445645193783,21.494060706488455,161.08163309083764,-0.16799542373002163,14.836,15.32351134694656,19.0,1.448724487670451,2.181587999999997,2.5345723114517136,3.303897502873722,11.921001051763946,90,94,46,56.0
ellipsoid,gaussian_curvature,1,stress,0.1,0.09970238095238096,7,11391622967700454998,226,448,67,672,5.062132363850605,0.09376410438755549,9.928620131124998,21.15040959451243,132.13718080961021,-0.19488734591143253,14.99,15.34118639480011,18.0,1.1494659306095107,1.6827199999999949,2.5345723114515692,3.7314680414018024,11.962803628194454,98,100,44,56.0
ellipsoid,gaussian_curvature,1,quality_controlled,0.05,0.050595238095238096,0,3144915471104043104,226,448,34,672,5.062132363850605,0.08922361139235656,2.955135135763651,9.856601847833094,110.76548282353993,0.15482020420488957,2.8049999999999997,3.1082149217838846,10.0,0.2944679046144092,0.5804240000000017,11.127456115684973,12.786909129962059,15.005348016337708,68,68,41,55.0
ellipsoid,gaussian_curvature,1,quality_controlled,0.05,0.050595238095238096,1,11218084094710782975,226,448,34,672,5.062132363850605,0.09006648525644162,4.845235497301205,13.281898359350576,72.78038211839055,-0.07153864733957238,3.7910000000000004,4.058201572125268,9.0,0.5300372462006796,0.8231839999999999,10.188903870915466,12.812042769736243,14.921334037486718,67,68,42,51.0
ellipsoid,gaussian_curvature,1,quality_controlled,0.05,0.050595238095238096,2,5098883236252147040,226,448,34,672,5.062132363850605,0.08864238866512289,2.818007776647063,7.837192007236029,53.61810204397826,0.16895163262122728,3.3049999999999997,3.594857438063434,8.0,0.5287424511801491,0.7598399999999945,10.660394735231153,12.50777508830517,15.03073644273874,51,52,39,43.0
ellipsoid,gaussian_curvature,1,quality_controlled,0.05,0.050595238095238096,3,1238654835772841676,226,448,34,672,5.062132363850605,0.08981993824245167,2.601589773787749,6.937487623620112,53.61810204397826,0.20187134121521214,4.083,4.662081080376016,11.0,0.26212015699674956,0.6364159999999994,10.037832879606771,12.424038316662664,15.00534801633774,72,74,49,63.0
ellipsoid,gaussian_curvature,1,quality_controlled,0.05,0.050595238095238096,4,17743872748781396506,226,448,34,672,5.062132363850605,0.08954744280141042,3.229909010764324,8.695352848795988,51.55901338061817,0.10628456548081244,3.362,3.8533102652135347,10.0,0.42136424622883334,0.6229999999999993,10.147691830383707,11.607093567183673,14.765023518824815,73,74,50,60.0
ellipsoid,gaussian_curvature,1,quality_controlled,0.05,0.050595238095238096,5,6168166834359908263,226,448,34,672,5.062132363850605,0.09013644392364628,3.112331258005312,7.767274040474639,51.04986938364974,0.1166950375274105,3.915,4.210106887004177,10.0,0.48835359524017047,0.7834560000000007,10.183255451536583,11.74202896808234,14.9213340374867,76,80,52,69.0
ellipsoid,gaussian_curvature,1,quality_controlled,0.05,0.050595238095238096,6,4343552054319054171,226,448,34,672,5.062132363850605,0.09058653331628506,5.329594938823716,13.472233197450096,72.78038211839055,-0.18983729359803928,5.468999999999999,6.00291595809903,12.0,1.0676982440184168,1.7101160000000046,10.037832879606734,11.425646564070853,14.645401150008379,75,76,45,59.0
ellipsoid,gaussian_curvature,1,quality_controlled,0.05,0.050595238095238096,7,10767763021425392767,226,448,34,672,5.062132363850605,0.08984186112494381,3.478801997020133,8.331329918246468,51.65816367967075,0.08208902970193688,4.161,4.6243918519087455,11.0,0.44207502671831284,0.7860159999999987,10.037832879606809,11.187167984318329,14.708065966593319,78,78,55,65.0
ellipsoid,gaussian_curvature,1,quality_controlled,0.1,0.09970238095238096,0,8202622467557243704,226,448,67,672,5.062132363850605,0.0921417447503905,7.682985906151869,16.380756585630042,87.8067271405294,-0.2647812462439527,9.383,9.67310704996073,13.0,0.4662039299705658,0.9910560000000004,10.147691830383707,11.301133397790712,14.155368360762989,111,114,65,77.0
ellipsoid,gaussian_curvature,1,quality_controlled,0.1,0.09970238095238096,1,16912289122611308762,226,448,67,672,5.062132363850605,0.0912554363339528,5.47549398766194,11.881447315065616,65.88763561623298,-0.1300269618605856,6.761,7.286768831244751,13.0,0.7168815060524285,1.2266199999999947,10.183255451536583,11.254502644692037,14.369708393674959,95,100,61,77.0
ellipsoid,gaussian_curvature,1,quality_controlled,0.1,0.09970238095238096,2,3015874418110297644,226,448,67,672,5.062132363850605,0.09145594502009866,5.025729960450523,10.849573066624846,54.07876520195173,-0.01629944659645388,5.525,5.951218362654827,12.0,0.5209212346065379,0.7585520000000003,10.037832879606734,11.301133397790748,14.275078818794826,85,86,58,67.0
ellipsoid,gaussian_curvature,1,quality_controlled,0.1,0.09970238095238096,3,909627389504468773,226,448,67,672,5.062132363850605,0.09156968098362447,4.431160811007528,9.314625803645132,56.0703577926205,-0.01998853320278688,6.986,7.357717037233764,14.0,0.34052991495021206,0.8474720000000002,10.169210437031083,11.023966560113921,14.236120996600516,100,102,69,84.0
ellipsoid,gaussian_curvature,1,quality_controlled,0.1,0.09970238095238096,4,7109622308965353387,226,448,67,672,5.062132363850605,0.09081128271538794,5.439437540951692,11.82405023344595,58.444452666475414,-0.04589981178371838,6.11,6.471475874945375,15.0,0.5899323290547791,1.1400799999999984,10.037832879606771,11.687218343665512,14.29735815245691,87,90,55,74.0
ellipsoid,gaussian_curvature,1,quality_controlled,0.1,0.09970238095238096,5,9050297767645479646,226,448,67,672,5.062132363850605,0.08996788652532858,3.0881036571955254,7.550282419895745,53.42132176312866,0.12902390331468105,3.205,3.6278092562867745,12.0,0.3604605222767114,0.5408720000000001,10.183255451536583,12.025319163512977,14.444782949806847,81,82,52,61.0
ellipsoid,gaussian_curvature,1,quality_controlled,0.1,0.09970238095238096,6,15473896147611093448,226,448,67,672,5.062132363850605,0.09190432279555723,4.2823561397138725,8.840971045190065,53.61810204397793,0.12099241626804416,5.292999999999999,5.879540798395739,15.0,0.42549530742418296,1.0128319999999995,10.037832879606771,10.185910208644625,13.943356487275661,89,90,54,65.0
ellipsoid,gaussian_curvature,1,quality_controlled,0.1,0.09970238095238096,7,17884857685517443167,226,448,67,672,5.062132363850605,0.09324422091116488,8.920606002435978,17.756430128420178,110.76548282353993,-0.40340173631667453,11.472999999999999,11.834483512177453,18.0,0.7414579555011904,1.2752160000000063,10.147691830383744,10.630023425957097,13.709190747654558,121,126,74,93.0
ellipsoid,gaussian_curvature,2,baseline,0.0,0.0,0,3486498337725647328,898,1792,0,2688,5.062132363850605,0.043975074123137156,0.12138007350187266,0.18930862691654912,1.0618126097410965,0.07443202181684834,0.055999999999999994,0.3346640106136302,2.0,0.027507217961837978,0.045280000000001756,14.119516038306188,14.72363124257571,15.995262885652693,14,14,3,6.0
ellipsoid,gaussian_curvature,2,stress,0.05,0.04985119047619048,0,16255183898330390621,898,1792,134,2688,5.062132363850605,0.04570682476798533,6.787587961947521,23.529627059227195,359.37970641886056,-0.015399587497434752,29.857000000000003,30.256189449433315,39.0,2.426807681214151,3.8908000000000027,1.58102823370701,7.808314410472949,14.582005619728509,348,362,139,213.0
ellipsoid,gaussian_curvature,2,stress,0.05,0.04985119047619048,1,14735851024948339646,898,1792,134,2688,5.062132363850605,0.04553806487293204,4.8171794285243354,13.789963376096976,153.35444370233,-0.007273923084651968,25.817,26.726447575388686,35.0,2.8505784744911016,4.588112000000004,1.5810282337065489,9.297755421267077,14.36061899178004,370,380,143,207.0
ellipsoid,gaussian_curvature,2,stress,0.05,0.04985119047619048,2,10714817402059397847,898,1792,134,2688,5.062132363850605,0.04574030953544016,5.218602702370575,14.540910544822243,186.76955049281045,-0.02722964740324388,27.663,28.301784396041178,39.0,3.085016234646428,4.730424000000005,1.1841898224196574,8.99118494225983,14.2664531082606,385,394,156,233.0
ellipsoid,gaussian_curvature,2,stress,0.05,0.04985119047619048,3,2112053994522859698,898,1792,134,2688,5.062132363850605,0.04536484714705607,4.691193295188481,15.985974564387083,359.37970641885386,-0.004473070849110861,19.773,20.59079891602072,39.0,2.449625819713699,4.0114480000000015,1.1861862082704748,9.777574502045153,14.794446379395916,349,356,151,209.0
ellipsoid,gaussian_curvature,2,stress,0.05,0.04985119047619048,4,12069402376666833394,898,1792,134,2688,5.062132363850605,0.04582298368579892,5.6971535581913155,17.891212509585426,334.5556724019015,-0.021324328417622468,28.192,29.21414041179374,41.0,3.1754366013775277,5.1352120000000046,1.618926797449093,9.252851997559423,14.163557460609137,387,398,154,226.0
ellipsoid,gaussian_curvature,2,stress,0.05,0.04985119047619048,5,6183835252876260168,898,1792,134,2688,5.062132363850605,0.04554740963366081,5.6968603629981605,17.523866360932058,334.5556724018968,-0.003305279753936685,28.045,28.674291621590235,34.0,2.6491762368781626,3.9540439999999952,1.4295869566732713,8.874810260250472,14.526748974349935,352,360,128,199.0
ellipsoid,gaussian_curvature,2,stress,0.05,0.04985119047619048,6,6546062112572585630,898,1792,134,2688,5.062132363850605,0.045491211714086426,5.1892417462025175,19.00813842703668,294.60218577612534,0.0191023897919238,26.103,26.41694531924537,33.0,1.9456516102262518,3.4137999999999993,1.1841898224196574,8.969731568906214,14.57059983915549,364,372,132,217.0
ellipsoid,gaussian_curvature,2,stress,0.05,0.04985119047619048,7,13466944552344508455,898,1792,134,2688,5.062132363850605,0.045724051165026036,5.5673733802849155,18.259263364056654,293.6477764893842,0.0017557521416270566,31.179,32.289084843023964,48.0,3.350321720230462,5.499095999999998,1.5098477772078418,8.628887057240803,14.2664531082606,383,396,143,225.0
ellipsoid,gaussian_curvature,2,stress,0.1,0.10007440476190477,0,3202318989387817580,898,1792,269,2688,5.062132363850605,0.047486686175219145,11.874096578592875,28.097860144919572,495.2217667892503,-0.09606995634752957,59.467,61.03353995959926,78.0,3.505341318802494,6.321544000000005,1.1841898224190417,2.975271884862578,10.416440349072946,500,528,166,287.0
ellipsoid,gaussian_curvature,2,stress,0.1,0.10007440476190477,1,4127748917150024088,898,1792,269,2688,5.062132363850605,0.04723089243850618,8.532272695539213,19.82769270141629,202.51130497764413,-0.06936701634155351,46.129000000000005,46.89278196055337,59.0,3.17410856773993,5.341612000000004,1.1861862082701675,6.222608152431463,11.79622904467626,468,486,173,263.0
ellipsoid,gaussian_curvature,2,stress,0.1,0.10007440476190477,2,8742378815347182577,898,1792,269,2688,5.062132363850605,0.04719559820218519,8.706813519495842,20.197950042914574,235.21820149064098,-0.07895509635631298,42.456,43.13838198171091,55.0,3.3591715453903066,5.224959999999997,1.1861862082698604,6.808626025372332,11.596619096307984,469,488,164,260.0
ellipsoid,gaussian_curvature,2,stress,0.1,0.10007440476190477,3,16607276860392826240,898,1792,269,2688,5.062132363850605,0.04727002827176795,8.16283013521807,20.114255895209425,281.9563874407852,-0.04325827933873627,45.891,46.93626529667651,61.0,2.738404130740385,5.201812000000001,1.1841898224193497,5.534985718973587,11.581756254363965,476,498,186,281.0
ellipsoid,gaussian_curvature,2,stress,0.1,0.10007440476190477,4,6939378687177845663,898,1792,269,2688,5.062132363850605,0.04720808278017469,9.844665228751936,22.154193214543813,229.10055042162597,-0.10172420386035735,53.273,54.76178411994993,71.0,3.0715102803083663,5.3826799999999935,1.1861862082698604,4.262769873106385,11.43518312951432,478,496,177,273.0
ellipsoid,gaussian_curvature,2,stress,0.1,0.10007440476190477,5,4815775642245503969,898,1792,269,2688,5.062132363850605,0.04717626590030116,8.6118057157154,19.963351461539904,224.72641757053646,-0.07798898869703916,45.772000000000006,46.47274470052312,54.0,2.905289908453198,5.209599999999999,1.1841898224196574,7.7779134670323495,11.43598438360597,496,524,175,294.0
ellipsoid,gaussian_curvature,2,stress,0.1,0.10007440476190477,6,6574399135444775380,898,1792,269,2688,5.062132363850605,0.04688288546466768,9.225689658043994,24.571313106243334,359.3797064188553,-0.08262482023272177,44.086000000000006,44.78814575308962,55.0,2.7071737945407217,5.164343999999997,1.429586956673781,8.317141923568325,12.123123007766246,490,510,180,294.0
ellipsoid,gaussian_curvature,2,stress,0.1,0.10007440476190477,7,15159497998497569773,898,1792,269,2688,5.062132363850605,0.047196659925509504,8.67229402465695,21.50679273591305,263.9909306363188,-0.08413395418706832,42.759,43.694908170174706,51.0,3.7048166497779476,5.691243999999988,1.2434017697743946,3.195138088901302,11.414089536764136,470,494,159,255.0
ellipsoid,gaussian_curvature,2,quality_controlled,0.05,0.04985119047619048,0,15047769254101453718,898,1792,134,2688,5.062132363850605,0.044815362656981175,1.5014498610113998,3.9806177426435814,57.62292102167572,0.06332563278210683,9.34,10.708407911543155,26.0,0.5070992702104785,1.4255799999999998,10.044410982927875,12.306448243934147,15.05613053612681,285,292,132,190.0
ellipsoid,gaussian_curvature,2,quality_controlled,0.05,0.04985119047619048,1,8013590577263764241,898,1792,134,2688,5.062132363850605,0.04506470090639866,3.208126871813618,10.16423405420346,77.60576325388715,0.01995721595760805,10.568999999999999,12.392053905628396,33.0,1.0261052077014383,2.1268079999999987,10.056793358330903,11.123810918247694,14.864796098864552,335,344,137,209.0
ellipsoid,gaussian_curvature,2,quality_controlled,0.05,0.04985119047619048,2,6917309095625711036,898,1792,134,2688,5.062132363850605,0.04484047129549315,1.8850708826367644,5.323687245003424,74.81404082494419,0.05808747266798052,11.688,13.402164004368846,32.0,1.026926018488191,1.8556199999999998,10.05679335833083,11.610372908555474,14.971254111327717,338,344,138,214.0
ellipsoid,gaussian_curvature,2,quality_controlled,0.05,0.04985119047619048,3,7141439717423043900,898,1792,134,2688,5.062132363850605,0.04497860813825848,2.777524658554853,10.055656675426171,114.55009943621744,0.033679040638656996,13.529000000000002,14.58783739969705,30.0,0.6713896825182843,1.6980799999999991,10.044410982927875,11.824432226131213,14.971254111327674,342,352,131,205.0
ellipsoid,gaussian_curvature,2,quality_controlled,0.05,0.04985119047619048,4,6440238301697704934,898,1792,134,2688,5.062132363850605,0.045001237628257,2.7953645044332296,9.609433347223645,81.08408661100447,0.0227279651048225,9.370999999999999,10.47506563225262,28.0,0.5775977802727439,1.6148000000000016,10.078148287899502,11.829136150842706,14.971254111327674,332,340,132,205.0
ellipsoid,gaussian_curvature,2,quality_controlled,0.05,0.04985119047619048,5,16037710910213779586,898,1792,134,2688,5.062132363850605,0.0449286851460267,2.302669482079462,7.31171458105938,89.54472610830007,0.04514053090125246,10.422,10.930050320103746,27.0,0.659353867206377,1.5672,10.141064584284802,12.578698852759167,15.148329430973975,330,338,143,212.0
ellipsoid,gaussian_curvature,2,quality_controlled,0.05,0.04985119047619048,6,12497028875670805033,898,1792,134,2688,5.062132363850605,0.045061562629876886,2.5641412668503456,7.171540214655697,67.98126730972493,0.03469688158685308,13.057,14.50099996551962,32.0,1.17870208224131,2.3904600000000005,10.044410982927875,11.7776681251438,14.864796098864518,335,342,143,223.0
ellipsoid,gaussian_curvature,2,quality_controlled,0.05,0.04985119047619048,7,17584870198106496850,898,1792,134,2688,5.062132363850605,0.045105349874028894,2.5655274353060573,8.274747485464006,70.88674064485815,0.030069494243911143,10.673000000000002,11.526014055171023,31.0,0.8081381984141084,1.9061280000000007,10.044410982927875,12.053611047662413,14.916883067592707,314,322,142,209.0
ellipsoid,gaussian_curvature,2,quality_controlled,0.1,0.10007440476190477,0,995904574167089767,898,1792,269,2688,5.062132363850605,0.04589625269314635,3.9797588085282083,10.607515982628275,131.93173197890223,0.017541254255405397,20.522,21.753068749029413,43.0,0.9073782973468152,2.3282800000000012,10.082000462899531,11.545347514231109,14.342592992931836,459,476,162,272.0
ellipsoid,gaussian_curvature,2,quality_controlled,0.1,0.10007440476190477,1,5849441784756070517,898,1792,269,2688,5.062132363850605,0.045911880304815446,3.5084409737479194,8.162377535156434,74.76919308160777,0.023061803522422958,21.136,22.839921190757202,41.0,1.405130101202023,2.6635519999999997,10.078148287899465,10.9120298588245,14.004210597229784,434,448,173,276.0
ellipsoid,gaussian_curvature,2,quality_controlled,0.1,0.10007440476190477,2,318435805717314314,898,1792,269,2688,5.062132363850605,0.04590853508256389,3.337001468296415,7.802522438150808,73.65575506547779,0.03531539292951408,20.514000000000003,23.169937418991875,41.0,2.135673343814546,3.2723720000000016,10.086958732853795,10.836988249915418,14.08603966140123,449,462,184,280.0
ellipsoid,gaussian_curvature,2,quality_controlled,0.1,0.10007440476190477,3,10315226289142123355,898,1792,269,2688,5.062132363850605,0.04593007190416966,4.5640906223058995,12.758473874499803,131.93173197890223,-0.008222620491344645,19.619,20.896387247560284,44.0,0.8455536625903781,2.106400000000001,10.078148287899465,10.451391400048545,14.037922773131871,457,484,175,279.0
ellipsoid,gaussian_curvature,2,quality_controlled,0.1,0.10007440476190477,4,6767401055784975104,898,1792,269,2688,5.062132363850605,0.045812189227452116,3.7292951954802653,9.100652996664731,89.54472610830018,0.02060877765715352,20.555999999999997,21.636034756858752,42.0,0.9257317621989635,2.667696,10.090139124835257,11.378623806670037,14.2664531082606,456,474,171,278.0
ellipsoid,gaussian_curvature,2,quality_controlled,0.1,0.10007440476190477,5,4572109884631974423,898,1792,269,2688,5.062132363850605,0.046024756695458365,3.8258639850669405,8.739885608115909,69.13246251262089,0.029665464593795765,21.411,23.022879924110278,40.0,1.4496688208580655,2.762268000000001,10.044410982927875,11.159453551720958,14.00914577382927,471,482,188,289.0
ellipsoid,gaussian_curvature,2,quality_controlled,0.1,0.10007440476190477,6,3104958407696609830,898,1792,269,2688,5.062132363850605,0.04593651207718562,4.180363779734857,10.679405990925318,81.08408661100447,0.010235852736653173,20.265,21.682135503681366,39.0,1.2558262924433448,2.3073280000000005,10.090139124835328,10.841636839472912,14.28868825284005,436,450,167,277.0
ellipsoid,gaussian_curvature,2,quality_controlled,0.1,0.10007440476190477,7,11235118240410994872,898,1792,269,2688,5.062132363850605,0.046048003516577146,3.1234702061115005,7.401500547498142,77.41831951550208,0.03689413250785223,17.962,21.518503665450346,47.0,2.3406303858285717,3.5597960000000044,10.078148287899502,11.510474479635477,14.137313493322234,473,492,187,294.0
ellipsoid,gaussian_curvature,3,baseline,0.0,0.0,0,17193715055573019360,3586,7168,0,10752,5.062132363850605,0.022022140798497455,0.04083779555994653,0.07960045723159098,1.0118329676393216,0.018604072394341503,0.08799999999999997,0.4898979485566356,4.0,0.021676085255415097,0.034848000000000004,14.057055697736574,14.667327303854242,15.972601200788088,38,38,7,22.0
ellipsoid,gaussian_curvature,3,stress,0.05,0.050037202380952384,0,9553199960068856012,3586,7168,538,10752,5.062132363850605,0.02291250324214546,5.00969812652479,16.506183501540566,411.3881983438482,-0.0007632133708020961,108.92,112.14063491883752,153.0,9.5033976317134,16.644135999999992,0.7212750883266696,8.60758828435285,14.332976030094477,1650,1696,290,686.0
ellipsoid,gaussian_curvature,3,stress,0.05,0.050037202380952384,1,13367189914505119130,3586,7168,538,10752,5.062132363850605,0.022790164377797184,5.140143801024937,21.54887909768022,683.8475661927531,-0.002660516153687842,83.524,84.87030104812872,144.0,7.142651301085332,12.297392000000002,0.6139513582423757,9.39650939130095,14.5712796513054,1635,1682,286,712.0
ellipsoid,gaussian_curvature,3,stress,0.05,0.050037202380952384,2,12363949896589647846,3586,7168,538,10752,5.062132363850605,0.022904033299420163,5.528376070024919,19.92999009305348,686.7432814632365,-0.0038068118212695734,110.09299999999999,113.25118542425946,151.0,9.552368000432146,16.625024000000003,0.6156043699821928,8.686411771906151,14.333589899342638,1648,1698,277,681.0
ellipsoid,gaussian_curvature,3,stress,0.05,0.050037202380952384,3,5686576644030904181,3586,7168,538,10752,5.062132363850605,0.02285094463533152,5.366515775845586,19.895758113977216,535.1091294577927,-0.0025556113021237836,104.993,106.68084645333482,126.0,8.424152489379098,14.25534,0.6115005728176324,8.512264613585709,14.570289431088439,1626,1672,289,675.0
ellipsoid,gaussian_curvature,3,stress,0.05,0.050037202380952384,4,3816657765367223798,3586,7168,538,10752,5.062132363850605,0.02274040573909175,3.934364790902691,14.484664491805221,404.1798049853529,0.00460871620897757,85.30199999999999,87.61015922825389,124.0,6.3491213619523785,12.221600000000004,0.5909219540173914,9.357920127163156,14.653133434425051,1563,1600,290,666.0
ellipsoid,gaussian_curvature,3,stress,0.05,0.050037202380952384,5,15147110248099694998,3586,7168,538,10752,5.062132363850605,0.022957115169149677,5.803328482906995,20.539075477998157,736.5281324165287,-0.005946692063121206,113.038,115.42438217291874,143.0,10.675204568407294,17.022496000000004,0.586008966986305,8.582208329389776,14.155312530953562,1631,1672,285,702.0
ellipsoid,gaussian_curvature,3,stress,0.05,0.050037202380952384,6,13698458344718489268,3586,7168,538,10752,5.062132363850605,0.022878110148314465,4.979342166926156,18.889222149611562,683.8475661928521,-0.001483103007772546,99.031,101.36430831412012,141.0,9.534614196922703,15.09521599999999,0.5952139649587981,8.87696351877665,14.335081875212571,1643,1692,293,727.0
ellipsoid,gaussian_curvature,3,stress,0.05,0.050037202380952384,7,12264431634911998732,3586,7168,538,10752,5.062132363850605,0.02286217540061554,4.74077149378557,15.945857428763656,541.8918416820017,-0.002952460415625191,94.90599999999999,96.68180800957334,126.0,8.812367374885811,13.760575999999995,0.6115005728176324,8.506157228902774,14.449233167410437,1545,1590,274,634.0
ellipsoid,gaussian_curvature,3,stress,0.1,0.09998139880952381,0,11759179555900157848,3586,7168,1075,10752,5.062132363850605,0.023656444760389816,9.418474022474598,25.81047536915715,631.2805746458936,-0.022747782512587023,181.784,184.4855224672115,217.0,11.33531090459966,19.698032000000005,0.5952139649587981,8.037402490435689,10.901289963476517,2092,2194,314,832.0
ellipsoid,gaussian_curvature,3,stress,0.1,0.09998139880952381,1,12863068354946141617,3586,7168,1075,10752,5.062132363850605,0.023686973747550428,9.157177079954355,25.094085659025346,588.1201468383222,-0.021337815503582824,173.41400000000002,176.37655739921902,218.0,12.459133480530971,20.420187999999982,0.5909219540173914,7.725492512830737,11.024248125155964,2130,2212,325,850.0
ellipsoid,gaussian_curvature,3,stress,0.1,0.09998139880952381,2,2143170921258034244,3586,7168,1075,10752,5.062132363850605,0.023698640081664096,9.268822780811245,25.80260954905649,541.8918416820017,-0.02145534056692483,177.921,180.9566384524204,225.0,11.44476745660654,20.039700000000003,0.5909219540173914,7.631447414870713,10.80335607948798,2143,2240,339,885.0
ellipsoid,gaussian_curvature,3,stress,0.1,0.09998139880952381,3,5377368990660612881,3586,7168,1075,10752,5.062132363850605,0.02371453472169247,9.738595159840393,25.650332887984238,631.2805746458936,-0.02341658106756256,188.56900000000002,191.53254292678307,229.0,13.361437705977584,21.44065599999997,0.586008966985683,7.515097963309233,10.804126661712761,2060,2166,321,843.0
ellipsoid,gaussian_curvature,3,stress,0.1,0.09998139880952381,4,17757632719480687183,3586,7168,1075,10752,5.062132363850605,0.023672557723141745,9.607317578129233,27.35331879074061,566.1774469184961,-0.02434238760119939,178.591,181.00625679793504,216.0,12.1448755263889,20.013632,0.5952139649587981,7.831260116373908,11.051363731852854,2070,2182,321,843.0
ellipsoid,gaussian_curvature,3,stress,0.1,0.09998139880952381,5,321325443372749556,3586,7168,1075,10752,5.062132363850605,0.023691747842734444,9.193326381628951,25.880919910617585,515.841926042038,-0.022174218599745665,169.12,172.18110233123727,224.0,9.051781763078475,18.288000000000014,0.586008966986305,7.996708195715997,11.156719317919203,2153,2250,321,822.0
ellipsoid,gaussian_curvature,3,stress,0.1,0.09998139880952381,6,12705376186992386347,3586,7168,1075,10752,5.062132363850605,0.023645904723356877,8.980629834357092,26.697989790158736,1135.0431184415759,-0.020685612675752307,169.81400000000002,172.02543416599767,199.0,12.614268063203662,20.007659999999994,0.586008966986305,8.09474811680585,11.275410124551811,2080,2180,328,862.0
ellipsoid,gaussian_curvature,3,stress,0.1,0.09998139880952381,7,8848165339943679467,3586,7168,1075,10752,5.062132363850605,0.023653590905906526,9.270961239749742,25.791485904173907,588.1201468383732,-0.023591027011146515,166.024,169.04301819359475,206.0,12.936895666510113,20.749156000000006,0.6354484912435567,7.687896731159755,11.066336079196951,2101,2198,332,872.0
ellipsoid,gaussian_curvature,3,quality_controlled,0.05,0.050037202380952384,0,11168141261355384343,3586,7168,538,10752,5.062132363850605,0.02256712941285234,2.062008654459353,6.951459338639169,157.3114282611333,0.01212580771439186,49.013000000000005,55.29518062182273,96.0,4.537837255197239,6.959656000000001,10.066537399313113,11.748769055061763,14.915398718171739,1558,1600,283,711.0
ellipsoid,gaussian_curvature,3,quality_controlled,0.05,0.050037202380952384,1,2182364582070652209,3586,7168,538,10752,5.062132363850605,0.02249274445445632,1.6959125827443935,5.177568841650973,73.43635887885458,0.014696904645360567,43.881,49.72565736116517,95.0,3.848312997327521,6.006467999999997,10.035728599496322,12.423986033341206,15.108891972277592,1501,1546,290,717.0
ellipsoid,gaussian_curvature,3,quality_controlled,0.05,0.050037202380952384,2,2714677008674408319,3586,7168,538,10752,5.062132363850605,0.022558491650239054,1.7442588179959906,4.980938883924788,80.48259250015579,0.014115219194153966,46.650000000000006,54.131598904891035,112.0,4.8771354834369705,7.232120000000003,10.018249272960096,11.891552479619333,14.892677760188938,1537,1586,262,656.0
ellipsoid,gaussian_curvature,3,quality_controlled,0.05,0.050037202380952384,3,15616413160115933594,3586,7168,538,10752,5.062132363850605,0.022509098254928347,1.9560644745355025,6.258692552272988,82.09725307818354,0.013091944073358938,46.962,53.641681554552335,109.0,4.540428399681246,6.196467999999998,10.013935963457135,12.091770971654588,14.98304144362561,1515,1552,272,672.0
ellipsoid,gaussian_curvature,3,quality_controlled,0.05,0.050037202380952384,4,3250909057254087186,3586,7168,538,10752,5.062132363850605,0.02243736576693433,1.6343962320017793,4.903799353158034,111.28207981680721,0.01563493110118517,44.263,50.504762151702096,103.0,4.673379393971766,6.863999999999987,10.013935963457135,12.564580335341027,15.12057877489463,1502,1544,283,703.0
ellipsoid,gaussian_curvature,3,quality_controlled,0.05,0.050037202380952384,5,1810422368988809116,3586,7168,538,10752,5.062132363850605,0.022576826425034988,2.0368164829971933,5.906985990890015,84.31641470944953,0.013542291820966612,55.825,62.58824969592935,116.0,5.031720735926432,7.439424000000006,10.044351121634124,12.183210483427892,14.922860481376693,1636,1686,297,779.0
ellipsoid,gaussian_curvature,3,quality_controlled,0.05,0.050037202380952384,6,2336563645999718845,3586,7168,538,10752,5.062132363850605,0.022573215898635413,2.0608998118738278,5.95362965133115,95.78012281403251,0.013374625066381457,54.781,61.260811290742794,109.0,5.114533805660108,7.432360000000001,10.018249272960169,11.78762744754125,14.9329475487023,1581,1624,303,755.0
ellipsoid,gaussian_curvature,3,quality_controlled,0.05,0.050037202380952384,7,2179304528854036498,3586,7168,538,10752,5.062132363850605,0.022509039583656045,1.8601476220251165,5.649825370934385,82.67970481480526,0.013886439504656109,48.089,54.512594874946096,102.0,4.136808868104979,7.093184000000001,10.013935963457463,12.090050955170149,14.913693819404392,1585,1636,279,691.0
ellipsoid,gaussian_curvature,3,quality_controlled,0.1,0.09998139880952381,0,14814430544534642134,3586,7168,1075,10752,5.062132363850605,0.02307889101365795,3.3565827046953505,7.720763346966883,84.79342510860624,0.008689584243397885,91.582,100.37745762869272,187.0,7.8197919639657965,11.031084,10.00738617158545,10.771100809699616,14.070033130962392,2055,2144,322,886.0
ellipsoid,gaussian_curvature,3,quality_controlled,0.1,0.09998139880952381,1,13727737452756202453,3586,7168,1075,10752,5.062132363850605,0.022967588606492995,3.110079658897442,7.357849890849217,91.5089944372545,0.009493662809528361,83.281,93.86465255888396,171.0,8.717177638991195,12.143272000000014,10.02356393610849,10.97226497997572,14.206271362421894,2005,2096,307,861.0
ellipsoid,gaussian_curvature,3,quality_controlled,0.1,0.09998139880952381,2,2582515828949550744,3586,7168,1075,10752,5.062132363850605,0.02301366375876816,3.1654544915277327,7.025790370415348,111.84588742266456,0.011273912735209252,92.599,100.94087873602054,178.0,8.03359202318614,11.508900000000004,10.013935963457135,11.124925418261034,14.18303880561166,2024,2110,336,859.0
ellipsoid,gaussian_curvature,3,quality_controlled,0.1,0.09998139880952381,3,13319682829536224765,3586,7168,1075,10752,5.062132363850605,0.023068635362689348,3.2231504385190366,7.030817503660285,95.35757182709122,0.01109646025763096,91.983,104.31142315202108,202.0,10.179943038127082,15.518088,10.007386171585267,10.857103981941933,14.100138756720485,2026,2120,328,885.0
ellipsoid,gaussian_curvature,3,quality_controlled,0.1,0.09998139880952381,4,14031339398292456301,3586,7168,1075,10752,5.062132363850605,0.022944183696925937,2.8512698384615764,6.477404297804512,109.24580209256149,0.010595221457044661,78.504,87.46151153507466,168.0,7.258016027002419,10.219424,10.013935963457135,10.890269433963581,14.26813527375497,1993,2080,312,832.0
ellipsoid,gaussian_curvature,3,quality_controlled,0.1,0.09998139880952381,5,9795478304611277787,3586,7168,1075,10752,5.062132363850605,0.0230609569652041,3.2352968520306282,7.714575724922948,151.24729238667672,0.008697260501489277,88.377,101.06623075983391,193.0,10.208943585281292,14.702784000000003,10.018249272960096,10.999871300584413,14.040505625137794,2047,2128,343,937.0
ellipsoid,gaussian_curvature,3,quality_controlled,0.1,0.09998139880952381,6,7034000007743250904,3586,7168,1075,10752,5.062132363850605,0.02300253057844803,3.000445855298242,6.708902639339648,99.37827374220183,0.012150103895758078,84.31299999999999,96.38356187649428,174.0,9.750790108198215,14.684668000000013,10.013935963457463,10.956101822535759,14.01445407180008,2009,2098,322,881.0
ellipsoid,gaussian_curvature,3,quality_controlled,0.1,0.09998139880952381,7,15895346766962837965,3586,7168,1075,10752,5.062132363850605,0.022976221959911152,3.0529662798785977,7.318639397240526,161.80198722204136,0.01048479772207734,79.707,91.72735142802281,185.0,8.974335731332989,13.03796,10.013935963457463,11.054697019520255,14.25869235583478,1952,2064,317,917.0
ellipsoid,mean_curvature,0,baseline,0.0,0.0,0,5426043126303944463,58,112,0,168,5.062132363850605,0.17051173501655303,0.17385734630612804,0.2504045109868723,0.9567751663653015,0.05139950853396679,0.3480000000000001,0.8342661445845685,2.0,0.15064388555795957,0.25863199999999736,15.375780036137657,15.375780036137657,15.375780036137682,6,6,3,6.0
ellipsoid,mean_curvature,0,stress,0.05,0.047619047619047616,0,17703300381477322049,58,112,8,168,5.062132363850605,0.17603533528883775,0.8440395026040965,1.5475511732201745,5.243079982364812,-0.1923656118698599,2.147,2.7112727638509555,6.0,0.37216862754401936,0.7048959999999969,11.522480305181972,15.008602996038242,15.375780036137682,15,16,9,11.0
ellipsoid,mean_curvature,0,stress,0.05,0.047619047619047616,1,10662523024050480487,58,112,8,168,5.062132363850605,0.1786694787250447,1.0249228394780283,1.7460159880899164,6.36273099490726,-0.2787448943962502,3.354,3.5877569594385847,7.0,0.434089397539262,0.6702079999999995,4.951664051908507,6.2198656200503875,15.375780036137657,23,24,14,16.0
ellipsoid,mean_curvature,0,stress,0.05,0.047619047619047616,2,7377880597277732424,58,112,8,168,5.062132363850605,0.173369882563107,0.42496139467155347,0.7865292191883991,6.051009443830257,-0.0515302366804015,1.701,1.972561786104557,4.0,0.1929912079862694,0.28116800000000003,6.929824251386293,14.780676633712144,15.375780036137682,20,20,17,17.0
ellipsoid,mean_curvature,0,stress,0.05,0.047619047619047616,3,4120962553469027598,58,112,8,168,5.062132363850605,0.17827161391999893,1.1856793404549466,2.1301999333325585,6.183679546752435,-0.12366822039718231,3.142,3.5062800800848755,8.0,0.6140634842424652,0.9545399999999953,5.387663731060326,11.69286194471976,15.375780036137671,26,26,17,18.0
ellipsoid,mean_curvature,0,stress,0.05,0.047619047619047616,4,8765724670146562501,58,112,8,168,5.062132363850605,0.17794135761415428,0.7502910232110698,1.4685414234298002,5.61365681549566,-0.15138695148260584,1.442,1.6565023392678926,3.0,0.27120398858423933,0.5292559999999982,13.525478215679803,15.375780036137657,15.375780036137682,18,18,13,14.0
ellipsoid,mean_curvature,0,stress,0.05,0.047619047619047616,5,16186314798964986130,58,112,8,168,5.062132363850605,0.17900057329970256,0.8979298731808202,1.5820590622755712,6.183679546752495,-0.2377457707364088,2.024,2.245885126180767,4.0,0.142450184415465,0.27663999999999955,5.387663731060326,13.525478215679803,15.375780036137657,18,18,12,12.0
ellipsoid,mean_curvature,0,stress,0.05,0.047619047619047616,6,13196571343957102884,58,112,8,168,5.062132363850605,0.1735997348743696,0.5135533664992133,0.9459974879242252,6.362730994907316,-0.0021264335475022515,1.5859999999999999,1.9172897537930984,5.0,0.2413777989459649,0.41287199999999424,4.951664051908507,11.692861944719732,15.375780036137657,16,16,9,12.0
ellipsoid,mean_curvature,0,stress,0.05,0.047619047619047616,7,5023653149220434737,58,112,8,168,5.062132363850605,0.17858068691110734,1.0899707233012448,1.8976896385906523,6.183679546752472,-0.1521999177157899,3.717,3.9055089297042964,6.0,0.4274775588121531,0.6702359999999988,5.387663731060189,5.557301388296183,15.375780036137657,27,28,14,19.0
ellipsoid,mean_curvature,0,stress,0.1,0.10119047619047619,0,11654988678353704673,58,112,17,168,5.062132363850605,0.1783120769686854,0.734425405144871,1.1803737868229465,6.051009443830205,-0.17347562455187673,2.883,3.3098338326870733,7.0,0.3023573545988235,0.4712999999999994,6.929824251386293,10.912131378090866,12.498813505233908,25,26,17,19.0
ellipsoid,mean_curvature,0,stress,0.1,0.10119047619047619,1,7986132504567934845,58,112,17,168,5.062132363850605,0.17514261332609116,0.706382326173886,1.2419531100301904,6.183679546752495,-0.0404742297641678,3.066,3.5358167373324085,7.0,0.2822972415734871,0.43284000000000084,5.387663731060326,5.557301388296183,14.681775884466875,25,26,19,20.0
ellipsoid,mean_curvature,0,stress,0.1,0.10119047619047619,2,9919118530262473946,58,112,17,168,5.062132363850605,0.17645712246633496,0.9912588441659859,1.756796358439256,6.051009443830132,-0.11895820397535249,2.8939999999999997,3.173011188130291,6.0,0.31450084540427115,0.5020800000000059,6.132117924042459,7.605398056841695,15.375780036137671,23,24,16,18.0
ellipsoid,mean_curvature,0,stress,0.1,0.10119047619047619,3,15301719285892842757,58,112,17,168,5.062132363850605,0.18678741248981318,1.3281230251228784,1.9352836657556067,6.051009443830132,-0.4721206545345971,4.026,4.41316213162399,8.0,0.35284737269249933,0.706432000000001,6.929824251386399,10.912131378090866,13.872830705294907,28,30,19,22.0
ellipsoid,mean_curvature,0,stress,0.1,0.10119047619047619,4,15180914499332109682,58,112,17,168,5.062132363850605,0.1777834209011123,1.023632070896596,1.697895645771052,6.3627309949073645,-0.10706502030964664,3.851,4.06066497017422,7.0,0.3996369747057911,0.6779839999999966,4.951664051908507,5.469553692288239,14.80806551867069,27,28,16,19.0
ellipsoid,mean_curvature,0,stress,0.1,0.10119047619047619,5,12534365610748111895,58,112,17,168,5.062132363850605,0.18551298492186252,1.7281059180771579,2.5583761901908915,6.183679546752435,-0.32952865993046715,6.771,7.043223693735703,10.0,0.5963794977495416,1.061079999999997,5.387663731060326,6.929824251386305,15.375780036137671,35,36,19,21.0
ellipsoid,mean_curvature,0,stress,0.1,0.10119047619047619,6,12861782163363285684,58,112,17,168,5.062132363850605,0.18293657609027109,1.464528714156859,2.2341896936875805,6.362730994907312,-0.3841887193688914,6.566,7.011561880209002,10.0,0.6076076778645916,1.130900000000001,4.951664051908581,6.132117924042472,12.374388502870874,29,30,17,20.0
ellipsoid,mean_curvature,0,stress,0.1,0.10119047619047619,7,9575110839385115264,58,112,17,168,5.062132363850605,0.18112057211068927,0.9767545903711679,1.489924254024696,6.362730994907316,-0.3956485706357395,2.9610000000000003,3.3895427420228823,7.0,0.29609864513030093,0.4539520000000008,4.951664051908507,6.132117924042459,13.321144954064916,22,24,16,19.0
ellipsoid,mean_curvature,0,quality_controlled,0.05,0.047619047619047616,0,18141967025523218417,58,112,8,168,5.062132363850605,0.17567399552590532,0.5608750624580008,0.8778624787532934,2.437015262584811,-0.1173830338798071,1.3010000000000002,1.6742162345408074,3.0,0.24966600672097644,0.4526159999999949,13.525478215679803,13.594948713602829,14.97670253346344,17,18,12,15.0
ellipsoid,mean_curvature,0,quality_controlled,0.05,0.047619047619047616,1,17345505457171484822,58,112,8,168,5.062132363850605,0.1768206536972291,0.9417119410457646,1.7020649968991977,5.613656815495665,-0.13135621713500886,1.3279999999999998,1.6486357996840904,4.0,0.18743486145325178,0.34839599999999926,10.836694993843658,11.798980310433132,15.375780036137671,20,20,13,14.0
ellipsoid,mean_curvature,0,quality_controlled,0.05,0.047619047619047616,2,5204942870743107382,58,112,8,168,5.062132363850605,0.17183679127597218,0.3612061323734461,0.554168783036539,1.8224874473737942,-0.014709461411709663,0.9850000000000002,1.152822622956368,3.0,0.14631213524516382,0.2896559999999938,13.071404300980054,13.386363848076755,15.375780036137682,12,12,10,11.0
ellipsoid,mean_curvature,0,quality_controlled,0.05,0.047619047619047616,3,6617342060653570925,58,112,8,168,5.062132363850605,0.17855103492081337,0.9821551908925655,1.6173966756268263,5.613656815495665,-0.19120971980644577,2.465,3.0207614933986435,6.0,0.3991902874569963,0.746960000000001,11.522480305181908,11.946545380612653,15.375780036137657,20,20,14,15.0
ellipsoid,mean_curvature,0,quality_controlled,0.05,0.047619047619047616,4,5765244591250063052,58,112,8,168,5.062132363850605,0.17319283620074036,0.6339093668270853,1.2618400503170373,5.243079982364812,-0.021345742897612405,1.6310000000000002,1.9872090982078359,4.0,0.2597582788363052,0.5069519999999988,15.224158590726049,15.375780036137657,15.375780036137671,13,14,10,11.0
ellipsoid,mean_curvature,0,quality_controlled,0.05,0.047619047619047616,5,4347363948374531445,58,112,8,168,5.062132363850605,0.1704566364259235,0.2828974510975477,0.46150221606120706,2.0866618545657243,0.04129999780023509,0.6900000000000002,1.0266450214168479,2.0,0.12606324568247218,0.2834919999999953,15.375780036137657,15.375780036137657,15.375780036137682,7,8,7,8.0
ellipsoid,mean_curvature,0,quality_controlled,0.05,0.047619047619047616,6,9803549402153793608,58,112,8,168,5.062132363850605,0.17758740669962522,0.8702118152775842,1.4503778595068226,3.8170598313801407,-0.3058829224846323,2.309,2.6349573051569544,5.0,0.26959018320406103,0.47656000000000065,13.140480948428777,14.60713329077667,15.375780036137657,21,22,18,19.0
ellipsoid,mean_curvature,0,quality_controlled,0.05,0.047619047619047616,7,12724668528285481227,58,112,8,168,5.062132363850605,0.17340878887410938,0.4446758912172536,0.7925629903590706,3.1818677736708505,-0.057927240453321094,0.8150000000000002,1.0876580344942983,3.0,0.24093462814630717,0.38007999999999686,10.836694993843658,12.10582446694444,15.375780036137657,12,12,8,9.0
ellipsoid,mean_curvature,0,quality_controlled,0.1,0.10119047619047619,0,7281872037329740277,58,112,17,168,5.062132363850605,0.18969937721871954,1.7155548570585015,2.4316215940370496,5.835526507451715,-0.53878945702613,5.311999999999999,5.896100406200695,10.0,0.5202022623249524,0.9612800000000011,10.836694993843658,11.938946949393287,14.600434548822893,32,36,21,26.0
ellipsoid,mean_curvature,0,quality_controlled,0.1,0.10119047619047619,1,17203867996386751773,58,112,17,168,5.062132363850605,0.17858723956629569,0.8773490679187096,1.3374111091565188,4.366189449659455,-0.3462335778517813,2.7110000000000003,3.171277345171816,8.0,0.3255230090792346,0.5696479999999984,10.836694993843658,13.121352431597026,15.375780036137657,26,28,21,25.0
ellipsoid,mean_curvature,0,quality_controlled,0.1,0.10119047619047619,2,14798758544126926255,58,112,17,168,5.062132363850605,0.18162409638115123,1.057651965318164,1.53082402550546,3.7779126486859065,-0.6415283379863667,1.237,2.0729206448873048,8.0,0.2829276838063047,0.5320360000000021,11.522480305181908,14.607133290776714,15.117766812763152,28,30,21,25.0
ellipsoid,mean_curvature,0,quality_controlled,0.1,0.10119047619047619,3,1625007745914392997,58,112,17,168,5.062132363850605,0.17694500214052147,0.9002455245123642,1.5011052515283394,5.2727184284329125,-0.17936093334680236,1.424,1.7239489551607958,5.0,0.24999389048534842,0.4294399999999994,13.525478215679803,14.809379706639291,15.375780036137671,24,24,20,20.0
ellipsoid,mean_curvature,0,quality_controlled,0.1,0.10119047619047619,4,665035371255647318,58,112,17,168,5.062132363850605,0.17578146380045312,0.6980141106279795,1.0082658648417218,3.8612499687471202,-0.13240234871184836,2.158,2.7665863442155567,6.0,0.35875180883724783,0.5715799999999914,11.522480305181908,13.071404300980005,14.97670253346349,23,24,19,20.0
ellipsoid,mean_curvature,0,quality_controlled,0.1,0.10119047619047619,5,14793276543851408903,58,112,17,168,5.062132363850605,0.1862034620802115,1.8549499355508514,2.6612010821473833,6.461482424363779,-0.6125796325829213,4.933,5.3949050037975645,9.0,0.32361038790496155,0.676451999999999,10.836694993843658,11.552895305759572,15.375780036137657,31,34,20,23.0
ellipsoid,mean_curvature,0,quality_controlled,0.1,0.10119047619047619,6,18090364132478114314,58,112,17,168,5.062132363850605,0.18286272072889745,1.0659918834930138,1.6137058365677104,4.366189449659453,-0.42094302224254265,2.303,2.651226131434284,5.0,0.2760302988441634,0.4590479999999917,10.836694993843588,11.938946949393287,14.203428392463408,23,24,18,21.0
ellipsoid,mean_curvature,0,quality_controlled,0.1,0.10119047619047619,7,6304841330589820658,58,112,17,168,5.062132363850605,0.18396103757697801,1.3236097369760729,2.02632182866257,5.2430799823648115,-0.41794224854069345,3.358,3.8727251387104658,8.0,0.33494744990819003,0.5881999999999996,13.140480948428777,14.157028196798175,15.375780036137657,27,28,21,22.0
ellipsoid,mean_curvature,1,baseline,0.0,0.0,0,11645089713433419725,226,448,0,672,5.062132363850605,0.0874001285465749,0.08225729889116497,0.11981112591308084,0.4005372635234332,0.010957269759142359,0.2120000000000002,0.7099295739719542,4.0,0.08640515373517782,0.12627999999999684,14.369708393674909,14.9213340374867,15.664873422249137,14,14,5,14.0
ellipsoid,mean_curvature,1,stress,0.05,0.050595238095238096,0,8687857962434928018,226,448,34,672,5.062132363850605,0.0911133313556665,1.4534993794623787,3.181379786969315,17.58313468774282,-0.025880041271173604,10.845,11.544739061581252,16.0,1.9219872808819571,2.847776000000006,3.1697523350573182,8.607262784126808,14.530800348961431,90,90,43,55.0
ellipsoid,mean_curvature,1,stress,0.05,0.050595238095238096,1,13938618549470910783,226,448,34,672,5.062132363850605,0.09097890422649707,1.5067541220616245,3.446960124028591,18.374546899499858,-0.028119808635690635,9.068999999999999,9.943490332876076,14.0,1.6645126118476803,2.356531999999995,2.39688461477987,8.487820039148914,14.89253495783142,86,86,48,57.0
ellipsoid,mean_curvature,1,stress,0.05,0.050595238095238096,2,9137278125105883436,226,448,34,672,5.062132363850605,0.09107653163881894,1.4693790034892986,3.245626828002232,18.656017605088316,-0.024880732960725627,11.802,12.61673491835348,18.0,2.0412904773186966,2.861779999999996,2.3968846147800225,6.907965827709873,14.505976974334864,98,100,60,68.0
ellipsoid,mean_curvature,1,stress,0.05,0.050595238095238096,3,6480776687885402507,226,448,34,672,5.062132363850605,0.09017886178605695,1.1180722283506115,2.7026211696307825,16.699003197052967,-0.014365055674591953,8.277,8.803010848567665,14.0,1.3548729223451181,2.2982919999999982,6.5177427478546415,11.000548447589155,14.950738930084583,100,102,56,75.0
ellipsoid,mean_curvature,1,stress,0.05,0.050595238095238096,4,14187950704583108229,226,448,34,672,5.062132363850605,0.0914062195604258,1.5611717661556104,3.2097108876396105,16.885402754845707,-0.04334852223521009,10.328,11.014899000898737,17.0,1.534311492264855,2.324120000000001,2.6899818865104024,9.392784216551803,14.27585544368463,95,96,57,64.0
ellipsoid,mean_curvature,1,stress,0.05,0.050595238095238096,5,4217796889715053069,226,448,34,672,5.062132363850605,0.09145192714526364,1.42440077501651,3.2218302865004476,32.85649102129154,-0.06206690172733309,9.916,10.785731315029128,16.0,1.9695127894664868,2.9080320000000186,2.396884614779718,5.147499252659225,14.369708393674934,95,100,48,66.0
ellipsoid,mean_curvature,1,stress,0.05,0.050595238095238096,6,6282307094741594922,226,448,34,672,5.062132363850605,0.09073198757218344,1.2318704101056253,2.93542023255937,16.611107170676263,-0.01548943336715182,9.347,9.989244215655157,14.0,1.613245816584687,2.325091999999999,3.026729644584088,9.700276226037579,14.921334037486718,86,90,48,59.0
ellipsoid,mean_curvature,1,stress,0.05,0.050595238095238096,7,17004267688501040072,226,448,34,672,5.062132363850605,0.09106028318628605,1.6192083477774968,3.454644630799181,16.88540275484499,-0.03794398975835646,11.994,12.68526704488321,19.0,1.699660416436189,2.51880000000001,2.543837279134363,10.330436951750194,14.426458877664869,95,100,49,62.0
ellipsoid,mean_curvature,1,stress,0.1,0.09970238095238096,0,11714359424967750437,226,448,67,672,5.062132363850605,0.09318556405395259,2.0636489566935516,3.692075138370604,18.767611038189695,-0.08682549332486184,16.799999999999997,17.9687506521739,24.0,2.0046290033619645,2.960759999999993,2.5345723114515692,7.477333700502857,12.920638880917393,112,116,58,64.0
ellipsoid,mean_curvature,1,stress,0.1,0.09970238095238096,1,16693842978951815463,226,448,67,672,5.062132363850605,0.09369388145359857,2.4104012808218567,4.058550657050334,15.605577364134678,-0.09032381562642593,18.414,19.440679000487613,26.0,2.2466874087651876,3.147120000000004,2.39688461477987,6.625547764565586,12.298809622187312,117,122,52,68.0
ellipsoid,mean_curvature,1,stress,0.1,0.09970238095238096,2,7114209920096747049,226,448,67,672,5.062132363850605,0.09481536729119407,2.5179139000906514,4.307920005145676,18.374546899499883,-0.13309391265748458,18.43,19.55955009707534,26.0,2.129582830156181,3.391464,2.39688461477987,5.678494041876128,12.06758541579801,114,118,54,66.0
ellipsoid,mean_curvature,1,stress,0.1,0.09970238095238096,3,2083127518749843743,226,448,67,672,5.062132363850605,0.0926827856610122,2.1169708267667398,3.6600415285817576,19.339013738448898,-0.07339926337701165,17.808999999999997,18.91695007129849,26.0,2.5031938666447764,3.4729720000000053,2.5345723114517136,5.147499252659464,12.27500047449856,125,134,60,81.0
ellipsoid,mean_curvature,1,stress,0.1,0.09970238095238096,4,17593306220067917600,226,448,67,672,5.062132363850605,0.09220971907126058,1.708793723465611,3.211923967887462,16.885402754845895,-0.06845778732258487,14.835,15.593684619101413,21.0,1.681278935160964,2.2592479999999933,3.026729644584088,3.417321826817428,12.799869628872273,106,110,63,73.0
ellipsoid,mean_curvature,1,stress,0.1,0.09970238095238096,5,4037570974597270831,226,448,67,672,5.062132363850605,0.09422029644025269,2.2722834236723726,3.8125295947126,15.159386464350623,-0.11435941363639496,18.746000000000002,19.81479245412376,27.0,2.0012199416615886,3.232340000000003,2.3968846147800225,3.5799540472725777,11.921001051763946,127,130,67,78.0
ellipsoid,mean_curvature,1,stress,0.1,0.09970238095238096,6,18027456700242586252,226,448,67,672,5.062132363850605,0.09323676956558491,2.0274147059395906,3.666545024686056,16.885402754845895,-0.09816209534392903,16.043999999999997,16.932454045412317,23.0,2.1455941524752657,3.1177280000000103,2.5345723114517136,3.303897502873722,11.921001051763946,105,110,55,66.0
ellipsoid,mean_curvature,1,stress,0.1,0.09970238095238096,7,11391622967700454998,226,448,67,672,5.062132363850605,0.09376410438755549,1.8234281324789037,3.3447990115587656,18.1376069344603,-0.094921930354844,16.131,17.232672456702705,25.0,1.9710368130484033,3.248419999999994,2.5345723114515692,3.7314680414018024,11.962803628194454,126,130,64,79.0
ellipsoid,mean_curvature,1,quality_controlled,0.05,0.050595238095238096,0,3144915471104043104,226,448,34,672,5.062132363850605,0.08922361139235656,0.699198940181015,1.846385628410881,13.867941739872768,-0.004075357055745951,5.026,5.504906902028408,11.0,0.5489868065154212,0.922288000000002,11.127456115684973,12.786909129962059,15.005348016337708,80,80,51,64.0
ellipsoid,mean_curvature,1,quality_controlled,0.05,0.050595238095238096,1,11218084094710782975,226,448,34,672,5.062132363850605,0.09006648525644162,1.0615533672474813,2.5379903330737816,12.65655994947258,-0.028028175912866465,6.425000000000001,6.965270992574517,12.0,0.921977269355372,1.5195799999999922,10.188903870915466,12.812042769736243,14.921334037486718,80,84,48,59.0
ellipsoid,mean_curvature,1,quality_controlled,0.05,0.050595238095238096,2,5098883236252147040,226,448,34,672,5.062132363850605,0.08864238866512289,0.7089774787229226,1.854658592669976,12.338507824028328,-0.00294360523802481,5.193,5.543194025108629,10.0,0.7129171407000943,1.0741999999999972,10.660394735231153,12.50777508830517,15.03073644273874,89,90,56,71.0
ellipsoid,mean_curvature,1,quality_controlled,0.05,0.050595238095238096,3,1238654835772841676,226,448,34,672,5.062132363850605,0.08981993824245167,0.7575692464589103,1.7759416098288217,10.820446960578629,0.0019662225834269492,8.587,9.193095235011981,15.0,0.5892392736673266,1.169839999999998,10.037832879606771,12.424038316662664,15.00534801633774,88,90,56,69.0
ellipsoid,mean_curvature,1,quality_controlled,0.05,0.050595238095238096,4,17743872748781396506,226,448,34,672,5.062132363850605,0.08954744280141042,0.7911316971564801,1.8769587028710664,11.040350107921185,-0.005822176055456256,7.078,7.484918169225365,12.0,0.5916107667174396,1.2767039999999972,10.147691830383707,11.607093567183673,14.765023518824815,93,94,58,72.0
ellipsoid,mean_curvature,1,quality_controlled,0.05,0.050595238095238096,5,6168166834359908263,226,448,34,672,5.062132363850605,0.09013644392364628,0.9467463383893856,2.2879295179737746,13.100241132750504,-0.006746305415387677,6.711,7.0084948455428,13.0,0.7044377080878014,1.2766399999999984,10.183255451536583,11.74202896808234,14.9213340374867,100,104,58,81.0
ellipsoid,mean_curvature,1,quality_controlled,0.05,0.050595238095238096,6,4343552054319054171,226,448,34,672,5.062132363850605,0.09058653331628506,1.0973432844266706,2.4581428617195638,10.820446960578625,-0.026488248356462973,7.6850000000000005,8.196523653354511,14.0,1.27951610939448,2.0096999999999916,10.037832879606734,11.425646564070853,14.645401150008379,97,98,60,75.0
ellipsoid,mean_curvature,1,quality_controlled,0.05,0.050595238095238096,7,10767763021425392767,226,448,34,672,5.062132363850605,0.08984186112494381,1.0220028069392022,2.3318124827097164,9.22446305057652,-0.018807086378899246,7.975999999999999,8.418550944194612,13.0,0.9797920508352747,1.5879599999999976,10.037832879606809,11.187167984318329,14.708065966593319,95,96,62,78.0
ellipsoid,mean_curvature,1,quality_controlled,0.1,0.09970238095238096,0,8202622467557243704,226,448,67,672,5.062132363850605,0.0921417447503905,1.841611129435405,3.4108573830640583,13.779171739438207,-0.05232366635826687,14.715,16.013338190396155,29.0,1.1459318137062073,2.165615999999998,10.147691830383707,11.301133397790712,14.155368360762989,129,134,80,93.0
ellipsoid,mean_curvature,1,quality_controlled,0.1,0.09970238095238096,1,16912289122611308762,226,448,67,672,5.062132363850605,0.0912554363339528,1.4743087010527738,2.860760460392224,10.290631570819064,-0.03924912841579581,12.032,12.62655930964568,19.0,1.1449307286469372,1.9857000000000034,10.183255451536583,11.254502644692037,14.369708393674959,118,124,71,88.0
ellipsoid,mean_curvature,1,quality_controlled,0.1,0.09970238095238096,2,3015874418110297644,226,448,67,672,5.062132363850605,0.09145594502009866,1.407173961692341,2.7879327193574936,10.937281344778649,-0.030955753962836674,10.536999999999999,10.86024861593877,15.0,0.934588729844322,1.5014720000000048,10.037832879606734,11.301133397790748,14.275078818794826,99,100,59,69.0
ellipsoid,mean_curvature,1,quality_controlled,0.1,0.09970238095238096,3,909627389504468773,226,448,67,672,5.062132363850605,0.09156968098362447,1.2099402894459543,2.3269885034061444,12.526562778568643,-0.024076807605055893,13.738,14.375117390825022,22.0,0.8825777169178893,1.6748159999999954,10.169210437031083,11.023966560113921,14.236120996600516,116,120,75,90.0
ellipsoid,mean_curvature,1,quality_controlled,0.1,0.09970238095238096,4,7109622308965353387,226,448,67,672,5.062132363850605,0.09081128271538794,1.270487767923789,2.5148766835422856,10.456951811009647,-0.026718753096160168,9.980999999999998,10.390620770675831,16.0,1.1755973960195742,1.8300359999999936,10.037832879606771,11.687218343665512,14.29735815245691,109,112,64,81.0
ellipsoid,mean_curvature,1,quality_controlled,0.1,0.09970238095238096,5,9050297767645479646,226,448,67,672,5.062132363850605,0.08996788652532858,0.7547617541685098,1.6055994940776952,10.430263294368155,-0.007455438233907673,6.756,6.992853494818835,10.0,0.49488748597636273,0.9194800000000009,10.183255451536583,12.025319163512977,14.444782949806847,101,106,73,86.0
ellipsoid,mean_curvature,1,quality_controlled,0.1,0.09970238095238096,6,15473896147611093448,226,448,67,672,5.062132363850605,0.09190432279555723,1.3664548824152694,2.494786317389823,12.338507824028497,-0.009352590146459443,12.199,12.931859881703017,19.0,1.3800753791210114,2.470124000000002,10.037832879606771,10.185910208644625,13.943356487275661,114,116,63,75.0
ellipsoid,mean_curvature,1,quality_controlled,0.1,0.09970238095238096,7,17884857685517443167,226,448,67,672,5.062132363850605,0.09324422091116488,2.2308516815616697,3.8746975445459815,13.867941739872768,-0.07017117701934761,17.902,18.73915686470445,27.0,1.6137130495648941,2.6155360000000036,10.147691830383744,10.630023425957097,13.709190747654558,127,132,68,88.0
ellipsoid,mean_curvature,2,baseline,0.0,0.0,0,3486498337725647328,898,1792,0,2688,5.062132363850605,0.043975074123137156,0.03119247731546357,0.05206493957752914,0.31067396096000177,0.002713208313254938,0.33200000000000013,1.2930583900195691,8.0,0.11161168784674756,0.17398399999999997,14.119516038306188,14.72363124257571,15.995262885652693,42,42,9,34.0
ellipsoid,mean_curvature,2,stress,0.05,0.04985119047619048,0,16255183898330390621,898,1792,134,2688,5.062132363850605,0.04570682476798533,1.7226836802437444,4.357107996044481,34.762759658271825,-0.015642432955779578,45.391999999999996,46.99253132147704,57.0,5.24364101008221,7.398971999999994,1.58102823370701,7.808314410472949,14.582005619728509,380,396,157,234.0
ellipsoid,mean_curvature,2,stress,0.05,0.04985119047619048,1,14735851024948339646,898,1792,134,2688,5.062132363850605,0.04553806487293204,1.5105409384544166,3.9038930129882887,39.29532709194469,-0.005542992123028806,39.293,41.02792951149254,57.0,5.673855908677983,8.264835999999999,1.5810282337065489,9.297755421267077,14.36061899178004,409,420,167,239.0
ellipsoid,mean_curvature,2,stress,0.05,0.04985119047619048,2,10714817402059397847,898,1792,134,2688,5.062132363850605,0.04574030953544016,1.6910309475079108,4.3729631447464845,38.74799471326688,-0.007646269253201443,42.20399999999999,43.90890570260206,58.0,5.9214193729436175,8.465343999999993,1.1841898224196574,8.99118494225983,14.2664531082606,408,418,171,256.0
ellipsoid,mean_curvature,2,stress,0.05,0.04985119047619048,3,2112053994522859698,898,1792,134,2688,5.062132363850605,0.04536484714705607,1.329722313727654,3.4204349356346464,38.74330110368191,-0.005851288579625316,33.72,35.34676788618727,45.0,5.314929623083268,7.749260000000004,1.1861862082704748,9.777574502045153,14.794446379395916,396,406,163,244.0
ellipsoid,mean_curvature,2,stress,0.05,0.04985119047619048,4,12069402376666833394,898,1792,134,2688,5.062132363850605,0.04582298368579892,1.7262086977854776,4.251235337660796,39.10503012718439,-0.009595487964234095,43.086999999999996,45.327221401714,58.0,6.314845707096891,9.108215999999999,1.618926797449093,9.252851997559423,14.163557460609137,413,422,179,267.0
ellipsoid,mean_curvature,2,stress,0.05,0.04985119047619048,5,6183835252876260168,898,1792,134,2688,5.062132363850605,0.04554740963366081,1.701555794026851,4.430633008629603,39.10503012718031,-0.009899707792241474,41.277,42.77713174115347,55.0,4.618628821356393,6.764479999999994,1.4295869566732713,8.874810260250472,14.526748974349935,380,388,155,235.0
ellipsoid,mean_curvature,2,stress,0.05,0.04985119047619048,6,6546062112572585630,898,1792,134,2688,5.062132363850605,0.045491211714086426,1.414690653575902,3.915776825629196,39.29532709194653,-0.013963879029139176,41.082,41.98249635264678,52.0,3.6166689897959983,6.033112000000004,1.1841898224196574,8.969731568906214,14.57059983915549,410,416,176,262.0
ellipsoid,mean_curvature,2,stress,0.05,0.04985119047619048,7,13466944552344508455,898,1792,134,2688,5.062132363850605,0.045724051165026036,1.6648939299020578,4.059314714249616,39.29532709194653,-0.008916833185116213,48.153999999999996,50.485106714753016,64.0,7.226889167370989,10.278592000000002,1.5098477772078418,8.628887057240803,14.2664531082606,416,428,168,250.0
ellipsoid,mean_curvature,2,stress,0.1,0.10007440476190477,0,3202318989387817580,898,1792,269,2688,5.062132363850605,0.047486686175219145,3.3980384273596727,6.412240187007129,65.88285144867743,-0.031655620474019486,82.229,86.48458244103396,108.0,8.912099520596925,12.760256000000002,1.1841898224190417,2.975271884862578,10.416440349072946,514,534,178,275.0
ellipsoid,mean_curvature,2,stress,0.1,0.10007440476190477,1,4127748917150024088,898,1792,269,2688,5.062132363850605,0.04723089243850618,2.6531552667722567,5.39425639437806,38.924367993851355,-0.01983681282284691,65.495,68.19669346823201,81.0,6.209761094189686,9.071007999999996,1.1861862082701675,6.222608152431463,11.79622904467626,497,516,191,267.0
ellipsoid,mean_curvature,2,stress,0.1,0.10007440476190477,2,8742378815347182577,898,1792,269,2688,5.062132363850605,0.04719559820218519,2.652550491371901,5.4067759749538435,53.022068703307795,-0.01782931283234864,63.191,65.76983351050845,80.0,6.2779653538973825,9.402848000000004,1.1861862082698604,6.808626025372332,11.596619096307984,501,524,192,281.0
ellipsoid,mean_curvature,2,stress,0.1,0.10007440476190477,3,16607276860392826240,898,1792,269,2688,5.062132363850605,0.04727002827176795,2.5264486649205797,5.127541059678163,33.80059585137935,-0.023803906927371873,71.06299999999999,74.32315251656108,90.0,6.258786054228092,9.709819999999997,1.1841898224193497,5.534985718973587,11.581756254363965,508,528,205,285.0
ellipsoid,mean_curvature,2,stress,0.1,0.10007440476190477,4,6939378687177845663,898,1792,269,2688,5.062132363850605,0.04720808278017469,3.0783516162846727,6.022051218672074,41.35048029535853,-0.02249915459709847,75.945,79.67859813023821,97.0,6.942607006115791,9.760683999999994,1.1861862082698604,4.262769873106385,11.43518312951432,512,538,193,283.0
ellipsoid,mean_curvature,2,stress,0.1,0.10007440476190477,5,4815775642245503969,898,1792,269,2688,5.062132363850605,0.04717626590030116,2.713324840359933,5.497504087490765,36.42232992637599,-0.014929938437856102,69.69,72.57098593790772,87.0,6.078697666141322,9.391295999999997,1.1841898224196574,7.7779134670323495,11.43598438360597,518,542,202,296.0
ellipsoid,mean_curvature,2,stress,0.1,0.10007440476190477,6,6574399135444775380,898,1792,269,2688,5.062132363850605,0.04688288546466768,2.4816022747139157,5.221785413091614,38.74799471326688,-0.019406498732857824,67.22800000000001,70.21028414698235,87.0,6.661316096220019,10.500543999999987,1.429586956673781,8.317141923568325,12.123123007766246,528,554,204,304.0
ellipsoid,mean_curvature,2,stress,0.1,0.10007440476190477,7,15159497998497569773,898,1792,269,2688,5.062132363850605,0.047196659925509504,2.624207018431543,5.576814520458638,41.35048029536143,-0.019334417576564414,60.77600000000001,63.80675512827776,79.0,6.745796618203664,9.921755999999993,1.2434017697743946,3.195138088901302,11.414089536764136,492,516,187,272.0
ellipsoid,mean_curvature,2,quality_controlled,0.05,0.04985119047619048,0,15047769254101453718,898,1792,134,2688,5.062132363850605,0.044815362656981175,0.45216412736070233,1.1363387630075945,14.152590397561326,0.0011755752862501814,24.336999999999996,25.795251501003047,42.0,1.5146203775943294,3.0851999999999986,10.044410982927875,12.306448243934147,15.05613053612681,343,352,182,253.0
ellipsoid,mean_curvature,2,quality_controlled,0.05,0.04985119047619048,1,8013590577263764241,898,1792,134,2688,5.062132363850605,0.04506470090639866,0.8639340325209182,2.4704485590778535,16.623813345972227,-0.002152209241292384,25.165999999999997,26.792834863074866,46.0,1.9962946692470036,4.237856000000004,10.056793358330903,11.123810918247694,14.864796098864552,383,390,197,280.0
ellipsoid,mean_curvature,2,quality_controlled,0.05,0.04985119047619048,2,6917309095625711036,898,1792,134,2688,5.062132363850605,0.04484047129549315,0.5814284513223944,1.4761675948266506,16.566009154529528,0.0008669524701817449,31.106,32.535519052260405,51.0,2.26781036856612,4.30168,10.05679335833083,11.610372908555474,14.971254111327717,404,414,195,278.0
ellipsoid,mean_curvature,2,quality_controlled,0.05,0.04985119047619048,3,7141439717423043900,898,1792,134,2688,5.062132363850605,0.04497860813825848,0.7978355000157412,2.4402879264317736,25.866525409079607,-0.0018568179458401286,30.583,32.26064165511901,52.0,1.8554051412152543,3.7477840000000016,10.044410982927875,11.824432226131213,14.971254111327674,387,394,173,255.0
ellipsoid,mean_curvature,2,quality_controlled,0.05,0.04985119047619048,4,6440238301697704934,898,1792,134,2688,5.062132363850605,0.045001237628257,0.7863239064708962,2.3297037256178217,16.566009154529624,-0.0018612325653936806,24.105,25.32522457945832,42.0,1.931914398507347,3.5694320000000044,10.078148287899502,11.829136150842706,14.971254111327674,389,400,182,261.0
ellipsoid,mean_curvature,2,quality_controlled,0.05,0.04985119047619048,5,16037710910213779586,898,1792,134,2688,5.062132363850605,0.0449286851460267,0.6420860898588242,1.8818301413840541,20.722985831086888,-0.0007801368576484669,24.712,25.622685261307016,39.0,1.735173318879702,3.4312160000000005,10.141064584284802,12.578698852759167,15.148329430973975,379,388,176,246.0
ellipsoid,mean_curvature,2,quality_controlled,0.05,0.04985119047619048,6,12497028875670805033,898,1792,134,2688,5.062132363850605,0.045061562629876886,0.7629198415671938,2.0208100757927854,16.417826374030746,-0.0014648008435634088,30.255,31.043469522590414,42.0,3.541126157823812,5.168912000000003,10.044410982927875,11.7776681251438,14.864796098864518,387,396,174,249.0
ellipsoid,mean_curvature,2,quality_controlled,0.05,0.04985119047619048,7,17584870198106496850,898,1792,134,2688,5.062132363850605,0.045105349874028894,0.7442255774085174,2.1044604284891903,16.623813345972227,-0.0014246284825347177,27.057,27.768741419084876,40.0,1.8197898387934819,3.843296000000001,10.044410982927875,12.053611047662413,14.916883067592707,358,366,167,243.0
ellipsoid,mean_curvature,2,quality_controlled,0.1,0.10007440476190477,0,995904574167089767,898,1792,269,2688,5.062132363850605,0.04589625269314635,1.1408887284721656,2.60543612209228,28.18628951516031,-0.00352032622971981,44.544000000000004,46.85991890731353,69.0,2.4231274236011626,4.440479999999998,10.082000462899531,11.545347514231109,14.342592992931836,496,518,208,310.0
ellipsoid,mean_curvature,2,quality_controlled,0.1,0.10007440476190477,1,5849441784756070517,898,1792,269,2688,5.062132363850605,0.045911880304815446,1.0861081186694084,2.3038041573632557,16.41782637403115,-0.0033485795228263907,50.387,52.87315954243704,73.0,3.1167464550842086,6.140639999999998,10.078148287899465,10.9120298588245,14.004210597229784,468,484,205,287.0
ellipsoid,mean_curvature,2,quality_controlled,0.1,0.10007440476190477,2,318435805717314314,898,1792,269,2688,5.062132363850605,0.04590853508256389,1.0793812874079105,2.2843197612583315,18.57970155891425,-0.002146094848983038,52.122,54.139523455604966,73.0,3.4462481359066417,5.900560000000001,10.086958732853795,10.836988249915418,14.08603966140123,476,492,210,300.0
ellipsoid,mean_curvature,2,quality_controlled,0.1,0.10007440476190477,3,10315226289142123355,898,1792,269,2688,5.062132363850605,0.04593007190416966,1.289087601818718,3.0827792304948205,28.18628951516031,-0.004780450948870085,46.385000000000005,48.4664316821447,69.0,2.459722135388465,4.643040000000001,10.078148287899465,10.451391400048545,14.037922773131871,509,532,227,323.0
ellipsoid,mean_curvature,2,quality_controlled,0.1,0.10007440476190477,4,6767401055784975104,898,1792,269,2688,5.062132363850605,0.045812189227452116,1.103512740894529,2.4584237456799842,20.722985831087094,-0.003406559504109251,43.765,45.48882280296996,63.0,2.2893236841914666,4.7145,10.090139124835257,11.378623806670037,14.2664531082606,484,502,212,317.0
ellipsoid,mean_curvature,2,quality_controlled,0.1,0.10007440476190477,5,4572109884631974423,898,1792,269,2688,5.062132363850605,0.046024756695458365,1.1386005694479975,2.4031400716784828,15.683063394632379,-0.0028593745709663,47.327,49.01186591020587,65.0,3.191970903119262,6.156760000000001,10.044410982927875,11.159453551720958,14.00914577382927,484,502,208,311.0
ellipsoid,mean_curvature,2,quality_controlled,0.1,0.10007440476190477,6,3104958407696609830,898,1792,269,2688,5.062132363850605,0.04593651207718562,1.2205376620532624,2.7061419215370712,16.56600915452956,-0.0038253419122581955,45.749,48.14983904438311,68.0,2.6710302435532234,4.937096000000001,10.090139124835328,10.841636839472912,14.28868825284005,487,504,218,311.0
ellipsoid,mean_curvature,2,quality_controlled,0.1,0.10007440476190477,7,11235118240410994872,898,1792,269,2688,5.062132363850605,0.046048003516577146,0.936898896640166,1.8952930235958014,16.23772129677734,-0.0018043486224845681,46.483,50.18275600243573,76.0,3.2715652873509886,4.9356000000000035,10.078148287899502,11.510474479635477,14.137313493322234,494,510,217,313.0
ellipsoid,mean_curvature,3,baseline,0.0,0.0,0,17193715055573019360,3586,7168,0,10752,5.062132363850605,0.022022140798497455,0.01060969305725671,0.022719729569515113,0.2973659126618984,0.0006834174090209939,0.4360000000000001,1.5414279094398156,8.0,0.12680003318611477,0.21256000000000003,14.057055697736574,14.667327303854242,15.972601200788088,74,74,13,50.0
ellipsoid,mean_curvature,3,stress,0.05,0.050037202380952384,0,9553199960068856012,3586,7168,538,10752,5.062132363850605,0.02291250324214546,1.7376171684349686,4.725590659917502,62.90583964745411,-0.002446605610500925,176.236,183.6660665446941,227.0,22.659068702982136,32.16339200000001,0.7212750883266696,8.60758828435285,14.332976030094477,1732,1774,334,782.0
ellipsoid,mean_curvature,3,stress,0.05,0.050037202380952384,1,13367189914505119130,3586,7168,538,10752,5.062132363850605,0.022790164377797184,1.5549486880414887,4.817338284996113,83.8607030462604,-0.004014571124096436,152.219,155.93832434651847,187.0,15.483742499861467,24.273392,0.6139513582423757,9.39650939130095,14.5712796513054,1706,1756,352,793.0
ellipsoid,mean_curvature,3,stress,0.05,0.050037202380952384,2,12363949896589647846,3586,7168,538,10752,5.062132363850605,0.022904033299420163,1.840906919211588,5.0995753167100215,92.49318913078594,-0.0028348758128472276,179.315,187.5039599581833,232.0,23.29790564269606,33.788816000000025,0.6156043699821928,8.686411771906151,14.333589899342638,1716,1768,338,773.0
ellipsoid,mean_curvature,3,stress,0.05,0.050037202380952384,3,5686576644030904181,3586,7168,538,10752,5.062132363850605,0.02285094463533152,1.7719684535464748,5.226601334077793,76.84729864486758,-0.0018415747797759785,167.39499999999998,172.50042028934305,205.0,18.643865885374737,27.86424,0.6115005728176324,8.512264613585709,14.570289431088439,1699,1736,333,761.0
ellipsoid,mean_curvature,3,stress,0.05,0.050037202380952384,4,3816657765367223798,3586,7168,538,10752,5.062132363850605,0.02274040573909175,1.3473650003406972,4.169739367295973,92.84893546807126,-0.0018629195973357965,149.614,154.44429416459516,201.0,16.48728511474464,25.259200000000007,0.5909219540173914,9.357920127163156,14.653133434425051,1655,1692,333,752.0
ellipsoid,mean_curvature,3,stress,0.05,0.050037202380952384,5,15147110248099694998,3586,7168,538,10752,5.062132363850605,0.022957115169149677,1.9362697956447508,5.305256663937782,68.9145840808887,-0.003133100172055557,177.999,185.3442931411701,220.0,22.777690985751818,33.11167999999999,0.586008966986305,8.582208329389776,14.155312530953562,1679,1710,331,721.0
ellipsoid,mean_curvature,3,stress,0.05,0.050037202380952384,6,13698458344718489268,3586,7168,538,10752,5.062132363850605,0.022878110148314465,1.636725407512328,4.791647531494966,83.8607030462117,-0.0025601883242062293,163.911,170.0310118772455,206.0,20.026716634109363,28.967808000000012,0.5952139649587981,8.87696351877665,14.335081875212571,1667,1718,338,755.0
ellipsoid,mean_curvature,3,stress,0.05,0.050037202380952384,7,12264431634911998732,3586,7168,538,10752,5.062132363850605,0.02286217540061554,1.678076349712236,4.981781057133637,81.51767145675586,-0.002148587182960654,156.63299999999998,161.59005848133108,197.0,18.41937548364286,27.206447999999984,0.6115005728176324,8.506157228902774,14.449233167410437,1646,1696,328,723.0
ellipsoid,mean_curvature,3,stress,0.1,0.09998139880952381,0,11759179555900157848,3586,7168,1075,10752,5.062132363850605,0.023656444760389816,3.0944781095198133,6.892987746697714,88.51521685139916,-0.005752684754534082,277.596,288.8990446505492,337.0,25.876762481726782,38.99558799999998,0.5952139649587981,8.037402490435689,10.901289963476517,2165,2264,361,864.0
ellipsoid,mean_curvature,3,stress,0.1,0.09998139880952381,1,12863068354946141617,3586,7168,1075,10752,5.062132363850605,0.023686973747550428,3.083805159570182,6.7412665120004736,81.0639680482178,-0.0076072703465564495,265.33099999999996,276.5827416886311,349.0,26.76418860351062,37.693183999999995,0.5909219540173914,7.725492512830737,11.024248125155964,2152,2248,352,855.0
ellipsoid,mean_curvature,3,stress,0.1,0.09998139880952381,2,2143170921258034244,3586,7168,1075,10752,5.062132363850605,0.023698640081664096,3.0411409796320665,6.713968120939279,92.84893546803707,-0.006718016108696764,276.801,289.9209633676047,351.0,28.051353027393308,40.675679999999964,0.5909219540173914,7.631447414870713,10.80335607948798,2184,2290,362,875.0
ellipsoid,mean_curvature,3,stress,0.1,0.09998139880952381,3,5377368990660612881,3586,7168,1075,10752,5.062132363850605,0.02371453472169247,3.3015307220889794,7.273311834305486,95.88210567625126,-0.007285140571878915,281.76699999999994,293.57362449647957,347.0,28.532545185229452,40.91230000000001,0.586008966985683,7.515097963309233,10.804126661712761,2112,2224,360,865.0
ellipsoid,mean_curvature,3,stress,0.1,0.09998139880952381,4,17757632719480687183,3586,7168,1075,10752,5.062132363850605,0.023672557723141745,3.1131375693665726,6.984209169965981,92.49318913078594,-0.006641982867405763,274.65,285.71030432940285,338.0,26.07678655537249,38.014359999999975,0.5952139649587981,7.831260116373908,11.051363731852854,2145,2250,355,888.0
ellipsoid,mean_curvature,3,stress,0.1,0.09998139880952381,5,321325443372749556,3586,7168,1075,10752,5.062132363850605,0.023691747842734444,2.9920893484026108,6.532707096011886,92.84893546807126,-0.007587402072855881,279.54999999999995,291.1254574921266,346.0,24.41585414169474,37.68760800000001,0.586008966986305,7.996708195715997,11.156719317919203,2165,2272,372,906.0
ellipsoid,mean_curvature,3,stress,0.1,0.09998139880952381,6,12705376186992386347,3586,7168,1075,10752,5.062132363850605,0.023645904723356877,2.8914791564787157,6.698004375317785,137.13554637952905,-0.006242564793908459,260.34900000000005,270.0697817231687,317.0,24.229247917056778,35.99697999999999,0.586008966986305,8.09474811680585,11.275410124551811,2072,2182,347,863.0
ellipsoid,mean_curvature,3,stress,0.1,0.09998139880952381,7,8848165339943679467,3586,7168,1075,10752,5.062132363850605,0.023653590905906526,3.0574440218282253,6.813324680536868,95.88210567628286,-0.006859713707090057,260.997,271.8289958779232,323.0,27.342356043689872,38.92059199999998,0.6354484912435567,7.687896731159755,11.066336079196951,2117,2224,371,889.0
ellipsoid,mean_curvature,3,quality_controlled,0.05,0.050037202380952384,0,11168141261355384343,3586,7168,538,10752,5.062132363850605,0.02256712941285234,0.6648521954844414,1.9242570700224215,36.685521256208375,-8.019134931643371e-05,122.35900000000001,126.77121518704472,170.0,7.800224451640351,15.886976,10.066537399313113,11.748769055061763,14.915398718171739,1637,1686,353,819.0
ellipsoid,mean_curvature,3,quality_controlled,0.05,0.050037202380952384,1,2182364582070652209,3586,7168,538,10752,5.062132363850605,0.02249274445445632,0.5367629488853489,1.4777733720262098,17.458236670572628,0.00021217698343647257,112.517,118.83551236898842,167.0,7.531103951004263,14.162368,10.035728599496322,12.423986033341206,15.108891972277592,1574,1622,347,771.0
ellipsoid,mean_curvature,3,quality_controlled,0.05,0.050037202380952384,2,2714677008674408319,3586,7168,538,10752,5.062132363850605,0.022558491650239054,0.5897553706466478,1.5412369616807142,18.181822449813144,0.00012873630462064507,121.44200000000001,128.774034649847,186.0,7.9296924526490935,14.60992,10.018249272960096,11.891552479619333,14.892677760188938,1640,1694,350,794.0
ellipsoid,mean_curvature,3,quality_controlled,0.05,0.050037202380952384,3,15616413160115933594,3586,7168,538,10752,5.062132363850605,0.022509098254928347,0.6102403716935063,1.7077192930808873,18.264603508695394,0.0001551197777829444,118.852,124.51048951795187,176.0,7.542291921011276,14.535624000000002,10.013935963457135,12.091770971654588,14.98304144362561,1601,1640,362,820.0
ellipsoid,mean_curvature,3,quality_controlled,0.05,0.050037202380952384,4,3250909057254087186,3586,7168,538,10752,5.062132363850605,0.02243736576693433,0.5139750152973259,1.4275897508675361,22.513721454195945,0.00027236800213304314,114.194,119.04534430207677,170.0,6.542926378056228,13.254068000000004,10.013935963457135,12.564580335341027,15.12057877489463,1596,1634,341,758.0
ellipsoid,mean_curvature,3,quality_controlled,0.05,0.050037202380952384,5,1810422368988809116,3586,7168,538,10752,5.062132363850605,0.022576826425034988,0.6475539950451429,1.682221070215571,19.087060629289176,0.00012111478452626369,136.14600000000002,142.9328443710542,208.0,8.458565706593522,16.402084,10.044351121634124,12.183210483427892,14.922860481376693,1731,1774,343,834.0
ellipsoid,mean_curvature,3,quality_controlled,0.05,0.050037202380952384,6,2336563645999718845,3586,7168,538,10752,5.062132363850605,0.022573215898635413,0.6726465904687906,1.78872961885397,22.456905913114483,9.763036892303321e-05,134.37900000000002,139.62172825173022,190.0,9.381425795447088,18.66174,10.018249272960169,11.78762744754125,14.9329475487023,1629,1668,352,819.0
ellipsoid,mean_curvature,3,quality_controlled,0.05,0.050037202380952384,7,2179304528854036498,3586,7168,538,10752,5.062132363850605,0.022509039583656045,0.5969561322818766,1.6344068381578363,18.53017728153241,0.0001741581300233122,122.034,128.41203993395635,182.0,8.359948993748704,17.129480000000004,10.013935963457463,12.090050955170149,14.913693819404392,1640,1686,331,764.0
ellipsoid,mean_curvature,3,quality_controlled,0.1,0.09998139880952381,0,14814430544534642134,3586,7168,1075,10752,5.062132363850605,0.02307889101365795,1.0924693376314893,2.2954553145861993,19.976905489648804,-0.0005103161186635549,213.324,222.80645861374845,296.0,10.964999795398082,21.996879999999997,10.00738617158545,10.771100809699616,14.070033130962392,2128,2222,387,952.0
ellipsoid,mean_curvature,3,quality_controlled,0.1,0.09998139880952381,1,13727737452756202453,3586,7168,1075,10752,5.062132363850605,0.022967588606492995,1.0074765470236864,2.1543614170267205,19.948012414226717,-0.0003969881441678747,193.008,203.30539097623557,292.0,10.955712914037498,19.207812000000004,10.02356393610849,10.97226497997572,14.206271362421894,2063,2164,395,938.0
ellipsoid,mean_curvature,3,quality_controlled,0.1,0.09998139880952381,2,2582515828949550744,3586,7168,1075,10752,5.062132363850605,0.02301366375876816,1.040287655399719,2.1850799098136555,22.689445252371073,-0.0003606368399137576,203.543,213.379321866014,285.0,9.934643774781259,20.011271999999995,10.013935963457135,11.124925418261034,14.18303880561166,2085,2188,381,929.0
ellipsoid,mean_curvature,3,quality_controlled,0.1,0.09998139880952381,3,13319682829536224765,3586,7168,1075,10752,5.062132363850605,0.023068635362689348,1.0551760054324966,2.124102026549459,20.665222386614403,-0.00032839257606100125,217.493,229.6167045317043,320.0,10.876904927537066,19.549951999999994,10.007386171585267,10.857103981941933,14.100138756720485,2078,2180,383,917.0
ellipsoid,mean_curvature,3,quality_controlled,0.1,0.09998139880952381,4,14031339398292456301,3586,7168,1075,10752,5.062132363850605,0.022944183696925937,0.9092476693152354,1.9252531800264314,24.983775100394862,-0.0003698137007062917,182.973,193.70597564349944,278.0,10.671200608818856,18.028719999999996,10.013935963457135,10.890269433963581,14.26813527375497,2055,2144,381,957.0
ellipsoid,mean_curvature,3,quality_controlled,0.1,0.09998139880952381,5,9795478304611277787,3586,7168,1075,10752,5.062132363850605,0.0230609569652041,1.0633454646147715,2.2816133448787683,35.86432715723306,-0.0006422404051387547,213.445,225.68049317563978,307.0,11.677169130600102,20.60470399999999,10.018249272960096,10.999871300584413,14.040505625137794,2141,2234,387,985.0
ellipsoid,mean_curvature,3,quality_controlled,0.1,0.09998139880952381,6,7034000007743250904,3586,7168,1075,10752,5.062132363850605,0.02300253057844803,0.9878568362441503,2.0202520225674836,21.682663060429082,-0.00016564220445100357,202.955,213.3934839679975,295.0,11.271719948092034,20.59356399999999,10.013935963457463,10.956101822535759,14.01445407180008,2077,2172,389,971.0
ellipsoid,mean_curvature,3,quality_controlled,0.1,0.09998139880952381,7,15895346766962837965,3586,7168,1075,10752,5.062132363850605,0.022976221959911152,0.9810758597632468,2.124725179245934,35.81794125015601,-0.0005208299106953355,190.20499999999998,200.9719856099352,284.0,10.918491067958069,18.531479999999995,10.013935963457463,11.054697019520255,14.25869235583478,2037,2144,380,959.0
product_sine_graph,gaussian_curvature,0,baseline,0.0,0.0,0,638469665625046245,81,128,0,176,3.871792078324112,0.16294447684196148,9447.646440392675,14746.074127757072,24870.839513217474,-1520.5615745133045,18.516000000000002,19.94682932197496,25.0,5.134298836388856,9.249655999999998,13.633022225366389,13.633022225366389,13.633022225366389,25,73,4,73.0
product_sine_graph,gaussian_curvature,0,stress,0.05,0.05113636363636364,0,17033729845879757108,81,128,9,176,3.871792078324112,0.16218166241832577,9726.042126167931,14968.227832376362,24870.839513217474,-1250.7655369575505,18.528000000000002,19.948934808655824,25.0,5.13438519589327,9.255655999999998,12.24366783546107,12.243667835461078,13.633022225366389,42,67,5,67.0
product_sine_graph,gaussian_curvature,0,stress,0.05,0.05113636363636364,1,3194410501822508601,81,128,9,176,3.871792078324112,0.1619475515591611,9794.789914789599,15020.85588820986,24870.839513217474,-1168.8658140937323,18.524,19.94813274469568,25.0,5.13437079753303,9.253655999999998,12.24366783546107,12.618793520735528,13.633022225366389,37,69,6,69.0
product_sine_graph,gaussian_curvature,0,stress,0.05,0.05113636363636364,2,4651275779571262870,81,128,9,176,3.871792078324112,0.16165531537667943,9621.613859382938,14885.072135598168,24870.839513217474,-1334.8909967422353,18.53,19.949686714332135,25.0,5.134399733850877,9.256651999999997,12.24366783546107,12.618793520735528,13.633022225366389,39,67,5,65.0
product_sine_graph,gaussian_curvature,0,stress,0.05,0.05113636363636364,3,18186320754936863756,81,128,9,176,3.871792078324112,0.16311914034823535,9590.078869182164,14860.962704573276,24870.839513217474,-1398.9762288479849,18.528,19.94692958828501,25.0,5.134378038335702,9.255655999999998,12.2436678354611,12.618793520735528,13.633022225366389,44,67,6,65.0
product_sine_graph,gaussian_curvature,0,stress,0.05,0.05113636363636364,4,16978040740796777398,81,128,9,176,3.871792078324112,0.16709948437463984,9734.477273179842,14977.758066416443,24870.839513217474,-1357.117309809687,18.53,19.945676223181806,25.0,5.134385998923724,9.256683999999998,12.24366783546107,12.243667835461078,13.633022225366389,41,69,6,69.0
product_sine_graph,gaussian_curvature,0,stress,0.05,0.05113636363636364,5,5136564367938275553,81,128,9,176,3.871792078324112,0.16024961572844051,9896.963180762092,15098.60916396566,24870.839513217474,-1020.5043745094893,18.520000000000003,19.947330648485277,25.0,5.134342007995958,9.251655999999999,12.2436678354611,13.633022225366389,13.633022225366389,48,73,6,71.0
product_sine_graph,gaussian_curvature,0,stress,0.05,0.05113636363636364,6,17867409756118201055,81,128,9,176,3.871792078324112,0.1604837265876052,9826.88353058846,15045.239030202905,24870.839513217474,-1104.1682133390016,18.524,19.948533780706793,25.0,5.134371139731911,9.253647999999998,12.24366783546107,12.618793520735528,13.633022225366389,38,67,6,67.0
product_sine_graph,gaussian_curvature,0,stress,0.05,0.05113636363636364,7,18242841497381336837,81,128,9,176,3.871792078324112,0.1635873620665648,9456.096776547596,14757.06654672747,24870.839513217474,-1558.7705749885158,18.53,19.949586461879353,25.0,5.134406936482534,9.256651999999997,12.24366783546107,12.24366783546107,13.633022225366389,40,65,5,63.0
product_sine_graph,gaussian_curvature,0,stress,0.1,0.10227272727272728,0,2203207847190086353,81,128,18,176,3.871792078324112,0.16382015089615562,9829.163788995258,15051.21550064626,24870.839513217474,-1199.4450222579694,18.54,19.947831962396315,25.0,5.134449942605338,9.261663999999996,12.2436678354611,12.2436678354611,13.633022225366389,49,63,7,53.0
product_sine_graph,gaussian_curvature,0,stress,0.1,0.10227272727272728,1,11616988003046677362,81,128,18,176,3.871792078324112,0.1615350986413241,10464.89546159906,15536.2481454849,24870.839513217474,-508.3107434445871,18.54,19.952844408755357,25.0,5.134471610036613,9.261655999999999,12.24366783546107,12.2436678354611,13.633022225366389,53,69,5,61.0
product_sine_graph,gaussian_curvature,0,stress,0.1,0.10227272727272728,2,10258372184241187154,81,128,18,176,3.871792078324112,0.16867720347000503,10450.025933846317,15530.448241353648,24870.839513217474,-696.1223014608992,18.542,19.951992381714664,25.0,5.134478770426454,9.262667999999996,12.24366783546107,12.24366783546107,12.729941871927952,49,65,5,61.0
product_sine_graph,gaussian_curvature,0,stress,0.1,0.10227272727272728,3,16920408263402389779,81,128,18,176,3.871792078324112,0.16042427923471442,10030.726578380125,15203.98479234448,24870.839513217474,-908.2738596726925,18.536,19.95033834299559,25.0,5.134435592014371,9.259655999999998,12.24366783546107,12.2436678354611,13.633022225366389,52,67,5,61.0
product_sine_graph,gaussian_curvature,0,stress,0.1,0.10227272727272728,4,8783863597074872311,81,128,18,176,3.871792078324112,0.1727764422021911,10195.184179574419,15338.718702393584,24870.839513217474,-1034.8273921648909,18.538,19.94647838592066,25.0,5.134431083791071,9.260699999999996,12.24366783546107,12.24366783546107,12.729941871927952,48,67,6,65.0
product_sine_graph,gaussian_curvature,0,stress,0.1,0.10227272727272728,5,16352588358846891949,81,128,18,176,3.871792078324112,0.16739039852754767,10333.99162266049,15439.689835431911,24870.839513217474,-764.7201050209707,18.53,19.942467249565688,25.0,5.13437164507206,9.256683999999998,12.24366783546107,12.24366783546107,13.633022225366389,52,69,6,65.0
product_sine_graph,gaussian_curvature,0,stress,0.1,0.10227272727272728,6,9258603061033985446,81,128,18,176,3.871792078324112,0.16686301699265052,10090.74475039758,15257.343020860517,24870.839513217474,-1024.2399883514793,18.536,19.949937343260004,25.0,5.134457135045141,9.259663999999997,12.24366783546107,12.24366783546107,12.2436678354611,44,63,7,63.0
product_sine_graph,gaussian_curvature,0,stress,0.1,0.10227272727272728,7,6314144416539308791,81,128,18,176,3.871792078324112,0.16809273110504178,10127.072970525684,15284.819719150242,24870.839513217474,-1006.7256508441856,18.544,19.95033834299559,25.0,5.134479346535533,9.263679999999997,12.2436678354611,12.2436678354611,12.729941871927952,49,63,6,59.0
product_sine_graph,gaussian_curvature,0,quality_controlled,0.05,0.05113636363636364,0,9825893252451936396,81,128,9,176,3.871792078324112,0.16136307919419782,9447.270821138625,14747.199115336956,24870.839513217474,-1502.034974586266,18.528000000000002,19.948934808655824,25.0,5.13438556448578,9.255647999999997,12.24366783546107,12.618793520735528,13.633022225366389,41,71,6,65.0
product_sine_graph,gaussian_curvature,0,quality_controlled,0.05,0.05113636363636364,1,14756264231074612993,81,128,9,176,3.871792078324112,0.16704135905132292,9499.533670915367,14793.879050345844,24870.839513217474,-1597.5948066582841,18.538000000000004,19.94988721772632,25.0,5.134442745595666,9.260659999999996,12.24366783546107,12.2436678354611,13.633022225366389,38,65,6,59.0
product_sine_graph,gaussian_curvature,0,quality_controlled,0.05,0.05113636363636364,2,13756508776463839088,81,128,9,176,3.871792078324112,0.16540154854391925,9833.569838013453,15053.500532024627,24870.839513217474,-1214.1656859154562,18.53,19.94728051640123,25.0,5.13439237026466,9.256667999999996,12.24366783546107,12.24366783546107,13.633022225366389,43,69,6,67.0
product_sine_graph,gaussian_curvature,0,quality_controlled,0.05,0.05113636363636364,3,13913526024524439138,81,128,9,176,3.871792078324112,0.1653434232206023,9596.127376698878,14868.60644080825,24870.839513217474,-1457.335208333644,18.534000000000002,19.952192861938762,25.0,5.134435746637011,9.258651999999998,12.24366783546107,12.243667835461078,13.633022225366389,41,67,5,65.0
product_sine_graph,gaussian_curvature,0,quality_controlled,0.05,0.05113636363636364,4,3941655416160186148,81,128,9,176,3.871792078324112,0.16200567688247805,10037.390305838659,15207.93168255048,24870.839513217474,-920.1328600680308,18.522000000000002,19.943470109286398,25.0,5.134327600090196,9.252667999999996,12.2436678354611,13.633022225366389,13.633022225366389,42,69,6,69.0
product_sine_graph,gaussian_curvature,0,quality_controlled,0.05,0.05113636363636364,5,8287630119922906286,81,128,9,176,3.871792078324112,0.16364548738988166,9694.529044830131,14944.165901457902,24870.839513217474,-1314.4503450331651,18.534000000000002,19.95088970447183,25.0,5.134428535510448,9.258651999999998,12.24366783546107,12.2436678354611,13.633022225366389,40,65,5,63.0
product_sine_graph,gaussian_curvature,0,quality_controlled,0.05,0.05113636363636364,6,6592558013062460837,81,128,9,176,3.871792078324112,0.16054185191092216,10070.27493368462,15232.607643739892,24870.839513217474,-854.5188358072319,18.524,19.946227713530195,25.0,5.134349219284559,9.253655999999998,12.2436678354611,13.633022225366389,13.633022225366389,38,69,6,67.0
product_sine_graph,gaussian_curvature,0,quality_controlled,0.05,0.05113636363636364,7,18429336783775079384,81,128,9,176,3.871792078324112,0.16147932984083171,9935.06224057503,15127.69365249506,24870.839513217474,-1001.7584083484799,18.516000000000002,19.94021063078322,25.0,5.134277769003149,9.249679999999998,13.633022225366389,13.633022225366389,13.633022225366389,51,75,6,73.0
product_sine_graph,gaussian_curvature,0,quality_controlled,0.1,0.10227272727272728,0,15706954595566368651,81,128,18,176,3.871792078324112,0.16616068441515647,10296.202676066845,15411.390206405893,24870.839513217474,-783.4639774220926,18.532000000000004,19.944823889921917,25.0,5.134392514288711,9.257671999999998,12.24366783546107,12.243667835461078,13.633022225366389,51,65,6,63.0
product_sine_graph,gaussian_curvature,0,quality_controlled,0.1,0.10227272727272728,1,12942024347144207424,81,128,18,176,3.871792078324112,0.16434649793780198,9929.761590421494,15129.707328436714,24870.839513217474,-1119.0357172237254,18.542,19.955901382799027,25.0,5.134495568430453,9.262627999999998,12.24366783546107,12.24366783546107,13.633022225366389,45,59,7,53.0
product_sine_graph,gaussian_curvature,0,quality_controlled,0.1,0.10227272727272728,2,11575813009682954125,81,128,18,176,3.871792078324112,0.1658684482326748,10131.199334882316,15285.356731095237,24870.839513217474,-941.9618503027532,18.538000000000004,19.95038846739582,25.0,5.134449943240265,9.260659999999996,12.24366783546107,12.24366783546107,13.633022225366389,52,65,6,61.0
product_sine_graph,gaussian_curvature,0,quality_controlled,0.1,0.10227272727272728,3,6010284431954180876,81,128,18,176,3.871792078324112,0.16352527065452632,10526.635233377176,15583.626679346933,24870.839513217474,-498.6103493974211,18.532000000000004,19.94873429568904,25.0,5.134421210884822,9.257655999999997,12.24366783546107,12.2436678354611,13.633022225366389,41,63,7,63.0
product_sine_graph,gaussian_curvature,0,quality_controlled,0.1,0.10227272727272728,4,9179743684911293311,81,128,18,176,3.871792078324112,0.16100875159967767,10369.54627584216,15463.138767661534,24870.839513217474,-583.671907778071,18.544000000000004,19.95384674693078,25.0,5.13449358664474,9.263647999999998,12.24366783546107,12.2436678354611,13.633022225366389,49,65,6,55.0
product_sine_graph,gaussian_curvature,0,quality_controlled,0.1,0.10227272727272728,5,9639243279596257003,81,128,18,176,3.871792078324112,0.161535098641324,10464.89546159906,15536.33552819772,24870.839513217474,-508.3107434445878,18.538000000000004,19.95088970447183,25.0,5.134450160121915,9.260651999999997,12.24366783546107,12.243667835461078,13.633022225366389,44,61,6,59.0
product_sine_graph,gaussian_curvature,0,quality_controlled,0.1,0.10227272727272728,6,13200517485128889681,81,128,18,176,3.871792078324112,0.16469685944360055,10328.439499709044,15435.20173413198,24870.839513217474,-720.1701495033868,18.546,19.95379663121783,25.0,5.134507588856399,9.264667999999997,12.24366783546107,12.24366783546107,13.633022225366389,54,65,5,59.0
product_sine_graph,gaussian_curvature,0,quality_controlled,0.1,0.10227272727272728,7,11669384003899143757,81,128,18,176,3.871792078324112,0.16165399334710565,10068.695471589092,15232.855104565295,24870.839513217474,-889.4144612478412,18.520000000000003,19.943620533895043,25.0,5.134341943947243,9.251663999999996,12.24366783546107,12.618793520735506,13.633022225366389,50,71,6,69.0
product_sine_graph,gaussian_curvature,1,baseline,0.0,0.0,0,11541033895295310078,289,512,0,736,3.871792078324112,0.09979699122801114,1687.8556072456338,6063.983367405572,29391.95040750903,42.71746591119674,17.872,19.609181522949907,25.0,5.1180212572219705,8.927391999999996,9.874961397821242,9.874961397821242,9.874961397821352,42,81,4,77.0
product_sine_graph,gaussian_curvature,1,stress,0.05,0.050271739130434784,0,16590419366501749310,289,512,37,736,3.871792078324112,0.10032643849674806,1725.5814664342222,6094.173154346321,29391.95040750903,72.49256036990127,17.984,19.643624920059946,30.0,5.11843117691661,8.935008,4.950601636874662,6.762769036612915,9.874961397821242,89,109,14,99.0
product_sine_graph,gaussian_curvature,1,stress,0.05,0.050271739130434784,1,16571068566277387863,289,512,37,736,3.871792078324112,0.10214801897626925,1793.4009931338976,6236.12208524696,29391.95040750903,55.305499147385376,17.976000000000003,19.629161979055553,25.0,5.119551964028099,8.943247999999997,4.409256416404789,6.026963569658962,9.874961397821242,83,103,15,87.0
product_sine_graph,gaussian_curvature,1,stress,0.05,0.050271739130434784,2,9834161422048005563,289,512,37,736,3.871792078324112,0.1035125492395892,1811.062497850852,6271.2858988008265,29391.95040750903,1.690272306603596,18.004,19.632727777871317,25.0,5.120839222955546,8.957303999999997,4.4092564164047054,4.950601636874662,8.169725822183562,78,95,16,85.0
product_sine_graph,gaussian_curvature,1,stress,0.05,0.050271739130434784,3,18151353003177381705,289,512,37,736,3.871792078324112,0.1017290744790074,1773.4536928038876,6212.9753775364425,29391.95040750903,8.931408886990983,17.958,19.62391398268959,25.0,5.120177925170174,8.956355999999998,4.4092564164047054,6.718650453214239,9.874961397821242,76,97,14,83.0
product_sine_graph,gaussian_curvature,1,stress,0.05,0.050271739130434784,4,14400658649736868307,289,512,37,736,3.871792078324112,0.1011493247847618,1779.2472305766232,6207.6979679112565,29391.95040750903,60.51760934846937,17.968,19.635681806344287,29.0,5.119223715078679,8.936575999999999,4.950601636874662,6.762769036612861,9.874961397821242,80,103,17,97.0
product_sine_graph,gaussian_curvature,1,stress,0.05,0.050271739130434784,5,2691198151207176616,289,512,37,736,3.871792078324112,0.10202164070431526,1799.9911605724221,6243.664205662809,29391.95040750903,96.6962392797529,17.962,19.61789998955036,27.0,5.118561724362026,8.925419999999999,4.409256416404954,6.718650453214239,9.874961397821242,77,99,16,95.0
product_sine_graph,gaussian_curvature,1,stress,0.05,0.050271739130434784,6,9674790106160352323,289,512,37,736,3.871792078324112,0.103107004422964,1789.412995900049,6241.188965650148,29391.95040750903,10.485943964006776,17.958,19.623710148695125,25.0,5.120124731461135,8.954379999999997,4.409256416404789,6.026963569658902,9.874961397821242,76,97,17,89.0
product_sine_graph,gaussian_curvature,1,stress,0.05,0.050271739130434784,7,4056271992295577273,289,512,37,736,3.871792078324112,0.10317473734634929,1792.5442340753596,6255.626158508747,29391.95040750903,66.28637750176982,17.938000000000002,19.617594144033056,25.0,5.119851863978093,8.950355999999998,4.4092564164047054,5.069001449480908,9.874961397821242,77,91,13,83.0
product_sine_graph,gaussian_curvature,1,stress,0.1,0.10054347826086957,0,1699343880852073046,289,512,74,736,3.871792078324112,0.10672049535079395,1883.6256347121546,6395.975370720309,29391.95040750903,-77.75435418428644,18.09,19.680396337472473,30.0,5.122702894020691,8.992135999999999,4.409256416404789,4.468804390656696,6.718650453214299,99,107,18,97.0
product_sine_graph,gaussian_curvature,1,stress,0.1,0.10054347826086957,1,9521680328107885556,289,512,74,736,3.871792078324112,0.10422967921001271,1964.7701517944543,6544.850542803281,29391.95040750903,134.85505965465427,18.026000000000003,19.64632281115222,25.0,5.120952620243225,8.969471999999998,4.4092564164047054,4.95060163687467,6.762769036612915,92,107,20,87.0
product_sine_graph,gaussian_curvature,1,stress,0.1,0.10054347826086957,2,2874480737379073612,289,512,74,736,3.871792078324112,0.10387624319795187,1832.6634788835727,6266.395709222008,29391.95040750903,-44.47335024073317,18.112000000000002,19.683597232213426,31.0,5.120785814868648,8.994672000000001,4.409256416404789,4.950601636874662,6.762769036612915,116,129,22,105.0
product_sine_graph,gaussian_curvature,1,stress,0.1,0.10054347826086957,3,17484399576028682353,289,512,74,736,3.871792078324112,0.10647788458739813,1798.6520681848085,6234.150336404943,29391.95040750903,15.91448117812395,18.03,19.643268567119883,25.0,5.120570415265077,8.96302,4.4092564164047054,4.409256416404789,6.026963569658928,98,107,19,93.0
product_sine_graph,gaussian_curvature,1,stress,0.1,0.10054347826086957,4,2569615083518864151,289,512,74,736,3.871792078324112,0.10503895419153966,1838.48276426188,6283.603874899938,29391.95040750903,20.529278619148247,18.104,19.693856910214414,33.0,5.120644841917467,8.990528,4.409256416404789,4.9506016368745955,6.74291567408353,115,127,17,105.0
product_sine_graph,gaussian_curvature,1,stress,0.1,0.10054347826086957,5,11685003536905882009,289,512,74,736,3.871792078324112,0.10670979231121094,1893.7915205139213,6420.624402903622,29391.95040750903,99.90294962990603,18.012,19.638737230280363,26.0,5.120770880776444,8.961287999999998,4.4092564164047054,4.409256416404954,6.718650453214348,95,109,18,91.0
product_sine_graph,gaussian_curvature,1,stress,0.1,0.10054347826086957,6,1574051619268509553,289,512,74,736,3.871792078324112,0.10540840684926922,1895.0650752681217,6412.546359370974,29391.95040750903,59.06954480228637,18.066000000000003,19.66758754906153,27.0,5.1217144714566,8.981020000000001,4.4092564164047054,4.9506016368745955,6.762769036612861,90,105,19,95.0
product_sine_graph,gaussian_curvature,1,stress,0.1,0.10054347826086957,7,10281445329580074228,289,512,74,736,3.871792078324112,0.10423236738537842,1855.9006340551584,6330.58937864036,29391.95040750903,134.89130608710957,18.044,19.65929805461019,32.0,5.119480403947256,8.960624000000001,4.4092564164047054,4.9506016368745955,6.762769036612915,110,127,17,101.0
product_sine_graph,gaussian_curvature,1,quality_controlled,0.05,0.050271739130434784,0,15448153678227715715,289,512,37,736,3.871792078324112,0.09914252333445266,1693.204145206511,6035.194771841817,29391.95040750903,82.24143533627864,17.96,19.622232288911473,26.0,5.117611328532088,8.92296,9.874961397821242,9.874961397821242,9.874961397821352,90,111,12,93.0
product_sine_graph,gaussian_curvature,1,quality_controlled,0.05,0.050271739130434784,1,14939861004464005195,289,512,37,736,3.871792078324112,0.09990938298475453,1734.9031091586012,6108.7324245491045,29391.95040750903,91.09844631342375,18.006,19.641843090708164,27.0,5.118649292546615,8.945648,9.874961397821242,9.874961397821242,9.874961397821352,87,107,14,91.0
product_sine_graph,gaussian_curvature,1,quality_controlled,0.05,0.050271739130434784,2,8434875654885587328,289,512,37,736,3.871792078324112,0.09933162864109454,1731.6028998344505,6108.427511049737,29391.95040750903,86.06329348546704,17.958000000000002,19.61310786183567,26.0,5.11769634178113,8.922272,9.874961397821242,9.874961397821242,9.874961397821352,87,111,13,89.0
product_sine_graph,gaussian_curvature,1,quality_controlled,0.05,0.050271739130434784,3,5691465719148662536,289,512,37,736,3.871792078324112,0.09944826705727533,1729.287579542067,6102.370110274905,29391.95040750903,57.187818327149444,18.012,19.644948460100373,26.0,5.1190239253763945,8.940864,9.874961397821242,9.874961397821242,9.874961397821352,92,109,13,91.0
product_sine_graph,gaussian_curvature,1,quality_controlled,0.05,0.050271739130434784,4,9908143542731831251,289,512,37,736,3.871792078324112,0.0990032019770619,1697.6272523638563,6055.462225928541,29391.95040750903,76.71993256538835,17.936,19.609793471630447,25.0,5.117821969055193,8.919215999999997,9.874961397821242,9.874961397821242,9.874961397821352,76,95,13,87.0
product_sine_graph,gaussian_curvature,1,quality_controlled,0.05,0.050271739130434784,5,12271655286075194328,289,512,37,736,3.871792078324112,0.09947084204081995,1734.976384912747,6132.165197183363,29391.95040750903,109.26036625679697,17.932000000000002,19.606937547715095,25.0,5.118001427970097,8.923247999999997,9.874961397821242,9.874961397821242,9.874961397821352,77,99,13,85.0
product_sine_graph,gaussian_curvature,1,quality_controlled,0.05,0.050271739130434784,6,47734169440579928,289,512,37,736,3.871792078324112,0.09865069334918679,1665.0865093000477,5990.7186845572005,29391.95040750903,8.95987510769438,17.974000000000004,19.632880583347927,25.0,5.118895977966338,8.934179999999996,9.874961397821242,9.874961397821242,9.874961397821352,77,97,12,83.0
product_sine_graph,gaussian_curvature,1,quality_controlled,0.05,0.050271739130434784,7,10872403403472711420,289,512,37,736,3.871792078324112,0.09856745854803046,1665.6152494344326,5982.136442992908,29391.95040750903,60.989619708521126,17.94,19.61530015064771,26.0,5.116965900374943,8.911200000000001,9.874961397821242,9.874961397821242,9.874961397821352,87,109,10,95.0
product_sine_graph,gaussian_curvature,1,quality_controlled,0.1,0.10054347826086957,0,15836903849906909181,289,512,74,736,3.871792078324112,0.09846698406657281,1716.8545435268975,6059.28654799266,29391.95040750903,92.03676430898696,18.04,19.651259501619737,30.0,5.117963592717708,8.950144,9.874961397821242,9.874961397821242,9.874961397821352,107,117,15,105.0
product_sine_graph,gaussian_curvature,1,quality_controlled,0.1,0.10054347826086957,1,14709611030600768845,289,512,74,736,3.871792078324112,0.09947050931761406,1777.0367670815203,6160.590694626123,23806.73659543718,149.83863109114913,18.096,19.684816483777542,32.0,5.118724115946079,8.977376000000001,9.874961397821242,9.874961397821242,9.874961397821352,109,127,16,99.0
product_sine_graph,gaussian_curvature,1,quality_controlled,0.1,0.10054347826086957,2,5893683604548617390,289,512,74,736,3.871792078324112,0.10032971898067791,1757.618406216118,6129.839800104068,29391.95040750903,77.36406623545025,18.098000000000003,19.692282752388053,31.0,5.119465673396,8.97864,9.874961397821242,9.874961397821242,9.874961397821352,110,123,18,103.0
product_sine_graph,gaussian_curvature,1,quality_controlled,0.1,0.10054347826086957,3,8581241665355575882,289,512,74,736,3.871792078324112,0.09888762921691192,1763.8412731218807,6109.359347976352,29391.95040750903,110.62032066279569,18.116,19.719229193860496,37.0,5.117822838337407,8.987184000000001,9.874961397821242,9.874961397821242,9.874961397821352,122,143,18,117.0
product_sine_graph,gaussian_curvature,1,quality_controlled,0.1,0.10054347826086957,4,1550119634749834221,289,512,74,736,3.871792078324112,0.0980818727987637,1713.145098197034,6049.725442345616,29391.95040750903,17.666704902201793,18.062,19.66636722935886,29.0,5.1190925165548595,8.959264000000001,9.874961397821242,9.874961397821242,9.874961397821352,101,117,15,101.0
product_sine_graph,gaussian_curvature,1,quality_controlled,0.1,0.10054347826086957,5,13804412299911547227,289,512,74,736,3.871792078324112,0.09860232764393356,1722.6662680054542,6051.788828479648,29391.95040750903,68.09994265435814,18.09,19.68181902162501,32.0,5.118405181506438,8.974592,9.874961397821242,9.874961397821242,9.874961397821352,108,123,18,105.0
product_sine_graph,gaussian_curvature,1,quality_controlled,0.1,0.10054347826086957,6,14747338949714613413,289,512,74,736,3.871792078324112,0.09886445091634503,1733.3149228981238,6070.2402916907595,29391.95040750903,79.02070568438278,18.088,19.686746810989366,35.0,5.11790208729475,8.971488000000003,9.874961397821242,9.874961397821242,9.874961397821352,121,137,19,111.0
product_sine_graph,gaussian_curvature,1,quality_controlled,0.1,0.10054347826086957,7,7155985906899731394,289,512,74,736,3.871792078324112,0.09931100211521435,1740.5683548933466,6106.906276713207,29391.95040750903,96.05834461484936,18.058,19.664638313480367,30.0,5.118748975983093,8.961216,9.874961397821242,9.874961397821242,9.874961397821352,116,145,16,111.0
product_sine_graph,gaussian_curvature,2,baseline,0.0,0.0,0,14937214280228782480,1089,2048,0,3008,3.871792078324112,0.05273582244373537,257.6416082484864,2124.6725362730613,47476.39398467526,24.022986719967665,15.246000000000002,18.119437077348735,25.0,4.866102595665649,7.68094399999998,9.156456042400311,9.156456042400311,9.186804082658096,31,81,5,81.0
product_sine_graph,gaussian_curvature,2,stress,0.05,0.049867021276595744,0,15977425234185875005,1089,2048,150,3008,3.871792078324112,0.05478695598596747,307.1607617578001,2295.8475284671667,47476.39398467526,20.95601464135519,15.722000000000001,18.16870936527964,29.0,4.889483170334464,7.713251999999987,4.090792888586786,4.419268679132962,9.156456042400311,159,199,20,109.0
product_sine_graph,gaussian_curvature,2,stress,0.05,0.049867021276595744,1,4833376617780708161,1089,2048,150,3008,3.871792078324112,0.05433204440648056,299.99481432423767,2224.372399020263,47476.39398467526,22.49129455160972,15.860000000000001,18.22745182410312,33.0,4.863409217394724,7.586880000000015,4.090792888586786,4.577276517209331,9.156456042400311,153,191,22,121.0
product_sine_graph,gaussian_curvature,2,stress,0.05,0.049867021276595744,2,4501206050830856744,1089,2048,150,3008,3.871792078324112,0.05470837597225882,279.43644727842184,2182.9587044221344,47476.39398467526,16.61736435171266,15.612000000000002,18.191206666958628,30.0,4.892583475467327,7.764071999999987,4.090792888586786,4.40089547959913,9.156456042400311,139,173,19,103.0
product_sine_graph,gaussian_curvature,2,stress,0.05,0.049867021276595744,3,6657972078226504557,1089,2048,150,3008,3.871792078324112,0.05436385154941374,297.6036079004539,2240.483427898704,47476.39398467526,28.05761328312496,15.624000000000002,18.12721710577771,30.0,4.873341672129296,7.635055999999987,4.090792888586786,4.57727651720941,9.156456042400311,158,195,25,109.0
product_sine_graph,gaussian_curvature,2,stress,0.05,0.049867021276595744,4,8120099859038321971,1089,2048,150,3008,3.871792078324112,0.05435418064840772,289.72909330278395,2184.3513722806324,47476.39398467526,26.984859196439295,15.734000000000002,18.24724636760298,40.0,4.864513058561973,7.581615999999981,4.090792888586876,4.419268679132923,9.156456042400311,147,187,18,131.0
product_sine_graph,gaussian_curvature,2,stress,0.05,0.049867021276595744,5,200188807110532461,1089,2048,150,3008,3.871792078324112,0.053978876437562225,299.2272770215292,2250.0272276132728,47476.39398467526,17.451143085669795,15.71,18.215652609774924,42.0,4.881022269106335,7.653419999999986,4.232153508442385,4.8800870200245114,9.156456042400391,168,211,29,131.0
product_sine_graph,gaussian_curvature,2,stress,0.05,0.049867021276595744,6,14375633098011406620,1089,2048,150,3008,3.871792078324112,0.05412307072346662,300.59892206441873,2245.514316084412,47476.39398467526,18.77113831352092,15.720000000000002,18.150592276837692,41.0,4.879439578866404,7.625783999999988,4.090792888586786,4.827868102407544,9.156456042400391,154,189,22,133.0
product_sine_graph,gaussian_curvature,2,stress,0.05,0.049867021276595744,7,17192304867969855233,1089,2048,150,3008,3.871792078324112,0.05472918975774073,297.18641653167435,2245.6179948922163,47476.39398467526,20.065132207053757,15.708000000000002,18.171956416412627,32.0,4.87933185320121,7.651503999999981,4.090792888586786,4.457352878578453,9.156456042400311,164,197,18,113.0
product_sine_graph,gaussian_curvature,2,stress,0.1,0.10006648936170212,0,18082451772912230935,1089,2048,301,3008,3.871792078324112,0.05688546203680922,340.06156800143333,2336.2488374694813,47476.39398467526,17.38137417524031,16.310000000000002,18.53499393040095,59.0,4.892256298564083,7.813828000000008,4.090792888586786,4.247603377162065,5.727957092516219,241,269,37,179.0
product_sine_graph,gaussian_curvature,2,stress,0.1,0.10006648936170212,1,13285101569895000972,1089,2048,301,3008,3.871792078324112,0.056141839250154806,313.3475791338964,2257.9872922224367,47476.39398467526,11.153011924619044,16.038000000000004,18.41841469833927,57.0,4.902737442168402,7.752216000000008,4.090792888586876,4.419268679132923,5.857125727612483,242,267,32,167.0
product_sine_graph,gaussian_curvature,2,stress,0.1,0.10006648936170212,2,3714812087215496567,1089,2048,301,3008,3.871792078324112,0.05683366148001706,333.471223301504,2333.6999297903512,47476.39398467526,13.6444108976721,16.092000000000002,18.36300628982085,51.0,4.888579115347112,7.7244960000000145,4.090792888586786,4.247603377162065,5.619273842563811,259,283,32,163.0
product_sine_graph,gaussian_curvature,2,stress,0.1,0.10006648936170212,3,3489340269455633146,1089,2048,301,3008,3.871792078324112,0.05656230635572885,322.00971897563215,2325.554123704199,47476.39398467526,12.372022068875317,15.880000000000003,18.254752805776366,45.0,4.902184529288953,7.78064,4.090792888586786,4.247603377162065,5.727957092516219,256,281,27,135.0
product_sine_graph,gaussian_curvature,2,stress,0.1,0.10006648936170212,4,14363015409296400138,1089,2048,301,3008,3.871792078324112,0.05626197068640695,334.428464774813,2345.3104158880305,47476.39398467526,31.120408435268082,16.036,18.447113595356864,55.0,4.8966530779396615,7.737264000000009,4.090792888586786,4.3869143216379,5.676306957992119,274,301,32,159.0
product_sine_graph,gaussian_curvature,2,stress,0.1,0.10006648936170212,5,8578059441806745038,1089,2048,301,3008,3.871792078324112,0.056275663726614515,322.818792856625,2337.015969579944,47476.39398467526,19.474711414659673,15.896,18.31589473653963,55.0,4.892236663138851,7.687040000000007,4.090792888586786,4.313079521065799,5.727957092516263,233,267,35,161.0
product_sine_graph,gaussian_curvature,2,stress,0.1,0.10006648936170212,6,11066735809816720146,1089,2048,301,3008,3.871792078324112,0.056306633284205196,343.4406411661039,2397.0320523271025,47476.39398467526,10.163403860085374,16.21,18.420912029538606,51.0,4.910602085625749,7.782952000000014,4.090792888586786,4.247603377162065,5.737740998936074,240,269,35,153.0
product_sine_graph,gaussian_curvature,2,stress,0.1,0.10006648936170212,7,13312129245904615590,1089,2048,301,3008,3.871792078324112,0.05641756757146288,339.7550060322164,2363.9327678113336,47476.39398467526,30.443152453447375,16.070000000000004,18.345626181736073,47.0,4.89466668038672,7.722932000000009,4.090792888586786,4.247603377162065,5.67630695799199,230,253,31,147.0
product_sine_graph,gaussian_curvature,2,quality_controlled,0.05,0.049867021276595744,0,3617527728265725779,1089,2048,150,3008,3.871792078324112,0.05223173239703789,273.51886197541535,2127.320544550991,47476.39398467526,26.76598249595187,15.494,18.150537182133206,41.0,4.856248862103337,7.620531999999987,9.156456042400311,9.156456042400348,9.233727952814498,149,183,21,129.0
product_sine_graph,gaussian_curvature,2,quality_controlled,0.05,0.049867021276595744,1,4918236153275339420,1089,2048,150,3008,3.871792078324112,0.05254894235456119,290.9690187248971,2186.6032567032385,47476.39398467526,29.733687449218706,15.506000000000002,18.088172931504168,41.0,4.853723577529314,7.530823999999986,9.156456042400311,9.156456042400391,9.186804082658096,155,187,17,131.0
product_sine_graph,gaussian_curvature,2,quality_controlled,0.05,0.049867021276595744,2,11259267343045318670,1089,2048,150,3008,3.871792078324112,0.052467744007861146,299.25493527265246,2173.3280540941405,47476.39398467526,22.623803950073754,16.004,18.383797213851118,48.0,4.832999108071919,7.578016000000014,9.156456042400311,9.156456042400391,9.186804082658096,188,231,23,155.0
product_sine_graph,gaussian_curvature,2,quality_controlled,0.05,0.049867021276595744,3,16217678747438957724,1089,2048,150,3008,3.871792078324112,0.052353474449412456,286.8313176315897,2145.712085718289,47476.39398467526,28.751174871344524,15.640000000000002,18.089333873860586,42.0,4.834363073828853,7.485760000000013,9.156456042400311,9.156456042400391,9.186804082658096,175,217,19,135.0
product_sine_graph,gaussian_curvature,2,quality_controlled,0.05,0.049867021276595744,4,16714049375354359425,1089,2048,150,3008,3.871792078324112,0.05236981273309819,280.13754247717003,2161.1569231577596,47476.39398467526,24.531320025315527,15.524000000000001,18.1512534002476,41.0,4.864674806190437,7.656047999999988,9.156456042400311,9.156456042400391,9.233727952814471,151,191,19,129.0
product_sine_graph,gaussian_curvature,2,quality_controlled,0.05,0.049867021276595744,5,2510612274483906106,1089,2048,150,3008,3.871792078324112,0.052603109473342624,291.573407745672,2198.379046828298,47476.39398467526,22.909236552146265,15.644000000000002,18.16898456160938,40.0,4.859569139620504,7.620439999999987,9.156456042400311,9.156456042400348,9.186804082658096,149,193,22,129.0
product_sine_graph,gaussian_curvature,2,quality_controlled,0.05,0.049867021276595744,6,5318742666192343132,1089,2048,150,3008,3.871792078324112,0.05246256012287234,299.72319194933044,2169.955416844364,47476.39398467526,27.99399668940341,15.804000000000002,18.235459961295195,51.0,4.822280140521076,7.520416000000016,9.156456042400311,9.156456042400391,9.186804082658096,187,227,18,161.0
product_sine_graph,gaussian_curvature,2,quality_controlled,0.05,0.049867021276595744,7,4695248212989435333,1089,2048,150,3008,3.871792078324112,0.052483041636277,295.8203791223855,2198.823625438443,47476.39398467526,21.8570196919954,15.778000000000002,18.294862666880015,55.0,4.858939094657594,7.591019999999987,9.156456042400311,9.156456042400391,9.186804082658096,178,229,27,159.0
product_sine_graph,gaussian_curvature,2,quality_controlled,0.1,0.10006648936170212,0,17639642419417309119,1089,2048,301,3008,3.871792078324112,0.051837736250135324,306.74260512790835,2170.6191978081415,47476.39398467526,15.621597841034413,16.164,18.54216815801216,63.0,4.858760572481831,7.723936000000016,9.156456042400311,9.156456042400391,9.489585028370938,258,291,28,179.0
product_sine_graph,gaussian_curvature,2,quality_controlled,0.1,0.10006648936170212,1,2175394824898873994,1089,2048,301,3008,3.871792078324112,0.05193568706060618,299.79345610542026,2165.737813564095,47476.39398467526,20.674565070635943,15.880000000000003,18.326265304202057,60.0,4.842173693168798,7.5911840000000135,9.156456042400311,9.156456042400391,9.320872283104979,251,297,27,173.0
product_sine_graph,gaussian_curvature,2,quality_controlled,0.1,0.10006648936170212,2,18272313587731482568,1089,2048,301,3008,3.871792078324112,0.05201864986814545,320.62901477504744,2213.0486114743517,47476.39398467526,22.886086162656152,16.126,18.515993087058554,67.0,4.852372067979121,7.679576000000016,9.156456042400311,9.156456042400391,9.48958502837095,287,343,26,187.0
product_sine_graph,gaussian_curvature,2,quality_controlled,0.1,0.10006648936170212,3,2039285810199772937,1089,2048,301,3008,3.871792078324112,0.05193596587662507,311.71600672560726,2192.540814137347,47476.39398467526,15.328543760224658,16.208000000000002,18.58849106302069,65.0,4.853099528758087,7.693088000000015,9.156456042400311,9.156456042400391,9.320872283104952,279,319,30,185.0
product_sine_graph,gaussian_curvature,2,quality_controlled,0.1,0.10006648936170212,4,16206745136872665079,1089,2048,301,3008,3.871792078324112,0.05196042342211127,324.8515432288101,2205.8844299680372,47476.39398467526,21.301290579758376,16.394000000000002,18.630136875503627,65.0,4.846504390680767,7.743816000000012,9.156456042400311,9.156456042400391,9.489585028370938,258,297,31,193.0
product_sine_graph,gaussian_curvature,2,quality_controlled,0.1,0.10006648936170212,5,2715283570242861061,1089,2048,301,3008,3.871792078324112,0.05204986850020121,327.524549473728,2261.227482363369,47476.39398467526,25.47559481110731,16.230000000000004,18.585101560120677,70.0,4.848088704976423,7.719320000000015,9.156456042400311,9.156456042400391,9.489585028370938,288,325,28,197.0
product_sine_graph,gaussian_curvature,2,quality_controlled,0.1,0.10006648936170212,6,14866470212775459044,1089,2048,301,3008,3.871792078324112,0.05167858950807678,312.4297610299104,2218.126996613731,47476.39398467526,38.33923123366526,15.782000000000004,18.307648674802564,63.0,4.828995834828601,7.526776000000016,9.156456042400311,9.156456042400391,9.320872283104952,273,317,21,175.0
product_sine_graph,gaussian_curvature,2,quality_controlled,0.1,0.10006648936170212,7,7160388590355656537,1089,2048,301,3008,3.871792078324112,0.051893769011754846,317.3573443003069,2203.9442515314317,47476.39398467526,17.289180119958313,16.244,18.602902999263318,68.0,4.851532507308588,7.726144000000014,9.156456042400311,9.156456042400391,9.320872283104952,285,329,28,191.0
product_sine_graph,gaussian_curvature,3,baseline,0.0,0.0,0,12508358416414434777,4225,8192,0,12160,3.871792078324112,0.026814243816187557,41.784012432224706,932.8746966432764,119814.16829334016,11.809416128741084,9.602,14.261907305826947,25.0,3.6098510767365397,5.055935999999991,8.987786216446077,8.989479984194292,9.15811809257834,35,81,5,81.0
product_sine_graph,gaussian_curvature,3,stress,0.05,0.05,0,17829797218934194313,4225,8192,608,12160,3.871792078324112,0.027901440486443125,69.96126323098845,995.9852280945132,119814.16829334016,9.220891497888145,11.062000000000001,14.448875388762962,26.0,3.570206924507314,4.847199999999982,4.016679882319944,4.416418399481751,7.408405704382964,612,657,39,155.0
product_sine_graph,gaussian_curvature,3,stress,0.05,0.05,1,9024708795151513123,4225,8192,608,12160,3.871792078324112,0.027822465212360464,71.55669040791544,1000.6692823467112,119814.16829334016,9.958795314911685,11.324000000000002,14.462088369250134,25.0,3.456772043793453,4.6517599999999835,4.016679882319944,4.439738116034806,7.928623014355806,605,655,42,149.0
product_sine_graph,gaussian_curvature,3,stress,0.05,0.05,2,14625962702583810282,4225,8192,608,12160,3.871792078324112,0.027882693375878977,72.98232359675356,1018.3989815219121,119814.16829334016,8.982023270983046,11.82,14.838463532320318,38.0,3.5548375543284636,4.867111999999982,4.016679882319762,4.416359523279435,7.604215972957472,585,647,36,147.0
product_sine_graph,gaussian_curvature,3,stress,0.05,0.05,3,14294949213430059291,4225,8192,608,12160,3.871792078324112,0.027976558420423982,72.20125175151652,1010.8776499369247,119814.16829334016,8.492671165711425,11.116,14.401805442374231,25.0,3.563328016582248,4.817639999999983,4.016679882319944,4.347075446524127,7.080643155892068,658,707,37,141.0
product_sine_graph,gaussian_curvature,3,stress,0.05,0.05,4,9027628266068823475,4225,8192,608,12160,3.871792078324112,0.02790291543262213,64.83860300426397,927.5388395374271,119814.16829334016,10.490477447575225,10.614,14.362659920780692,25.0,3.6666750244950763,5.0991599999999835,4.016679882319762,4.416418399481834,7.493624160328572,640,689,36,151.0
product_sine_graph,gaussian_curvature,3,stress,0.05,0.05,5,17559911280224700840,4225,8192,608,12160,3.871792078324112,0.027801220918310138,70.82170363330704,995.5322311019498,119814.16829334016,9.558725354141826,10.926,14.34510369429235,25.0,3.5295907951409875,4.777519999999985,4.016679882319762,4.423731636230471,8.711290900327748,657,713,37,153.0
product_sine_graph,gaussian_curvature,3,stress,0.05,0.05,6,16923374287371067592,4225,8192,608,12160,3.871792078324112,0.02776365427917028,71.49304547917076,1007.0112510637692,119814.16829334016,9.306998307646811,10.778,14.497930886854165,41.0,3.6498048146376196,4.984155999999984,4.016679882320125,4.464856659497567,8.454808842907832,637,699,41,147.0
product_sine_graph,gaussian_curvature,3,stress,0.05,0.05,7,2553583226279853745,4225,8192,608,12160,3.871792078324112,0.0277973921265249,70.25120501556583,960.0888439889478,119814.16829334016,11.651082569763531,11.138000000000002,14.695645613582277,30.0,3.4568366188930533,4.66091999999999,4.021462148363639,4.439738116034791,8.256445715679659,718,775,36,177.0
product_sine_graph,gaussian_curvature,3,stress,0.1,0.1,0,15079096316336812777,4225,8192,1216,12160,3.871792078324112,0.02906592211319284,96.14274049110806,1083.6363089003032,119814.16829334016,5.188048456862188,11.838000000000001,14.900939567691697,73.0,3.569486789696239,5.009824000000004,4.016679882319762,4.2268771975699515,5.103821205037081,1042,1111,54,213.0
product_sine_graph,gaussian_curvature,3,stress,0.1,0.1,1,17681131895564023986,4225,8192,1216,12160,3.871792078324112,0.02885603903408195,95.04138185320622,1025.5724237103711,119814.16829334016,9.194197403066344,12.434000000000001,15.539691116621334,67.0,3.377455772679779,4.799072000000003,4.016679882319762,4.245738020998617,5.244434812664885,1094,1167,64,221.0
product_sine_graph,gaussian_curvature,3,stress,0.1,0.1,2,4867023407049145896,4225,8192,1216,12160,3.871792078324112,0.02881589152645425,97.16324319524026,1069.6004221316616,119814.16829334016,5.042473725892373,12.762,15.897861491408209,85.0,3.7155472367305413,5.272296000000002,4.021462148363639,4.284678214965345,5.223305354437038,1142,1221,49,255.0
product_sine_graph,gaussian_curvature,3,stress,0.1,0.1,3,11231666655993964680,4225,8192,1216,12160,3.871792078324112,0.028688826421281257,94.86253249992308,1081.1176330090045,119814.16829334016,8.80790405241265,11.942000000000002,15.048388618054759,77.0,3.350848671866866,4.750791999999997,4.016679882319762,4.2268771975699515,5.536484137522176,1120,1201,59,253.0
product_sine_graph,gaussian_curvature,3,stress,0.1,0.1,4,4956909768883778221,4225,8192,1216,12160,3.871792078324112,0.028807823180052677,89.0881052528804,1033.8748132003743,119814.16829334016,11.007439927553703,11.662000000000003,15.141136020787874,92.0,3.4480061564712954,4.637484000000006,4.016679882319762,4.281341479562895,5.211584694159378,1038,1095,52,245.0
product_sine_graph,gaussian_curvature,3,stress,0.1,0.1,5,9968884913168515094,4225,8192,1216,12160,3.871792078324112,0.02886878605553487,94.36588809872998,1062.3991705402527,119814.16829334016,5.829658530785585,12.450000000000001,15.543551717673797,72.0,3.7301869175932696,5.173460000000009,4.016679882319762,4.247603377162065,5.223305354437038,1120,1189,48,231.0
product_sine_graph,gaussian_curvature,3,stress,0.1,0.1,6,3247148212157578763,4225,8192,1216,12160,3.871792078324112,0.028690183915515435,97.42642440283474,1088.3677466314582,119814.16829334016,6.628253676158354,12.488000000000001,15.77910010108308,90.0,3.770815701590303,5.349712000000009,4.016679882319944,4.325591520550746,5.606936489731409,1034,1085,52,267.0
product_sine_graph,gaussian_curvature,3,stress,0.1,0.1,7,4570810667811268503,4225,8192,1216,12160,3.871792078324112,0.02871344113912421,97.08901754249365,1071.6466945511002,119814.16829334016,9.460166737441948,12.600000000000001,15.738869082624712,92.0,3.568897739997602,5.00872000000001,4.016679882319944,4.345141893186523,5.536484137522176,1071,1133,57,261.0
product_sine_graph,gaussian_curvature,3,quality_controlled,0.05,0.05,0,8819989177149331295,4225,8192,608,12160,3.871792078324112,0.026682134728654494,88.7704340050976,993.978824653673,119814.16829334016,8.974250873640983,11.74,14.746389388592721,37.0,3.6876846273096593,5.255344000000017,8.987786216446077,8.989479984194292,9.158118092578379,777,861,47,203.0
product_sine_graph,gaussian_curvature,3,quality_controlled,0.05,0.05,1,6094337352119495481,4225,8192,608,12160,3.871792078324112,0.026614858576662,80.72740255078897,1034.3478440767688,119814.16829334016,9.421958399340852,11.498000000000001,14.615813354035417,54.0,3.5460356886540194,4.821420000000015,8.987786216446077,8.989479984194292,9.158118092578379,701,775,46,181.0
product_sine_graph,gaussian_curvature,3,quality_controlled,0.05,0.05,2,1459297921133039080,4225,8192,608,12160,3.871792078324112,0.026660097126592442,87.76824629230669,1090.1730509191104,119814.16829334016,9.044647482421725,12.188,15.241522233687816,44.0,3.536289490611303,4.889695999999999,8.987786216446077,8.989479984194292,9.158118092578379,748,813,50,205.0
product_sine_graph,gaussian_curvature,3,quality_controlled,0.05,0.05,3,518421928051077618,4225,8192,608,12160,3.871792078324112,0.026689809208173453,85.289331889593,1047.2910179189687,119814.16829334016,9.417355452581491,11.840000000000002,14.99679965859383,36.0,3.5879092204212713,4.893056000000015,8.987786216446077,8.989479984194292,9.158118092578379,739,831,53,183.0
product_sine_graph,gaussian_curvature,3,quality_controlled,0.05,0.05,4,3032617448201232616,4225,8192,608,12160,3.871792078324112,0.02672372906053692,79.9181493165138,1062.5562415737531,119814.16829334016,10.753569706213991,11.312000000000001,14.903288227770409,50.0,3.573432892211069,4.885007999999983,8.987786216446077,8.989479984194292,9.158118092578379,691,765,49,191.0
product_sine_graph,gaussian_curvature,3,quality_controlled,0.05,0.05,5,12042831167606354733,4225,8192,608,12160,3.871792078324112,0.026677160082919198,87.16124932647713,1035.1042258077664,119814.16829334016,11.200300270334036,11.474,14.661718862398093,44.0,3.595728161096718,5.018740000000015,8.987786216446077,8.989479984194292,9.158118092578421,723,789,56,173.0
product_sine_graph,gaussian_curvature,3,quality_controlled,0.05,0.05,6,4399573001099148694,4225,8192,608,12160,3.871792078324112,0.026686426757025993,89.07744144412764,1090.242147713242,119814.16829334016,7.454492842776215,11.754000000000001,14.592669392540898,42.0,3.325427559319249,4.655160000000004,8.987786216446077,8.989479984194292,9.158118092578421,781,869,53,197.0
product_sine_graph,gaussian_curvature,3,quality_controlled,0.05,0.05,7,14275414212782693390,4225,8192,608,12160,3.871792078324112,0.026721657521304527,85.53814950125071,1041.1034855277026,119814.16829334016,11.28494652858467,12.258000000000001,15.195986312181255,39.0,3.5996716183285296,4.818371999999984,8.987786216446077,8.989479984194292,9.158118092578379,770,845,49,195.0
product_sine_graph,gaussian_curvature,3,quality_controlled,0.1,0.1,0,15638339915981053313,4225,8192,1216,12160,3.871792078324112,0.026509917781010313,107.20541769874373,1069.986563507734,119814.16829334016,10.262936710864253,12.724,16.31343005011515,111.0,3.549540435191007,5.104848,8.987786216446077,8.989479984194332,9.158249924670384,1141,1247,64,321.0
product_sine_graph,gaussian_curvature,3,quality_controlled,0.1,0.1,1,2453820191725110376,4225,8192,1216,12160,3.871792078324112,0.026452239262368657,117.98082140110931,1103.7545512346885,119814.16829334016,2.273102245920854,14.126000000000001,17.44712010619518,118.0,3.628132400423111,5.6625200000000016,8.987786216446077,8.989479984194332,9.158249924670304,1134,1249,74,357.0
product_sine_graph,gaussian_curvature,3,quality_controlled,0.1,0.1,2,12264674709235953857,4225,8192,1216,12160,3.871792078324112,0.026444003568693895,108.99760369308999,1118.1579408370908,119814.16829334016,8.268731643836958,12.722000000000003,16.258597725511265,122.0,3.5504289875957227,5.153176000000012,8.987786216446077,8.989479984194332,9.158249924670345,1096,1195,66,335.0
product_sine_graph,gaussian_curvature,3,quality_controlled,0.1,0.1,3,15291562567846689567,4225,8192,1216,12160,3.871792078324112,0.026516710126766298,115.18034876802561,1182.8011970091384,119814.16829334016,4.9354052891278055,13.584000000000001,16.893075504478162,103.0,3.776799839703443,5.600912000000001,8.987786216446077,8.989479984194332,9.158249924670345,1137,1267,69,303.0
product_sine_graph,gaussian_curvature,3,quality_controlled,0.1,0.1,4,979853099890795642,4225,8192,1216,12160,3.871792078324112,0.026477867447624447,107.20442619949151,1057.1947103554128,119814.16829334016,6.724685900069515,13.308,16.81023497753675,117.0,3.6263680584871665,5.370432000000008,8.987786216446077,8.989479984194332,9.158249924670345,1125,1211,64,315.0
product_sine_graph,gaussian_curvature,3,quality_controlled,0.1,0.1,5,12298891635988860751,4225,8192,1216,12160,3.871792078324112,0.026501591605822935,115.26853229556727,1138.1685950999513,119814.16829334016,2.116379234351431,12.682,16.094533233368402,119.0,3.8183579251851123,5.711796000000005,8.987786216446077,8.989479984194373,9.158249924670304,1155,1251,62,337.0
product_sine_graph,gaussian_curvature,3,quality_controlled,0.1,0.1,6,9638203023337720452,4225,8192,1216,12160,3.871792078324112,0.02645006994139802,115.76221807975242,1124.2541024629209,119814.16829334016,5.728035910632244,13.372,17.115256352155527,136.0,3.5034618291192987,5.2818719999999955,8.987786216446077,8.989479984194292,9.158249924670384,1146,1227,71,357.0
product_sine_graph,gaussian_curvature,3,quality_controlled,0.1,0.1,7,14368512827822535465,4225,8192,1216,12160,3.871792078324112,0.026441885583388926,117.44411652141378,1086.0893242210436,119814.16829334016,5.891220956718448,13.638000000000002,17.204127411757916,121.0,3.5708614424365397,5.403740000000006,8.987786216446077,8.989479984194373,9.158249924670384,1135,1237,75,329.0
product_sine_graph,mean_curvature,0,baseline,0.0,0.0,0,638469665625046245,81,128,0,176,3.871792078324112,0.16294447684196148,36.162806935536295,70.90149245072399,145.56414533906513,0.15513683311147197,9.489999999999998,13.506220788954986,56.0,2.3098608089995345,4.744999999999996,13.633022225366389,13.633022225366389,13.633022225366389,16,21,5,15.0
product_sine_graph,mean_curvature,0,stress,0.05,0.05113636363636364,0,17033729845879757108,81,128,9,176,3.871792078324112,0.16218166241832577,36.41384991965974,70.8859440652658,145.62734313100157,-0.3930660377835764,9.549999999999997,13.521760240442063,56.0,2.312934252345272,4.772999999999996,12.24366783546107,12.243667835461078,13.633022225366389,25,27,9,17.0
product_sine_graph,mean_curvature,0,stress,0.05,0.05113636363636364,1,3194410501822508601,81,128,9,176,3.871792078324112,0.1619475515591611,36.289470339428,70.85335479038783,145.6220811269286,0.3257657410333952,9.511999999999997,13.534548385520656,56.0,2.3118770661572774,4.753567999999993,12.24366783546107,12.618793520735528,13.633022225366389,28,31,10,23.0
product_sine_graph,mean_curvature,0,stress,0.05,0.05113636363636364,2,4651275779571262870,81,128,9,176,3.871792078324112,0.16165531537667943,36.63537395402926,70.84950055134,145.6220811269286,1.5579695642215592,9.499999999999996,13.507479409571566,56.0,2.309892250771881,4.749999999999997,12.24366783546107,12.618793520735528,13.633022225366389,23,27,10,19.0
product_sine_graph,mean_curvature,0,stress,0.05,0.05113636363636364,3,18186320754936863756,81,128,9,176,3.871792078324112,0.16311914034823535,36.81518446503557,70.94696993313013,145.6220811269286,-0.13653964643848227,9.535999999999998,13.545774248820177,56.0,2.312611570691452,4.7659999999999965,12.2436678354611,12.618793520735528,13.633022225366389,26,29,12,19.0
product_sine_graph,mean_curvature,0,stress,0.05,0.05113636363636364,4,16978040740796777398,81,128,9,176,3.871792078324112,0.16709948437463984,37.06490682067838,71.27875790999352,145.6220811269286,0.8149613253280178,9.503999999999998,13.50318480951808,56.0,2.3095788858335164,4.751999999999997,12.24366783546107,12.243667835461078,13.633022225366389,28,31,13,19.0
product_sine_graph,mean_curvature,0,stress,0.05,0.05113636363636364,5,5136564367938275553,81,128,9,176,3.871792078324112,0.16024961572844051,36.24133126395451,70.71769823607406,145.6220811269286,0.3273321668692484,9.555999999999997,13.554630205210316,56.0,2.3140517533088976,4.777999999999995,12.2436678354611,13.633022225366389,13.633022225366389,23,25,10,17.0
product_sine_graph,mean_curvature,0,stress,0.05,0.05113636363636364,6,17867409756118201055,81,128,9,176,3.871792078324112,0.1604837265876052,36.10604386120502,70.73713359559451,145.6220811269286,-1.2765092977638304,9.553999999999998,13.552047815736183,56.0,2.3139179499973603,4.776999999999997,12.24366783546107,12.618793520735528,13.633022225366389,23,27,11,19.0
product_sine_graph,mean_curvature,0,stress,0.05,0.05113636363636364,7,18242841497381336837,81,128,9,176,3.871792078324112,0.1635873620665648,36.28559814728771,70.95919872186784,145.6220811269286,-0.18880290132036404,9.537999999999997,13.536543133311394,56.0,2.312918464069147,4.768999999999995,12.24366783546107,12.24366783546107,13.633022225366389,26,31,11,21.0
product_sine_graph,mean_curvature,0,stress,0.1,0.10227272727272728,0,2203207847190086353,81,128,18,176,3.871792078324112,0.16382015089615562,37.00948210013541,71.04793064058767,145.68159275752993,-1.0746968639385424,9.583999999999998,13.527157868525073,56.0,2.314056061903425,4.785911999999996,12.2436678354611,12.2436678354611,13.633022225366389,30,35,14,25.0
product_sine_graph,mean_curvature,0,stress,0.1,0.10227272727272728,1,11616988003046677362,81,128,18,176,3.871792078324112,0.1615350986413241,36.513099602437556,70.88107082897973,145.68159275752993,0.0808897878048116,9.583999999999998,13.558023454766547,56.0,2.315321068451627,4.791999999999995,12.24366783546107,12.2436678354611,13.633022225366389,29,31,11,19.0
product_sine_graph,mean_curvature,0,stress,0.1,0.10227272727272728,2,10258372184241187154,81,128,18,176,3.871792078324112,0.16867720347000503,37.192402643092954,71.42925522182097,145.68159275752993,-0.581673169702868,9.517999999999997,13.504591811676494,56.0,2.3119826979958087,4.758999999999994,12.24366783546107,12.24366783546107,12.729941871927952,31,33,10,21.0
product_sine_graph,mean_curvature,0,stress,0.1,0.10227272727272728,3,16920408263402389779,81,128,18,176,3.871792078324112,0.16042427923471442,36.34315213642434,70.76548462224697,145.68159275752993,-0.2973608800541152,9.519999999999996,13.511624624744421,56.0,2.310778380193128,4.757375999999993,12.24366783546107,12.2436678354611,13.633022225366389,28,33,16,27.0
product_sine_graph,mean_curvature,0,stress,0.1,0.10227272727272728,4,8783863597074872311,81,128,18,176,3.871792078324112,0.1727764422021911,37.01372145887545,71.66941261235905,145.61762802643054,-0.3016481797384598,9.519999999999998,13.502147977266425,56.0,2.3113973681390187,4.753999999999995,12.24366783546107,12.24366783546107,12.729941871927952,28,33,13,29.0
product_sine_graph,mean_curvature,0,stress,0.1,0.10227272727272728,5,16352588358846891949,81,128,18,176,3.871792078324112,0.16739039852754767,37.11071508066951,71.29265308879684,145.69241833509332,0.4505241866175336,9.497999999999998,13.49451740522794,56.0,2.309680836311368,4.748999999999995,12.24366783546107,12.24366783546107,13.633022225366389,31,35,12,27.0
product_sine_graph,mean_curvature,0,stress,0.1,0.10227272727272728,6,9258603061033985446,81,128,18,176,3.871792078324112,0.16686301699265052,36.823010764985305,71.26031127082311,145.62734313100157,-0.19050310874443976,9.607999999999997,13.591615062235975,56.0,2.317575296112724,4.803999999999995,12.24366783546107,12.24366783546107,12.2436678354611,36,41,15,33.0
product_sine_graph,mean_curvature,0,stress,0.1,0.10227272727272728,7,6314144416539308791,81,128,18,176,3.871792078324112,0.16809273110504178,37.09658859395377,71.3618020497921,145.6220811269286,0.7339095059618881,9.511999999999997,13.504962051038865,56.0,2.310317694011796,4.752111999999994,12.2436678354611,12.2436678354611,12.729941871927952,33,37,16,29.0
product_sine_graph,mean_curvature,0,quality_controlled,0.05,0.05113636363636364,0,9825893252451936396,81,128,9,176,3.871792078324112,0.16136307919419782,36.41729250206928,70.79684435031511,145.68159275752993,-1.1909489729895624,9.535999999999998,13.546660104985282,56.0,2.3122560731268456,4.7679999999999945,12.24366783546107,12.618793520735528,13.633022225366389,25,29,13,21.0
product_sine_graph,mean_curvature,0,quality_controlled,0.05,0.05113636363636364,1,14756264231074612993,81,128,9,176,3.871792078324112,0.16704135905132292,37.211809336778785,71.2642087662959,145.6220811269286,-1.006942685833966,9.519999999999998,13.507775538555554,56.0,2.3110935628658544,4.755999999999998,12.24366783546107,12.2436678354611,13.633022225366389,28,33,11,25.0
product_sine_graph,mean_curvature,0,quality_controlled,0.05,0.05113636363636364,2,13756508776463839088,81,128,9,176,3.871792078324112,0.16540154854391925,36.3567544927451,71.11264305388407,145.6220811269286,-1.2201796471142377,9.497999999999998,13.504739908639477,56.0,2.3091529162132125,4.744655999999994,12.24366783546107,12.24366783546107,13.633022225366389,30,35,13,23.0
product_sine_graph,mean_curvature,0,quality_controlled,0.05,0.05113636363636364,3,13913526024524439138,81,128,9,176,3.871792078324112,0.1653434232206023,36.675940724517204,71.1163493262836,145.6220811269286,-0.4514160727724308,9.553999999999998,13.545405124986104,56.0,2.313579852503903,4.774059999999993,12.24366783546107,12.243667835461078,13.633022225366389,32,35,13,25.0
product_sine_graph,mean_curvature,0,quality_controlled,0.05,0.05113636363636364,4,3941655416160186148,81,128,9,176,3.871792078324112,0.16200567688247805,36.212407744676426,70.85220995314019,145.6220811269286,1.1853321039238693,9.495999999999997,13.50111106539013,56.0,2.3105540410905747,4.747999999999996,12.2436678354611,13.633022225366389,13.633022225366389,28,31,12,21.0
product_sine_graph,mean_curvature,0,quality_controlled,0.05,0.05113636363636364,5,8287630119922906286,81,128,9,176,3.871792078324112,0.16364548738988166,36.75238761460396,71.00302893004358,145.62734313100157,1.4080590468986252,9.501999999999997,13.510070318099748,56.0,2.309873703240068,4.748071999999995,12.24366783546107,12.2436678354611,13.633022225366389,27,31,10,21.0
product_sine_graph,mean_curvature,0,quality_controlled,0.05,0.05113636363636364,6,6592558013062460837,81,128,9,176,3.871792078324112,0.16054185191092216,36.0466157461921,70.74730643930647,145.62734313100157,-0.36517419038663057,9.545999999999998,13.515990529739204,56.0,2.3126638281445016,4.770551999999994,12.2436678354611,13.633022225366389,13.633022225366389,31,35,9,19.0
product_sine_graph,mean_curvature,0,quality_controlled,0.05,0.05113636363636364,7,18429336783775079384,81,128,9,176,3.871792078324112,0.16147932984083171,36.403353797215836,70.80933094693803,145.6220811269286,-0.23018100762963023,9.519999999999998,13.510588440182751,56.0,2.3111128702856525,4.759999999999998,13.633022225366389,13.633022225366389,13.633022225366389,25,29,9,17.0
product_sine_graph,mean_curvature,0,quality_controlled,0.1,0.10227272727272728,0,15706954595566368651,81,128,18,176,3.871792078324112,0.16616068441515647,36.988466394431256,71.21270342514316,145.68159275752993,2.069384235055235,9.507999999999997,13.50111106539013,56.0,2.311239988176041,4.751999999999997,12.24366783546107,12.243667835461078,13.633022225366389,31,37,15,31.0
product_sine_graph,mean_curvature,0,quality_controlled,0.1,0.10227272727272728,1,12942024347144207424,81,128,18,176,3.871792078324112,0.16434649793780198,36.73617499199015,71.05978295083872,145.62734313100157,3.280440964938335,9.569999999999999,13.579027947537329,56.0,2.3168139628843716,4.7849999999999975,12.24366783546107,12.24366783546107,13.633022225366389,34,37,12,23.0
product_sine_graph,mean_curvature,0,quality_controlled,0.1,0.10227272727272728,2,11575813009682954125,81,128,18,176,3.871792078324112,0.1658684482326748,36.87340994306563,71.18757632503505,145.6220811269286,-0.5461435781324528,9.569999999999997,13.5222039623724,56.0,2.3139147689039854,4.782999999999997,12.24366783546107,12.24366783546107,13.633022225366389,23,25,11,19.0
product_sine_graph,mean_curvature,0,quality_controlled,0.1,0.10227272727272728,3,6010284431954180876,81,128,18,176,3.871792078324112,0.16352527065452632,36.6049024793551,71.04122063099186,145.69241833509332,3.0522413885300743,9.453999999999997,13.509478154244146,56.0,2.3100756613877342,4.726999999999994,12.24366783546107,12.2436678354611,13.633022225366389,36,41,15,29.0
product_sine_graph,mean_curvature,0,quality_controlled,0.1,0.10227272727272728,4,9179743684911293311,81,128,18,176,3.871792078324112,0.16100875159967767,36.41339665517428,70.82173917921028,145.69241833509332,-1.3703464672207932,9.541999999999998,13.518061991276701,56.0,2.312185322377075,4.7679799999999934,12.24366783546107,12.2436678354611,13.633022225366389,29,33,13,23.0
product_sine_graph,mean_curvature,0,quality_controlled,0.1,0.10227272727272728,5,9639243279596257003,81,128,18,176,3.871792078324112,0.161535098641324,36.493419015976656,70.88159898975331,145.62734313100157,-2.4966109838636594,9.569999999999997,13.519985207092493,56.0,2.3121674155562313,4.780991999999994,12.24366783546107,12.243667835461078,13.633022225366389,33,37,14,27.0
product_sine_graph,mean_curvature,0,quality_controlled,0.1,0.10227272727272728,6,13200517485128889681,81,128,18,176,3.871792078324112,0.16469685944360055,36.773968073528636,71.11697796152735,145.68159275752993,0.4110495318205931,9.531999999999996,13.503629141827016,56.0,2.311590478755263,4.765999999999997,12.24366783546107,12.24366783546107,13.633022225366389,36,41,15,25.0
product_sine_graph,mean_curvature,0,quality_controlled,0.1,0.10227272727272728,7,11669384003899143757,81,128,18,176,3.871792078324112,0.16165399334710565,36.371020377969174,70.83397799424559,145.68159275752993,-0.3807426386691546,9.595999999999997,13.595146192667434,56.0,2.316809127675386,4.797999999999996,12.24366783546107,12.618793520735506,13.633022225366389,19,23,10,19.0
product_sine_graph,mean_curvature,1,baseline,0.0,0.0,0,11541033895295310078,289,512,0,736,3.871792078324112,0.09979699122801114,9.348424475958623,26.415404874449443,134.59856000090352,0.06874679939954328,9.167999999999997,12.753038853543881,56.0,2.2441045806646307,4.542911999999989,9.874961397821242,9.874961397821242,9.874961397821352,55,63,10,59.0
product_sine_graph,mean_curvature,1,stress,0.05,0.050271739130434784,0,16590419366501749310,289,512,37,736,3.871792078324112,0.10032643849674806,9.239952417784322,26.471678659925377,147.9421954782108,0.12135593470612813,9.285999999999998,12.768320171424268,56.0,2.2395645489228446,4.563623999999991,4.950601636874662,6.762769036612915,9.874961397821242,76,83,32,69.0
product_sine_graph,mean_curvature,1,stress,0.05,0.050271739130434784,1,16571068566277387863,289,512,37,736,3.871792078324112,0.10214801897626925,9.81656805804277,27.56419455585505,156.75850036498986,-0.11136790082647496,9.167999999999997,12.652588667936685,55.0,2.2414108694373684,4.499263999999989,4.409256416404789,6.026963569658962,9.874961397821242,84,89,33,75.0
product_sine_graph,mean_curvature,1,stress,0.05,0.050271739130434784,2,9834161422048005563,289,512,37,736,3.871792078324112,0.1035125492395892,10.376029078127281,28.69416787042734,149.49541848709293,0.18968954635080956,9.223999999999997,12.479262798739349,56.0,2.2209076176878635,4.517103999999989,4.4092564164047054,4.950601636874662,8.169725822183562,94,97,35,79.0
product_sine_graph,mean_curvature,1,stress,0.05,0.050271739130434784,3,18151353003177381705,289,512,37,736,3.871792078324112,0.1017290744790074,9.79705482170619,27.77548283615219,147.94219547821092,-0.3316043137198343,9.239999999999998,12.623628638390779,56.0,2.2357619199548027,4.469839999999991,4.4092564164047054,6.718650453214239,9.874961397821242,82,89,29,73.0
product_sine_graph,mean_curvature,1,stress,0.05,0.050271739130434784,4,14400658649736868307,289,512,37,736,3.871792078324112,0.1011493247847618,9.723896258312454,27.298197752549235,147.94219547821083,0.3749630110773413,9.257999999999996,12.678564587523297,56.0,2.2322669159166386,4.533815999999989,4.950601636874662,6.762769036612861,9.874961397821242,93,97,31,85.0
product_sine_graph,mean_curvature,1,stress,0.05,0.050271739130434784,5,2691198151207176616,289,512,37,736,3.871792078324112,0.10202164070431526,9.55013414395789,27.226004271851274,147.942195478211,-0.16804272691000335,9.199999999999998,12.684005676441485,56.0,2.2304488930652475,4.484895999999991,4.409256416404954,6.718650453214239,9.874961397821242,80,89,33,75.0
product_sine_graph,mean_curvature,1,stress,0.05,0.050271739130434784,6,9674790106160352323,289,512,37,736,3.871792078324112,0.103107004422964,9.923394952830709,27.928262777017526,149.44475064677277,0.4270974394105231,9.303999999999998,12.828094168659655,56.0,2.235690227300728,4.542975999999989,4.409256416404789,6.026963569658902,9.874961397821242,96,101,36,79.0
product_sine_graph,mean_curvature,1,stress,0.05,0.050271739130434784,7,4056271992295577273,289,512,37,736,3.871792078324112,0.10317473734634929,9.890011171768181,27.30149883909055,146.42428624829546,0.5200805818785871,9.239999999999997,12.765578717786351,56.0,2.236904499168435,4.520239999999991,4.4092564164047054,5.069001449480908,9.874961397821242,97,101,32,73.0
product_sine_graph,mean_curvature,1,stress,0.1,0.10054347826086957,0,1699343880852073046,289,512,74,736,3.871792078324112,0.10672049535079395,11.036875144528977,30.200382817372134,158.60909257116734,-0.3557552604057242,9.279999999999998,12.477018874715219,55.0,2.195262895418219,4.43999999999999,4.409256416404789,4.468804390656696,6.718650453214299,118,127,49,103.0
product_sine_graph,mean_curvature,1,stress,0.1,0.10054347826086957,1,9521680328107885556,289,512,74,736,3.871792078324112,0.10422967921001271,10.465924916935304,28.691709971502448,158.6090925711673,0.22871208416320749,9.237999999999998,12.550936220059434,56.0,2.2134994529296765,4.4838799999999885,4.4092564164047054,4.95060163687467,6.762769036612915,113,117,50,99.0
product_sine_graph,mean_curvature,1,stress,0.1,0.10054347826086957,2,2874480737379073612,289,512,74,736,3.871792078324112,0.10387624319795187,10.506237821312046,29.236165486188455,156.75850036498986,-0.016206783193948568,9.259999999999998,12.340664487781838,55.0,2.2051847748721616,4.486831999999992,4.409256416404789,4.950601636874662,6.762769036612915,115,123,48,97.0
product_sine_graph,mean_curvature,1,stress,0.1,0.10054347826086957,3,17484399576028682353,289,512,74,736,3.871792078324112,0.10647788458739813,10.765954941816327,28.724442169439012,158.6090925711675,-0.08611131350636117,9.273999999999997,12.659146890687374,56.0,2.219026827084339,4.504679999999992,4.4092564164047054,4.409256416404789,6.026963569658928,108,113,47,93.0
product_sine_graph,mean_curvature,1,stress,0.1,0.10054347826086957,4,2569615083518864151,289,512,74,736,3.871792078324112,0.10503895419153966,10.319202967270924,28.67509047836859,149.49541848709296,0.3734239512750215,9.349999999999998,12.66230626702734,56.0,2.2130640953302714,4.491639999999992,4.409256416404789,4.9506016368745955,6.74291567408353,113,123,45,91.0
product_sine_graph,mean_curvature,1,stress,0.1,0.10054347826086957,5,11685003536905882009,289,512,74,736,3.871792078324112,0.10670979231121094,10.661766353518875,28.738490320270486,150.21654003109495,-0.053541624777154365,9.441999999999997,12.728472021417176,56.0,2.207941066581258,4.550007999999989,4.4092564164047054,4.409256416404954,6.718650453214348,106,113,44,103.0
product_sine_graph,mean_curvature,1,stress,0.1,0.10054347826086957,6,1574051619268509553,289,512,74,736,3.871792078324112,0.10540840684926922,10.621623072569218,29.088471217144903,160.956406144081,0.37051553089867933,9.391999999999998,12.703227936237301,56.0,2.230686725307697,4.565567999999988,4.4092564164047054,4.9506016368745955,6.762769036612861,110,117,46,97.0
product_sine_graph,mean_curvature,1,stress,0.1,0.10054347826086957,7,10281445329580074228,289,512,74,736,3.871792078324112,0.10423236738537842,9.586015016457601,27.10266564626507,146.42428624829537,-0.17952978798378622,9.265999999999998,12.63827519877613,56.0,2.227723297350905,4.507111999999992,4.4092564164047054,4.9506016368745955,6.762769036612915,101,107,42,95.0
product_sine_graph,mean_curvature,1,quality_controlled,0.05,0.050271739130434784,0,15448153678227715715,289,512,37,736,3.871792078324112,0.09914252333445266,9.113009936170682,25.888739491989313,135.85567153341813,0.050341314893147276,9.173999999999998,12.868022381080934,56.0,2.249342720485251,4.531799999999992,9.874961397821242,9.874961397821242,9.874961397821352,73,77,27,63.0
product_sine_graph,mean_curvature,1,quality_controlled,0.05,0.050271739130434784,1,14939861004464005195,289,512,37,736,3.871792078324112,0.09990938298475453,9.284503463289767,26.114587949691995,135.82926244813692,0.3381195312231515,9.171999999999997,12.882391082403913,56.0,2.2502959836821437,4.545551999999991,9.874961397821242,9.874961397821242,9.874961397821352,84,87,24,71.0
product_sine_graph,mean_curvature,1,quality_controlled,0.05,0.050271739130434784,2,8434875654885587328,289,512,37,736,3.871792078324112,0.09933162864109454,9.411740460595915,26.298416669607885,136.45011824556323,-0.11198851121641494,9.213999999999999,12.876878503736837,56.0,2.249742306016398,4.552071999999988,9.874961397821242,9.874961397821242,9.874961397821352,75,79,28,63.0
product_sine_graph,mean_curvature,1,quality_controlled,0.05,0.050271739130434784,3,5691465719148662536,289,512,37,736,3.871792078324112,0.09944826705727533,9.486901900813823,26.398269018237812,136.4501182455633,0.08072081540817111,9.143999999999997,12.76087771275941,56.0,2.2413136177875645,4.532479999999989,9.874961397821242,9.874961397821242,9.874961397821352,88,95,25,65.0
product_sine_graph,mean_curvature,1,quality_controlled,0.05,0.050271739130434784,4,9908143542731831251,289,512,37,736,3.871792078324112,0.0990032019770619,9.439158948929714,26.11155288754249,137.13517601244317,0.09163079387429374,9.199999999999998,12.773566455771068,56.0,2.2440183547199384,4.527439999999989,9.874961397821242,9.874961397821242,9.874961397821352,77,85,27,73.0
product_sine_graph,mean_curvature,1,quality_controlled,0.05,0.050271739130434784,5,12271655286075194328,289,512,37,736,3.871792078324112,0.09947084204081995,9.256172225277641,26.074333820562558,135.8556715334181,0.12076817218750878,9.115999999999998,12.827314605949283,56.0,2.2471853997389672,4.51319999999999,9.874961397821242,9.874961397821242,9.874961397821352,75,79,23,53.0
product_sine_graph,mean_curvature,1,quality_controlled,0.05,0.050271739130434784,6,47734169440579928,289,512,37,736,3.871792078324112,0.09865069334918679,9.531425725729013,26.38112541830651,136.45011824556323,0.4149396312218744,9.215999999999998,12.705117079350345,56.0,2.236334033725729,4.5256799999999915,9.874961397821242,9.874961397821242,9.874961397821352,88,93,28,75.0
product_sine_graph,mean_curvature,1,quality_controlled,0.05,0.050271739130434784,7,10872403403472711420,289,512,37,736,3.871792078324112,0.09856745854803046,9.150460699532623,25.866728896406258,135.8556715334181,0.05516975148509748,9.193999999999997,12.883865879463347,56.0,2.256081498902019,4.563607999999989,9.874961397821242,9.874961397821242,9.874961397821352,67,73,24,57.0
product_sine_graph,mean_curvature,1,quality_controlled,0.1,0.10054347826086957,0,15836903849906909181,289,512,74,736,3.871792078324112,0.09846698406657281,9.281757732431522,25.874439400415724,136.45011824556326,0.0006520207131038291,9.089999999999996,12.761112804140549,56.0,2.239929006987494,4.4914479999999894,9.874961397821242,9.874961397821242,9.874961397821352,76,83,27,63.0
product_sine_graph,mean_curvature,1,quality_controlled,0.1,0.10054347826086957,1,14709611030600768845,289,512,74,736,3.871792078324112,0.09947050931761406,9.407264392686765,25.936044131467757,137.13517601244314,0.09397403456829674,9.165999999999997,12.832848475689246,56.0,2.2412140386977746,4.513335999999992,9.874961397821242,9.874961397821242,9.874961397821352,87,95,35,85.0
product_sine_graph,mean_curvature,1,quality_controlled,0.1,0.10054347826086957,2,5893683604548617390,289,512,74,736,3.871792078324112,0.10032971898067791,9.534899994632504,26.23054484016067,137.1351760124431,0.25099707537498617,9.205999999999998,12.984991336154208,56.0,2.256125369649476,4.53693599999999,9.874961397821242,9.874961397821242,9.874961397821352,88,93,36,69.0
product_sine_graph,mean_curvature,1,quality_controlled,0.1,0.10054347826086957,3,8581241665355575882,289,512,74,736,3.871792078324112,0.09888762921691192,9.244160131913604,26.004867645606602,135.82926244813692,-0.16103065662020913,9.105999999999998,12.625292075829368,56.0,2.2307665107527477,4.481143999999992,9.874961397821242,9.874961397821242,9.874961397821352,77,83,28,63.0
product_sine_graph,mean_curvature,1,quality_controlled,0.1,0.10054347826086957,4,1550119634749834221,289,512,74,736,3.871792078324112,0.0980818727987637,9.715160775109936,26.54219098586363,137.13517601244314,-0.13819701402185194,9.241999999999997,12.914720283459486,56.0,2.2492883850373624,4.530871999999991,9.874961397821242,9.874961397821242,9.874961397821352,89,97,33,69.0
product_sine_graph,mean_curvature,1,quality_controlled,0.1,0.10054347826086957,5,13804412299911547227,289,512,74,736,3.871792078324112,0.09860232764393356,9.337561566828352,25.998342195011038,136.45011824556326,0.29053873803626473,9.155999999999995,12.933522335388757,56.0,2.252797983500514,4.549231999999989,9.874961397821242,9.874961397821242,9.874961397821352,90,95,33,61.0
product_sine_graph,mean_curvature,1,quality_controlled,0.1,0.10054347826086957,6,14747338949714613413,289,512,74,736,3.871792078324112,0.09886445091634503,9.25382157122275,26.018590697758764,137.13517601244308,-0.4622227965502569,9.013999999999998,12.600238092988555,56.0,2.22646915533092,4.447719999999989,9.874961397821242,9.874961397821242,9.874961397821352,97,103,35,73.0
product_sine_graph,mean_curvature,1,quality_controlled,0.1,0.10054347826086957,7,7155985906899731394,289,512,74,736,3.871792078324112,0.09931100211521435,9.600509154161982,26.069546792747946,137.13517601244308,0.22260829947998645,9.199999999999998,12.747705675924582,56.0,2.241772956104159,4.529167999999989,9.874961397821242,9.874961397821242,9.874961397821352,93,101,32,79.0
product_sine_graph,mean_curvature,2,baseline,0.0,0.0,0,14937214280228782480,1089,2048,0,3008,3.871792078324112,0.05273582244373537,2.5435462054400477,8.86017864857397,104.56978874981999,0.015688340273567,8.129999999999999,11.079801442264202,48.0,1.9400454372307834,3.6655439999999873,9.156456042400311,9.156456042400311,9.186804082658096,116,127,13,111.0
product_sine_graph,mean_curvature,2,stress,0.05,0.049867021276595744,0,15977425234185875005,1089,2048,150,3008,3.871792078324112,0.05478695598596747,4.411244014595521,11.914483308369238,171.45111137363412,-0.010968115357857203,7.814,9.276313923105446,36.0,1.6875247928703099,2.9706959999999887,4.090792888586786,4.419268679132962,9.156456042400311,273,283,83,187.0
product_sine_graph,mean_curvature,2,stress,0.05,0.049867021276595744,1,4833376617780708161,1089,2048,150,3008,3.871792078324112,0.05433204440648056,3.939912990712189,10.727027795555964,143.64513149642417,0.046782744615555136,7.811999999999999,9.534778445249787,42.0,1.7910099715992611,3.2463839999999893,4.090792888586786,4.577276517209331,9.156456042400311,227,231,77,157.0
product_sine_graph,mean_curvature,2,stress,0.05,0.049867021276595744,2,4501206050830856744,1089,2048,150,3008,3.871792078324112,0.05470837597225882,4.181634866396359,10.566411177843944,143.64513149642391,-0.007928532376699049,7.631999999999999,9.226266850682347,40.0,1.7955546431250666,3.2062239999999917,4.090792888586786,4.40089547959913,9.156456042400311,243,249,68,161.0
product_sine_graph,mean_curvature,2,stress,0.05,0.049867021276595744,3,6657972078226504557,1089,2048,150,3008,3.871792078324112,0.05436385154941374,4.053583081012017,10.744902191549933,144.27174065775696,-0.028990055912024103,7.499999999999999,9.0745798800826,43.0,1.7765144401326973,3.162799999999991,4.090792888586786,4.57727651720941,9.156456042400311,238,243,79,187.0
product_sine_graph,mean_curvature,2,stress,0.05,0.049867021276595744,4,8120099859038321971,1089,2048,150,3008,3.871792078324112,0.05435418064840772,3.916716052415135,10.21469908262244,147.01931794428228,0.050626445883299884,7.801999999999999,9.732728291697038,47.0,1.8097521467316988,3.2350799999999924,4.090792888586876,4.419268679132923,9.156456042400311,239,245,71,161.0
product_sine_graph,mean_curvature,2,stress,0.05,0.049867021276595744,5,200188807110532461,1089,2048,150,3008,3.871792078324112,0.053978876437562225,3.8939463092777302,10.915441311224047,152.7617623702354,0.07581739926216713,7.596,9.069729874698583,43.0,1.7481718356088425,2.9470559999999906,4.232153508442385,4.8800870200245114,9.156456042400391,219,227,76,167.0
product_sine_graph,mean_curvature,2,stress,0.05,0.049867021276595744,6,14375633098011406620,1089,2048,150,3008,3.871792078324112,0.05412307072346662,3.7459606923531097,11.121445142420958,145.78642891229563,0.04258759141578114,7.729999999999999,9.389888178247915,45.0,1.791182018514026,3.132855999999988,4.090792888586786,4.827868102407544,9.156456042400391,201,211,71,157.0
product_sine_graph,mean_curvature,2,stress,0.05,0.049867021276595744,7,17192304867969855233,1089,2048,150,3008,3.871792078324112,0.05472918975774073,4.189485776916753,11.194423387373497,151.13706986415298,0.020968849579232278,7.6499999999999995,9.146037393319576,41.0,1.7544643190649354,3.0413679999999905,4.090792888586786,4.457352878578453,9.156456042400311,237,245,74,163.0
product_sine_graph,mean_curvature,2,stress,0.1,0.10006648936170212,0,18082451772912230935,1089,2048,301,3008,3.871792078324112,0.05688546203680922,5.816239535311838,12.938792148001863,171.45111137363392,-0.011080527517180583,7.232000000000001,9.192170581532961,39.0,1.5548218432322052,2.5634079999999986,4.090792888586786,4.247603377162065,5.727957092516219,373,391,110,247.0
product_sine_graph,mean_curvature,2,stress,0.1,0.10006648936170212,1,13285101569895000972,1089,2048,301,3008,3.871792078324112,0.056141839250154806,5.254875473908686,12.44854475554811,152.76176237023506,-0.023850528303946454,7.43,9.100439549823953,39.0,1.6485705498740364,2.7599279999999955,4.090792888586876,4.419268679132923,5.857125727612483,346,357,106,231.0
product_sine_graph,mean_curvature,2,stress,0.1,0.10006648936170212,2,3714812087215496567,1089,2048,301,3008,3.871792078324112,0.05683366148001706,5.631503061037531,12.718159221218425,148.14652539486266,-0.05157592198497101,7.796000000000001,9.536456364918786,36.0,1.543342075481643,2.4927759999999974,4.090792888586786,4.247603377162065,5.619273842563811,377,395,108,247.0
product_sine_graph,mean_curvature,2,stress,0.1,0.10006648936170212,3,3489340269455633146,1089,2048,301,3008,3.871792078324112,0.05656230635572885,5.6922651626875425,13.149284449846773,180.50353400099016,0.05711066039351663,7.764000000000001,9.795509175127142,34.0,1.5622197849470438,2.7266799999999973,4.090792888586786,4.247603377162065,5.727957092516219,363,377,106,225.0
product_sine_graph,mean_curvature,2,stress,0.1,0.10006648936170212,4,14363015409296400138,1089,2048,301,3008,3.871792078324112,0.05626197068640695,5.3321704886553505,11.804421220442475,147.0193179442829,-0.06320175637707004,7.327999999999999,8.965489389877163,41.0,1.6606501138530037,2.6704639999999995,4.090792888586786,4.3869143216379,5.676306957992119,350,359,105,233.0
product_sine_graph,mean_curvature,2,stress,0.1,0.10006648936170212,5,8578059441806745038,1089,2048,301,3008,3.871792078324112,0.056275663726614515,5.271119920163668,12.482154830086845,171.45111137363327,0.012776114736651384,7.436,9.039247756312468,38.0,1.6872198037149713,2.6401279999999883,4.090792888586786,4.313079521065799,5.727957092516263,317,335,97,211.0
product_sine_graph,mean_curvature,2,stress,0.1,0.10006648936170212,6,11066735809816720146,1089,2048,301,3008,3.871792078324112,0.056306633284205196,5.607279598266693,13.28232828641585,143.64513149642437,-0.027532943699618104,7.896000000000001,10.083451789937811,46.0,1.6131580057514485,2.9544399999999964,4.090792888586786,4.247603377162065,5.737740998936074,366,381,104,247.0
product_sine_graph,mean_curvature,2,stress,0.1,0.10006648936170212,7,13312129245904615590,1089,2048,301,3008,3.871792078324112,0.05641756757146288,5.225963929964332,12.428448348374575,147.0193179442822,-0.03104074348596779,6.954000000000001,8.325022522492057,33.0,1.6392656761830846,2.4831759999999905,4.090792888586786,4.247603377162065,5.67630695799199,337,353,104,211.0
product_sine_graph,mean_curvature,2,quality_controlled,0.05,0.049867021276595744,0,3617527728265725779,1089,2048,150,3008,3.871792078324112,0.05223173239703789,2.928661383164913,8.877633543507976,109.96373391168609,0.088652303005048,7.957999999999998,10.497332994622962,48.0,1.882770087884334,3.5524079999999887,9.156456042400311,9.156456042400348,9.233727952814498,184,187,52,145.0
product_sine_graph,mean_curvature,2,quality_controlled,0.05,0.049867021276595744,1,4918236153275339420,1089,2048,150,3008,3.871792078324112,0.05254894235456119,2.950362030907143,9.308004539080526,109.963733911686,0.0012519368005375307,8.035999999999998,10.507140429250953,48.0,1.9099013660815034,3.604719999999992,9.156456042400311,9.156456042400391,9.186804082658096,163,169,53,123.0
product_sine_graph,mean_curvature,2,quality_controlled,0.05,0.049867021276595744,2,11259267343045318670,1089,2048,150,3008,3.871792078324112,0.052467744007861146,2.911071384313633,8.761273778019687,104.56978874981971,0.027992976973867593,8.055999999999997,10.537551897855588,47.0,1.8804902912846924,3.523551999999991,9.156456042400311,9.156456042400391,9.186804082658096,200,205,63,161.0
product_sine_graph,mean_curvature,2,quality_controlled,0.05,0.049867021276595744,3,16217678747438957724,1089,2048,150,3008,3.871792078324112,0.052353474449412456,2.95572274743457,8.925652012523365,109.96373391168567,-0.0034196395280050133,7.985999999999997,10.558314259388185,48.0,1.9009666284351185,3.615847999999989,9.156456042400311,9.156456042400391,9.186804082658096,177,185,58,147.0
product_sine_graph,mean_curvature,2,quality_controlled,0.05,0.049867021276595744,4,16714049375354359425,1089,2048,150,3008,3.871792078324112,0.05236981273309819,2.8813818312006556,8.98769075218453,109.96373391168585,0.04857003748917133,8.155999999999997,11.075016930009626,48.0,2.0038599687283516,3.911455999999992,9.156456042400311,9.156456042400391,9.233727952814471,161,167,52,133.0
product_sine_graph,mean_curvature,2,quality_controlled,0.05,0.049867021276595744,5,2510612274483906106,1089,2048,150,3008,3.871792078324112,0.052603109473342624,3.022416780257318,9.123547651637729,109.963733911686,0.03893580684617637,7.825999999999999,10.127092376393133,46.0,1.9053760667815647,3.5215919999999894,9.156456042400311,9.156456042400348,9.186804082658096,172,177,55,129.0
product_sine_graph,mean_curvature,2,quality_controlled,0.05,0.049867021276595744,6,5318742666192343132,1089,2048,150,3008,3.871792078324112,0.05246256012287234,2.9494403099029576,9.061089704838187,107.64034309290967,0.0503800727238473,7.839999999999998,10.379595367835872,48.0,1.893912157658846,3.5746239999999894,9.156456042400311,9.156456042400391,9.186804082658096,174,181,48,129.0
product_sine_graph,mean_curvature,2,quality_controlled,0.05,0.049867021276595744,7,4695248212989435333,1089,2048,150,3008,3.871792078324112,0.052483041636277,2.9803644146852624,9.076089516898808,109.96373391168578,0.011663339686723182,8.271999999999998,10.751930059296326,47.0,1.9021989064532618,3.6726879999999893,9.156456042400311,9.156456042400391,9.186804082658096,199,207,62,161.0
product_sine_graph,mean_curvature,2,quality_controlled,0.1,0.10006648936170212,0,17639642419417309119,1089,2048,301,3008,3.871792078324112,0.051837736250135324,3.400444316972657,9.341256708559055,109.96373391168574,0.18612750417556817,7.763999999999999,9.830157679305042,46.0,1.7935260124971657,3.1887519999999885,9.156456042400311,9.156456042400391,9.489585028370938,233,241,79,185.0
product_sine_graph,mean_curvature,2,quality_controlled,0.1,0.10006648936170212,1,2175394824898873994,1089,2048,301,3008,3.871792078324112,0.05193568706060618,3.294641229779143,9.029970184394246,109.963733911686,-0.04093066143686587,7.905999999999999,10.20499877511016,48.0,1.8609631342484954,3.431975999999989,9.156456042400311,9.156456042400391,9.320872283104979,219,225,73,165.0
product_sine_graph,mean_curvature,2,quality_controlled,0.1,0.10006648936170212,2,18272313587731482568,1089,2048,301,3008,3.871792078324112,0.05201864986814545,3.5125807936111073,9.589308135535445,112.60700469599186,0.14122797391552233,7.763999999999998,10.092373358135335,47.0,1.8307862771607135,3.362943999999988,9.156456042400311,9.156456042400391,9.48958502837095,239,249,72,199.0
product_sine_graph,mean_curvature,2,quality_controlled,0.1,0.10006648936170212,3,2039285810199772937,1089,2048,301,3008,3.871792078324112,0.05193596587662507,3.4184380424470486,9.394236859048382,109.96373391168589,-0.07282379170364686,7.8199999999999985,10.083253443209681,46.0,1.8081138819443816,3.304319999999988,9.156456042400311,9.156456042400391,9.320872283104952,234,241,73,193.0
product_sine_graph,mean_curvature,2,quality_controlled,0.1,0.10006648936170212,4,16206745136872665079,1089,2048,301,3008,3.871792078324112,0.05196042342211127,3.3151945692466995,9.410056056616027,112.60700469599136,-0.03952544768609231,8.009999999999998,10.34224347035013,47.0,1.8470071989096257,3.4207279999999884,9.156456042400311,9.156456042400391,9.489585028370938,236,245,74,185.0
product_sine_graph,mean_curvature,2,quality_controlled,0.1,0.10006648936170212,5,2715283570242861061,1089,2048,301,3008,3.871792078324112,0.05204986850020121,3.470135438979273,9.501347637685878,109.96373391168603,-0.004212616712288696,7.723999999999998,9.871575355534693,46.0,1.8030068128989394,3.2402399999999907,9.156456042400311,9.156456042400391,9.489585028370938,241,247,72,183.0
product_sine_graph,mean_curvature,2,quality_controlled,0.1,0.10006648936170212,6,14866470212775459044,1089,2048,301,3008,3.871792078324112,0.05167858950807678,3.424518112163864,9.155450023224297,109.96373391168585,0.05302005095399792,7.735999999999997,9.979979959899714,44.0,1.8061277526730999,3.2373439999999896,9.156456042400311,9.156456042400391,9.320872283104952,256,265,76,189.0
product_sine_graph,mean_curvature,2,quality_controlled,0.1,0.10006648936170212,7,7160388590355656537,1089,2048,301,3008,3.871792078324112,0.051893769011754846,3.3121543146164303,9.176663610274286,109.96373391168603,0.09986128123568686,7.7479999999999976,10.043306228528527,47.0,1.830114919862682,3.3570559999999903,9.156456042400311,9.156456042400391,9.320872283104952,240,247,76,185.0
product_sine_graph,mean_curvature,3,baseline,0.0,0.0,0,12508358416414434777,4225,8192,0,12160,3.871792078324112,0.026814243816187557,0.772706241448273,2.8390975455154366,114.34048792461279,0.002640882560016081,5.979999999999997,9.861034428496835,48.0,1.1502667829264626,2.1370079999999914,8.987786216446077,8.989479984194292,9.15811809257834,303,319,17,181.0
product_sine_graph,mean_curvature,3,stress,0.05,0.05,0,17829797218934194313,4225,8192,608,12160,3.871792078324112,0.027901440486443125,2.930804542745461,6.82782786197073,116.8637012367783,-0.0075089683030054,11.642000000000003,16.52216692809996,80.0,1.2657560648371406,3.362060000000006,4.016679882319944,4.416418399481751,7.408405704382964,1180,1201,148,535.0
product_sine_graph,mean_curvature,3,stress,0.05,0.05,1,9024708795151513123,4225,8192,608,12160,3.871792078324112,0.027822465212360464,2.8549285747656294,6.486619734892332,116.86370123677811,0.01721118104365382,11.278000000000002,16.373698421554007,81.0,1.3026162302658473,3.0580480000000074,4.016679882319944,4.439738116034806,7.928623014355806,1193,1223,148,567.0
product_sine_graph,mean_curvature,3,stress,0.05,0.05,2,14625962702583810282,4225,8192,608,12160,3.871792078324112,0.027882693375878977,2.794749438052068,6.534492122523087,116.86370123677779,0.012617967164361907,11.426000000000005,16.53414648537989,97.0,1.1922654816675706,3.033204000000005,4.016679882319762,4.416359523279435,7.604215972957472,1182,1199,148,585.0
product_sine_graph,mean_curvature,3,stress,0.05,0.05,3,14294949213430059291,4225,8192,608,12160,3.871792078324112,0.027976558420423982,2.912958119386481,6.686780796832026,125.14292639425864,0.0029212802701390622,11.206000000000003,16.55215997989387,83.0,1.2193039257773288,3.077616000000006,4.016679882319944,4.347075446524127,7.080643155892068,1226,1251,150,559.0
product_sine_graph,mean_curvature,3,stress,0.05,0.05,4,9027628266068823475,4225,8192,608,12160,3.871792078324112,0.02790291543262213,2.9379080038470136,6.511620539146147,116.86370123677793,0.00121002804942048,11.344000000000003,17.930867240599383,92.0,1.2563129747001756,3.185400000000005,4.016679882319762,4.416418399481834,7.493624160328572,1223,1251,146,561.0
product_sine_graph,mean_curvature,3,stress,0.05,0.05,5,17559911280224700840,4225,8192,608,12160,3.871792078324112,0.027801220918310138,2.7668588630257425,6.496889424538782,154.52698665185667,0.012834842313023148,11.060000000000002,16.429120487719363,84.0,1.2440040710158493,2.9720480000000054,4.016679882319762,4.423731636230471,8.711290900327748,1201,1227,149,587.0
product_sine_graph,mean_curvature,3,stress,0.05,0.05,6,16923374287371067592,4225,8192,608,12160,3.871792078324112,0.02776365427917028,2.755333614058236,6.56765826994574,134.01925265907505,0.004894501538338241,11.472000000000005,16.605420801653903,91.0,1.3371696805417048,3.1707360000000016,4.016679882320125,4.464856659497567,8.454808842907832,1211,1245,141,505.0
product_sine_graph,mean_curvature,3,stress,0.05,0.05,7,2553583226279853745,4225,8192,608,12160,3.871792078324112,0.0277973921265249,2.919868935206656,6.467803988414233,147.44065311406914,0.011007904085947401,12.094000000000005,17.857603422632057,93.0,1.3600040871203305,3.663423999999999,4.021462148363639,4.439738116034791,8.256445715679659,1268,1297,150,583.0
product_sine_graph,mean_curvature,3,stress,0.1,0.1,0,15079096316336812777,4225,8192,1216,12160,3.871792078324112,0.02906592211319284,4.5654121713536515,8.964179509618438,138.23376594704482,0.007854548163145049,21.230000000000004,33.33139661040324,126.0,2.872228107641873,8.118168000000004,4.016679882319762,4.2268771975699515,5.103821205037081,1772,1833,183,731.0
product_sine_graph,mean_curvature,3,stress,0.1,0.1,1,17681131895564023986,4225,8192,1216,12160,3.871792078324112,0.02885603903408195,4.333128384142426,8.249443823421531,147.44065311406902,0.03054553249950933,18.328000000000003,29.216844456580183,111.0,2.444756106935825,6.7383200000000105,4.016679882319762,4.245738020998617,5.244434812664885,1682,1749,176,705.0
product_sine_graph,mean_curvature,3,stress,0.1,0.1,2,4867023407049145896,4225,8192,1216,12160,3.871792078324112,0.02881589152645425,4.512981405906213,9.197511933696653,162.22771451015072,0.01121957455212498,19.884000000000007,30.531950478146662,117.0,2.7520892267570116,7.656255999999999,4.021462148363639,4.284678214965345,5.223305354437038,1738,1801,186,697.0
product_sine_graph,mean_curvature,3,stress,0.1,0.1,3,11231666655993964680,4225,8192,1216,12160,3.871792078324112,0.028688826421281257,4.207243979268885,8.239932135213637,125.14292639425899,0.04238531712368142,18.918000000000006,30.093155367957017,127.0,2.5155504572240273,6.9570800000000075,4.016679882319762,4.2268771975699515,5.536484137522176,1652,1707,172,715.0
product_sine_graph,mean_curvature,3,stress,0.1,0.1,4,4956909768883778221,4225,8192,1216,12160,3.871792078324112,0.028807823180052677,4.295306747062474,8.307761241560065,138.23376594704087,-0.001575426668321809,17.688000000000002,27.699747291266036,102.0,2.298241128397107,6.315896000000002,4.016679882319762,4.281341479562895,5.211584694159378,1681,1729,171,641.0
product_sine_graph,mean_curvature,3,stress,0.1,0.1,5,9968884913168515094,4225,8192,1216,12160,3.871792078324112,0.02886878605553487,4.614716730813426,8.872904470570067,124.6847804038377,0.004246980576097072,20.846000000000004,33.6944802601257,137.0,2.82218845541541,7.906248000000005,4.016679882319762,4.247603377162065,5.223305354437038,1759,1827,178,711.0
product_sine_graph,mean_curvature,3,stress,0.1,0.1,6,3247148212157578763,4225,8192,1216,12160,3.871792078324112,0.028690183915515435,4.297358559541761,9.054239271946624,154.52698665185696,0.004322879643444143,20.638000000000005,31.324910215354176,113.0,2.9024538249956717,7.959979999999998,4.016679882319944,4.325591520550746,5.606936489731409,1650,1713,179,665.0
product_sine_graph,mean_curvature,3,stress,0.1,0.1,7,4570810667811268503,4225,8192,1216,12160,3.871792078324112,0.02871344113912421,4.3166876103137,8.534765618067176,120.58124248403372,0.02504698757520942,17.494,27.554636633423424,107.0,2.3222896490748117,6.298820000000003,4.016679882319944,4.345141893186523,5.536484137522176,1674,1727,170,693.0
product_sine_graph,mean_curvature,3,quality_controlled,0.05,0.05,0,8819989177149331295,4225,8192,608,12160,3.871792078324112,0.026682134728654494,1.7177753757211087,5.829159516963308,162.22771451015254,-0.004161970456737853,9.932000000000002,12.682113388548457,55.0,1.0368382969778853,2.3912960000000023,8.987786216446077,8.989479984194292,9.158118092578379,683,707,130,407.0
product_sine_graph,mean_curvature,3,quality_controlled,0.05,0.05,1,6094337352119495481,4225,8192,608,12160,3.871792078324112,0.026614858576662,1.5691598966137916,4.737104815914497,118.39711460732367,0.010942962000643534,8.940000000000001,11.317243480636089,60.0,0.8652715253468126,1.7495360000000018,8.987786216446077,8.989479984194292,9.158118092578379,601,613,128,363.0
product_sine_graph,mean_curvature,3,quality_controlled,0.05,0.05,2,1459297921133039080,4225,8192,608,12160,3.871792078324112,0.026660097126592442,1.59671955231287,5.060393901595384,116.86370123677683,0.008038468561690134,8.898000000000003,11.636236504987343,52.0,0.8874952622972144,1.857175999999999,8.987786216446077,8.989479984194292,9.158118092578379,639,655,128,369.0
product_sine_graph,mean_curvature,3,quality_controlled,0.05,0.05,3,518421928051077618,4225,8192,608,12160,3.871792078324112,0.026689809208173453,1.5878947705974644,4.971275730301197,136.43733311627648,-0.020237072406153984,9.074000000000002,12.080314565440757,70.0,0.9113634086971023,1.778871999999999,8.987786216446077,8.989479984194292,9.158118092578379,661,677,127,399.0
product_sine_graph,mean_curvature,3,quality_controlled,0.05,0.05,4,3032617448201232616,4225,8192,608,12160,3.871792078324112,0.02672372906053692,1.5417115543999964,4.677847495153353,147.44065311406914,-0.003310957902452061,8.198000000000004,11.035488208502606,65.0,0.8328846988773421,1.4824640000000007,8.987786216446077,8.989479984194292,9.158118092578379,574,583,118,337.0
product_sine_graph,mean_curvature,3,quality_controlled,0.05,0.05,5,12042831167606354733,4225,8192,608,12160,3.871792078324112,0.026677160082919198,1.5914772409312266,5.353473767851848,159.04806230450163,0.004628747410340493,9.148000000000001,11.896217886370444,54.0,0.9354307559964041,1.9455520000000046,8.987786216446077,8.989479984194292,9.158118092578421,623,637,131,375.0
product_sine_graph,mean_curvature,3,quality_controlled,0.05,0.05,6,4399573001099148694,4225,8192,608,12160,3.871792078324112,0.026686426757025993,1.5800675692317117,4.993301915257548,160.3918972011361,-0.0031389219980627126,9.162000000000003,12.131364309095662,66.0,0.9622104299039802,1.9460560000000013,8.987786216446077,8.989479984194292,9.158118092578421,614,627,136,373.0
product_sine_graph,mean_curvature,3,quality_controlled,0.05,0.05,7,14275414212782693390,4225,8192,608,12160,3.871792078324112,0.026721657521304527,1.658539833381316,5.187753337488217,147.44065311406982,0.013105536325749624,8.598000000000003,11.06191665128607,66.0,0.8229071905044956,1.6126880000000048,8.987786216446077,8.989479984194292,9.158118092578379,648,667,137,401.0
product_sine_graph,mean_curvature,3,quality_controlled,0.1,0.1,0,15638339915981053313,4225,8192,1216,12160,3.871792078324112,0.026509917781010313,2.175631156972326,6.007035315044119,147.44065311406914,-0.00570807214606657,11.524000000000003,16.514357389859292,75.0,1.3109965501831051,3.5816640000000017,8.987786216446077,8.989479984194332,9.158249924670384,834,865,156,497.0
product_sine_graph,mean_curvature,3,quality_controlled,0.1,0.1,1,2453820191725110376,4225,8192,1216,12160,3.871792078324112,0.026452239262368657,2.2219360744437155,6.671779422447559,160.39189720113907,0.013428535169964449,13.364000000000003,18.130526743589115,68.0,1.6908281317177118,4.299216000000003,8.987786216446077,8.989479984194332,9.158249924670304,857,889,157,513.0
product_sine_graph,mean_curvature,3,quality_controlled,0.1,0.1,2,12264674709235953857,4225,8192,1216,12160,3.871792078324112,0.026444003568693895,2.1427712303974356,6.228275543583547,160.3918972011393,0.008723293448893193,12.906000000000004,17.399942528640725,76.0,1.6063620442602593,4.070899999999996,8.987786216446077,8.989479984194332,9.158249924670345,822,845,158,485.0
product_sine_graph,mean_curvature,3,quality_controlled,0.1,0.1,3,15291562567846689567,4225,8192,1216,12160,3.871792078324112,0.026516710126766298,2.2345152603431457,6.584718424710139,162.22771451015038,0.0049268351350643304,12.724000000000004,17.728733739328373,70.0,1.5533059811897987,4.125640000000001,8.987786216446077,8.989479984194332,9.158249924670345,825,861,157,503.0
product_sine_graph,mean_curvature,3,quality_controlled,0.1,0.1,4,979853099890795642,4225,8192,1216,12160,3.871792078324112,0.026477867447624447,2.067766185288487,6.042981705557744,160.32513788765326,0.025198278033289744,12.150000000000002,16.38065932738973,59.0,1.407685549247418,3.602656000000003,8.987786216446077,8.989479984194332,9.158249924670345,785,815,158,481.0
product_sine_graph,mean_curvature,3,quality_controlled,0.1,0.1,5,12298891635988860751,4225,8192,1216,12160,3.871792078324112,0.026501591605822935,2.232838990301185,7.12232581733527,162.22771451015194,-0.009688261069691038,13.784000000000004,19.04310898986823,70.0,1.9505584372645726,4.791592000000005,8.987786216446077,8.989479984194373,9.158249924670304,855,891,171,495.0
product_sine_graph,mean_curvature,3,quality_controlled,0.1,0.1,6,9638203023337720452,4225,8192,1216,12160,3.871792078324112,0.02645006994139802,2.1983227488508916,6.306746938644381,147.44065311406914,-0.005876478878427925,12.838000000000005,17.187960902911087,63.0,1.6488805852577708,4.0218000000000025,8.987786216446077,8.989479984194292,9.158249924670384,836,865,166,483.0
product_sine_graph,mean_curvature,3,quality_controlled,0.1,0.1,7,14368512827822535465,4225,8192,1216,12160,3.871792078324112,0.026441885583388926,2.209429330387674,6.721734968575427,155.2056074618979,-0.011485930246891337,13.808000000000003,19.167785474592524,74.0,1.8988809174247894,4.746800000000004,8.987786216446077,8.989479984194373,9.158249924670384,849,875,167,489.0
helicoid_patch,gaussian_curvature,0,baseline,0.0,0.0,0,9687557722272841326,81,128,0,176,3.589185704630573,0.2105116946896406,11.894681974322229,62.89660841333563,711.4239024171113,11.649215694721457,0.09000000000000001,0.30000000000000004,1.0,0.04374926513668586,0.07775999999999988,7.754723671539981,7.754723671539981,7.7547236715400745,3,5,1,1.0
helicoid_patch,gaussian_curvature,0,stress,0.05,0.05113636363636364,0,11338778047560962911,81,128,9,176,3.589185704630573,0.21844930433852344,13.86777763785034,55.54588483759278,711.4239024171113,10.828949056288232,2.3180000000000005,2.62449995237188,5.0,0.6405804027973372,0.8913439999999992,5.190238269860207,7.424255703611336,7.754723671540014,24,25,16,19.0
helicoid_patch,gaussian_curvature,0,stress,0.05,0.05113636363636364,1,7505749735119145096,81,128,9,176,3.589185704630573,0.21926994105852515,14.322055850263418,59.124842257167295,711.4239024171113,10.43255989556965,1.9420000000000002,2.337520053389917,4.0,0.6932533127796726,0.946439999999993,7.302027825062385,7.754723671539981,7.7547236715400745,29,31,17,19.0
helicoid_patch,gaussian_curvature,0,stress,0.05,0.05113636363636364,2,11214931682104422532,81,128,9,176,3.589185704630573,0.214159427202086,12.746397633677581,54.184301508902735,711.4239024171113,10.954794126799879,1.251,1.4467204291085407,3.0,0.4054838237957228,0.6226400000000009,7.754723671539981,7.754723671539981,7.767642841469871,18,21,13,14.0
helicoid_patch,gaussian_curvature,0,stress,0.05,0.05113636363636364,3,15462470158821686784,81,128,9,176,3.589185704630573,0.21790568212077596,14.7883708843593,61.3842205543343,711.4239024171113,11.068915730079567,3.122,3.494853358869296,7.0,0.8612255885422897,1.1987000000000079,5.190238269860207,7.754723671539981,7.7547236715400745,33,35,19,25.0
helicoid_patch,gaussian_curvature,0,stress,0.05,0.05113636363636364,4,15440428892045829148,81,128,9,176,3.589185704630573,0.21488829534818266,13.120326025268374,55.676011310361076,438.0500689282902,11.530267612055125,1.9089999999999998,2.1561539833694625,4.0,0.4571198258925135,0.6578640000000037,4.722582878034557,7.361436209520173,7.7547236715400745,20,21,13,14.0
helicoid_patch,gaussian_curvature,0,stress,0.05,0.05113636363636364,5,2939174972686781184,81,128,9,176,3.589185704630573,0.21762403398789235,13.777667313069468,61.47586945425795,711.4239024171113,11.130719802346645,2.0140000000000002,2.264508776754906,4.0,0.6047701414058068,0.9573759999999998,4.722582878034557,7.226059144440748,7.754723671540014,26,27,17,21.0
helicoid_patch,gaussian_curvature,0,stress,0.05,0.05113636363636364,6,12903875001397477951,81,128,9,176,3.589185704630573,0.21573614941363844,14.228815061410142,62.901574050079496,711.4239024171113,11.101433201876636,1.18,1.4310835055998654,3.0,0.3665932152563667,0.5125440000000013,5.190238269860207,7.754723671539981,7.7547236715400745,26,27,16,17.0
helicoid_patch,gaussian_curvature,0,stress,0.05,0.05113636363636364,7,11203543004680007939,81,128,9,176,3.589185704630573,0.21432356698540778,12.996136982330944,60.330827503045,711.4239024171113,10.95299021796747,1.6460000000000001,2.127439775880859,4.0,0.4000579504721797,0.6650960000000014,7.522058878609748,7.754723671539981,7.7547236715400745,21,25,12,19.0
helicoid_patch,gaussian_curvature,0,stress,0.1,0.10227272727272728,0,12790466772744166081,81,128,18,176,3.589185704630573,0.2249861349122219,15.940472647767011,58.39503106006606,711.4239024171113,10.630004283447223,4.148999999999999,4.715400301140933,8.0,1.034343510971095,1.4721280000000059,5.190238269860207,7.103831265891797,7.754723671539981,32,33,18,20.0
helicoid_patch,gaussian_curvature,0,stress,0.1,0.10227272727272728,1,17112018798425838792,81,128,18,176,3.589185704630573,0.22889923221968375,15.38761953125383,56.69444271823973,711.4239024171113,9.879347925854574,2.127,2.5851498989420323,5.0,0.7230464374575186,1.040080000000007,4.722582878034557,7.103831265891797,7.754723671539981,31,31,15,16.0
helicoid_patch,gaussian_curvature,0,stress,0.1,0.10227272727272728,2,12173880080314276397,81,128,18,176,3.589185704630573,0.2246107810387528,15.85610957332853,60.383991165592995,711.4239024171113,10.891230919452784,3.854,4.264504660567274,8.0,0.8931487384618566,1.2692800000000037,5.190238269860207,7.10383126589181,7.754723671539981,33,33,18,21.0
helicoid_patch,gaussian_curvature,0,stress,0.1,0.10227272727272728,3,7469513902045669147,81,128,18,176,3.589185704630573,0.2222111579915296,15.022688286574088,62.63279905249365,711.4239024171113,10.214793215215039,4.131,4.748157537403324,8.0,1.1038837585760468,1.540703999999989,5.190238269860207,7.522058878609748,7.754723671539981,27,31,14,16.0
helicoid_patch,gaussian_curvature,0,stress,0.1,0.10227272727272728,4,6291259209471889983,81,128,18,176,3.589185704630573,0.22791413534024452,15.41862232471267,58.05866330392196,711.4239024171113,10.173431078817696,2.3729999999999998,3.0118100869742768,7.0,0.9024142312175805,1.1918000000000049,4.722582878034557,7.030525689212264,7.754723671539981,32,35,17,20.0
helicoid_patch,gaussian_curvature,0,stress,0.1,0.10227272727272728,5,18379202423422551528,81,128,18,176,3.589185704630573,0.2384784739040878,16.10626715386889,51.370156112839375,711.4239024171113,9.245174015461007,2.5380000000000003,2.986636904613616,5.0,0.7421533308097482,1.0698160000000019,4.722582878034557,5.687115873085262,7.754723671539981,27,29,11,13.0
helicoid_patch,gaussian_curvature,0,stress,0.1,0.10227272727272728,6,5435042379858659784,81,128,18,176,3.589185704630573,0.22621604628121558,15.783014681804021,58.931893727025326,711.4239024171113,10.965751729178615,3.647,4.301511362300465,7.0,1.1440821735906819,1.642967999999989,4.722582878034557,4.848849833827483,7.60349155613533,29,29,17,18.0
helicoid_patch,gaussian_curvature,0,stress,0.1,0.10227272727272728,7,12020032484664581875,81,128,18,176,3.589185704630573,0.22700944999977005,16.366939353712365,52.53426257616635,528.1724149153029,9.897872995570836,3.62,4.083625839863393,6.0,1.269551539213748,1.814479999999999,4.722582878034557,7.36143620952021,7.754723671540014,32,33,17,19.0
helicoid_patch,gaussian_curvature,0,quality_controlled,0.05,0.05113636363636364,0,14360755079223125265,81,128,9,176,3.589185704630573,0.21358511265586577,13.864365058942676,61.80020657493195,711.4239024171113,11.13964851189983,1.3449999999999998,1.6133815419794537,4.0,0.30895392550993606,0.5181359999999987,7.754723671539981,7.754723671539981,7.7547236715400745,20,23,12,18.0
helicoid_patch,gaussian_curvature,0,quality_controlled,0.05,0.05113636363636364,1,8139156393558696723,81,128,9,176,3.589185704630573,0.2138883138071408,12.815633859148651,60.528699870917876,711.4239024171113,10.957345759150586,1.089,1.5732132722552274,3.0,0.30039716041267783,0.5047360000000002,7.754723671539981,7.754723671539981,7.767642841469871,18,21,11,14.0
helicoid_patch,gaussian_curvature,0,quality_controlled,0.05,0.05113636363636364,2,5608026008578681417,81,128,9,176,3.589185704630573,0.21650212252694723,14.82060466187932,59.3809757881572,711.4239024171113,10.824837980820739,2.414,2.7691153822114383,5.0,0.8463791522952367,1.2060800000000027,7.754723671539981,7.754723671539981,7.7547236715400745,28,29,18,19.0
helicoid_patch,gaussian_curvature,0,quality_controlled,0.05,0.05113636363636364,3,2922277107023759159,81,128,9,176,3.589185704630573,0.21090553068340775,12.807384186602391,63.0233167020584,711.4239024171113,11.637230154649288,2.451,2.9132456127144515,5.0,0.5670974138188268,0.8995600000000022,7.754723671539981,7.754723671539981,7.7547236715400745,19,23,14,16.0
helicoid_patch,gaussian_curvature,0,quality_controlled,0.05,0.05113636363636364,4,14643083771279090853,81,128,9,176,3.589185704630573,0.21331487138301528,13.750820070629358,63.392257092159994,711.4239024171113,11.300574628790043,1.609,2.0290391814846753,4.0,0.4863158928186464,0.746079999999995,7.754723671539981,7.754723671539981,7.7547236715400745,24,25,18,20.0
helicoid_patch,gaussian_curvature,0,quality_controlled,0.05,0.05113636363636364,5,12071085201138271991,81,128,9,176,3.589185704630573,0.21093170449145904,13.048442745249362,62.94024207097331,711.4239024171113,11.637722462415255,2.5600000000000005,3.0209270100417855,5.0,0.6991951874834412,1.0858000000000037,7.754723671539981,7.754723671539981,7.7547236715400745,21,25,14,19.0
helicoid_patch,gaussian_curvature,0,quality_controlled,0.05,0.05113636363636364,6,17403554012235338196,81,128,9,176,3.589185704630573,0.21362210127790687,13.660548323838334,60.58717329451444,711.4239024171113,11.292891893793854,1.736,1.8973665961010275,4.0,0.5101840438116435,0.7930399999999964,7.754723671539981,7.754723671539981,7.7547236715400745,24,25,17,21.0
helicoid_patch,gaussian_curvature,0,quality_controlled,0.05,0.05113636363636364,7,16445640723896785061,81,128,9,176,3.589185704630573,0.2194926707643509,13.893645489739546,54.5148345482187,711.4239024171113,10.374877952355172,2.0140000000000002,2.5748786379167465,6.0,0.6718333859105289,1.0914640000000038,7.754723671539981,7.754723671539981,7.767642841469871,32,33,23,27.0
helicoid_patch,gaussian_curvature,0,quality_controlled,0.1,0.10227272727272728,0,17796080255310430031,81,128,18,176,3.589185704630573,0.22361925069307123,15.300507406881673,51.64737376110144,528.1724149153029,9.599417302029552,4.038,4.91914626739234,10.0,1.1665261996166159,1.6742319999999924,7.754723671539981,7.754723671539981,7.791635585625208,36,41,21,25.0
helicoid_patch,gaussian_curvature,0,quality_controlled,0.1,0.10227272727272728,1,6779235579313436768,81,128,18,176,3.589185704630573,0.22601955240374186,14.476537036338684,47.69339848133924,528.1724149153029,9.389718896592829,2.215,2.638370709358334,5.0,0.792049682966919,1.1046879999999981,7.754723671539981,7.754723671539981,7.791635585625208,30,33,18,20.0
helicoid_patch,gaussian_curvature,0,quality_controlled,0.1,0.10227272727272728,2,10673580409145891208,81,128,18,176,3.589185704630573,0.2313227046392162,16.724443827879497,55.13915301598376,711.4239024171113,9.108244998741267,3.557,3.9216068135395727,7.0,1.0786114694290923,1.6808959999999946,7.754723671539981,7.754723671539981,7.767642841469871,35,37,18,22.0
helicoid_patch,gaussian_curvature,0,quality_controlled,0.1,0.10227272727272728,3,14506824294511307009,81,128,18,176,3.589185704630573,0.22605853745532223,14.301180082608179,55.54525464782598,711.4239024171113,9.495323545555124,2.1630000000000003,2.6284976697726026,6.0,0.7393268599746727,1.1313000000000066,7.754723671539981,7.754723671539981,7.791635585625224,27,31,16,18.0
helicoid_patch,gaussian_curvature,0,quality_controlled,0.1,0.10227272727272728,4,3011978940581147008,81,128,18,176,3.589185704630573,0.2111351934683606,13.465777479484,69.30575115177426,711.4239024171113,11.632552735543594,3.3609999999999998,3.819031290785662,6.0,0.5829935441152013,1.0219200000000024,7.754723671539981,7.754723671539981,7.7547236715400745,23,27,20,22.0
helicoid_patch,gaussian_curvature,0,quality_controlled,0.1,0.10227272727272728,5,7768697836601739373,81,128,18,176,3.589185704630573,0.21698663170615096,14.21749418782332,64.5797229207087,711.4239024171113,10.648206231769912,1.775,2.4250773183550254,6.0,0.6194927432020496,0.8545120000000007,7.754723671539981,7.754723671539981,7.767642841469871,29,31,15,22.0
helicoid_patch,gaussian_curvature,0,quality_controlled,0.1,0.10227272727272728,6,2043300286139936707,81,128,18,176,3.589185704630573,0.23288488387593417,13.35861870525085,50.87327411545153,711.4239024171113,8.592438319635612,2.023,2.8434134416225865,7.0,0.7174538128688115,1.121543999999994,7.754723671539981,7.7547236715400745,7.791635585625224,31,35,17,20.0
helicoid_patch,gaussian_curvature,0,quality_controlled,0.1,0.10227272727272728,7,5495470474841627065,81,128,18,176,3.589185704630573,0.21678644891859292,15.053811892806186,60.71059678452905,711.4239024171113,10.678064218016045,2.2830000000000004,2.6508489206290125,5.0,0.7702995678461719,1.0761279999999984,7.754723671539981,7.754723671539981,7.7547236715400745,25,27,16,18.0
helicoid_patch,gaussian_curvature,1,baseline,0.0,0.0,0,10171422939372198558,289,512,0,736,3.589185704630573,0.10661765833072771,11.33153625292813,114.88802416748455,2461.5503299780303,11.291682931414318,0.024000000000000007,0.1549193338482967,1.0,0.012580497923373233,0.02232000000000002,7.789096995321862,7.789096995321862,7.793225791949496,1,1,1,1.0
helicoid_patch,gaussian_curvature,1,stress,0.05,0.050271739130434784,0,17744085556927562238,289,512,37,736,3.589185704630573,0.11181933427905325,15.606179948105847,113.29235297828887,2461.5503299780303,10.969479337056235,8.798,9.714834018139475,18.0,2.0538896625378924,2.718687999999999,1.9402155150308469,3.023754467933579,7.789096995321956,114,125,54,79.0
helicoid_patch,gaussian_curvature,1,stress,0.05,0.050271739130434784,1,5298699697724819788,289,512,37,736,3.589185704630573,0.11194217232575021,15.607286521899143,113.42909557785997,2461.5503299780303,10.972143587189297,7.463999999999999,8.665333230753449,16.0,2.5341849794519633,3.532399999999988,2.002725989662637,3.3559362394531522,7.789096995321862,98,105,46,71.0
helicoid_patch,gaussian_curvature,1,stress,0.05,0.050271739130434784,2,16051043897476767674,289,512,37,736,3.589185704630573,0.11082483449961647,15.559062244045974,114.09961878785406,2461.5503299780303,11.019164415482411,5.917,7.20770421146706,14.0,2.0274196301210092,2.648779999999999,1.9402155150306593,3.851388102619364,7.789096995321956,95,103,47,72.0
helicoid_patch,gaussian_curvature,1,stress,0.05,0.050271739130434784,3,10118023839902466510,289,512,37,736,3.589185704630573,0.1104946168256737,14.47214458438534,114.37685713316523,2461.5503299780303,11.14632515295003,9.771,10.944816124540422,21.0,2.424798270154454,3.515600000000009,1.9402155150308469,3.355936239453176,7.789096995321956,112,123,54,92.0
helicoid_patch,gaussian_curvature,1,stress,0.05,0.050271739130434784,4,14910236274450625724,289,512,37,736,3.589185704630573,0.11000309200464976,14.49984166616492,114.33224287167288,2461.5503299780303,11.126272990213419,7.4319999999999995,8.274418408565039,17.0,1.3978545959261923,2.0040479999999947,2.002725989662455,3.023754467933579,7.789096995321956,116,127,67,99.0
helicoid_patch,gaussian_curvature,1,stress,0.05,0.050271739130434784,5,2702637006755770538,289,512,37,736,3.589185704630573,0.11090812085423042,15.27226240849422,114.12337854986343,2461.5503299780303,11.075343511598996,8.489,9.47834373717265,18.0,2.6636241783119425,3.8153799999999825,2.002725989662637,3.023754467933579,7.789096995321956,112,127,52,96.0
helicoid_patch,gaussian_curvature,1,stress,0.05,0.050271739130434784,6,15636046924516478587,289,512,37,736,3.589185704630573,0.11025615781363354,14.582754799044864,110.22298093596117,2461.5503299780303,11.121805954200976,7.501,8.420391914869521,18.0,2.2000557482882037,3.003888000000001,1.9402155150306593,3.4135976659972,7.789096995321956,110,121,58,92.0
helicoid_patch,gaussian_curvature,1,stress,0.05,0.050271739130434784,7,14088825986687333796,289,512,37,736,3.589185704630573,0.10993657447166516,14.336366898872562,114.4213442702818,2461.5503299780303,11.14543246911108,9.751,10.702009157162967,20.0,2.1700889482876007,2.903819999999993,1.9402155150306593,2.042218725980371,7.791367833467052,97,125,47,88.0
helicoid_patch,gaussian_curvature,1,stress,0.1,0.10054347826086957,0,14146321711254304769,289,512,74,736,3.589185704630573,0.11285019782814049,16.27677730691339,113.3003463450547,2461.5503299780303,10.93540775262752,9.991999999999997,11.242953348653547,25.0,2.1930548714922757,2.9222400000000066,2.2918905892405275,2.8605927145541292,7.789096995321862,127,145,73,95.0
helicoid_patch,gaussian_curvature,1,stress,0.1,0.10054347826086957,1,10655425939876429688,289,512,74,736,3.589185704630573,0.11442388613115967,17.000327325057157,113.3295629716476,2461.5503299780303,10.970140992502865,14.622,16.722021408908674,33.0,3.2862365357727907,4.573739999999992,1.9402155150306593,2.2995752196046935,7.658897046314283,135,153,60,85.0
helicoid_patch,gaussian_curvature,1,stress,0.1,0.10054347826086957,2,14320526700447251077,289,512,74,736,3.589185704630573,0.11484975806866322,16.72522771194985,106.34699854744537,2461.5503299780303,10.867357491094808,10.956,12.067062608605292,20.0,2.7460243346496243,3.673579999999983,1.9402155150306593,2.9826982939255418,7.499763775304921,141,157,74,111.0
helicoid_patch,gaussian_curvature,1,stress,0.1,0.10054347826086957,3,17085471855639809629,289,512,74,736,3.589185704630573,0.11562794700195667,18.10654569120542,106.16305207537923,2461.5503299780303,10.61340492141121,14.029000000000002,15.608939746183916,27.0,3.1586711991975314,4.3347999999999915,1.9402155150308469,3.023754467933603,7.499763775304921,151,169,68,98.0
helicoid_patch,gaussian_curvature,1,stress,0.1,0.10054347826086957,4,14225461685103779956,289,512,74,736,3.589185704630573,0.11387963444118705,16.97701759283815,110.17172389205058,2461.5503299780303,10.901375742647913,11.312,12.428032829052231,22.0,3.060177729228152,4.286815999999999,2.002725989662455,2.901648888561938,7.789096995321862,147,159,66,95.0
helicoid_patch,gaussian_curvature,1,stress,0.1,0.10054347826086957,5,9432454393350436222,289,512,74,736,3.589185704630573,0.11557931854292647,19.118055159265957,112.949275823154,2461.5503299780303,10.757077049105112,16.271,17.879121902375406,29.0,2.7066349155141034,3.6219800000000038,1.9402155150306593,2.4149633816083727,7.288606636563226,136,155,63,84.0
helicoid_patch,gaussian_curvature,1,stress,0.1,0.10054347826086957,6,13769644935488542715,289,512,74,736,3.589185704630573,0.11478139620588862,17.752268946133682,113.01073112202455,2461.5503299780303,10.84538919690818,10.718000000000002,12.784287230815803,27.0,3.4769768284565763,4.872579999999991,1.9402155150306593,2.2995752196046935,7.789096995321862,149,165,70,101.0
helicoid_patch,gaussian_curvature,1,stress,0.1,0.10054347826086957,7,11164223270652926579,289,512,74,736,3.589185704630573,0.11475510739068767,17.73542029120116,105.18515615437242,2461.5503299780303,10.818294597115656,9.957,11.582616284760537,25.0,2.5250382654050996,3.4542000000000033,1.9402155150308469,3.3559362394531522,7.499763775304921,138,157,60,96.0
helicoid_patch,gaussian_curvature,1,quality_controlled,0.05,0.050271739130434784,0,7057260774540829724,289,512,37,736,3.589185704630573,0.10672038632656834,12.363058599527147,115.01018895478778,2461.5503299780303,11.290214747506042,8.007,9.005498320470666,15.0,1.3484823154791508,2.279600000000007,7.789096995321862,7.789096995321862,7.793225791949496,107,119,62,110.0
helicoid_patch,gaussian_curvature,1,quality_controlled,0.05,0.050271739130434784,1,17972820982743296826,289,512,37,736,3.589185704630573,0.1067984973613759,12.262592551654121,123.48474506550598,2461.5503299780303,11.289335652204578,6.824,7.4114775854751125,12.0,1.0528819175843114,1.7213840000000078,7.789096995321862,7.789096995321862,7.793225791949496,100,115,62,97.0
helicoid_patch,gaussian_curvature,1,quality_controlled,0.05,0.050271739130434784,2,16105790821631085862,289,512,37,736,3.589185704630573,0.10680814529668174,12.391262784557236,114.04404138929475,2461.5503299780303,11.288979032162873,8.483,9.255646924985848,15.0,1.222405506034715,1.9910399999999973,7.789096995321862,7.789096995321862,7.793225791949496,105,121,71,106.0
helicoid_patch,gaussian_curvature,1,quality_controlled,0.05,0.050271739130434784,3,7624716577276848436,289,512,37,736,3.589185704630573,0.10674821578178671,12.344961927526683,110.73721958238741,2461.5503299780303,11.289754381735253,6.611000000000001,7.257203318083351,12.0,1.096535831323358,1.8879840000000045,7.789096995321862,7.789096995321862,7.793225791949496,100,115,64,104.0
helicoid_patch,gaussian_curvature,1,quality_controlled,0.05,0.050271739130434784,4,18143821544257016660,289,512,37,736,3.589185704630573,0.10680436395539655,12.538281644738614,114.96207512495339,2461.5503299780303,11.288863568029603,9.67,10.48389240692597,16.0,1.2689311054584471,2.1011679999999995,7.789096995321862,7.789096995321862,7.793225791949496,103,121,55,99.0
helicoid_patch,gaussian_curvature,1,quality_controlled,0.05,0.050271739130434784,5,879482474084344631,289,512,37,736,3.589185704630573,0.10684068970329749,12.484800601006706,115.01392444700122,2461.5503299780303,11.288688731440221,9.364,10.628640552770612,18.0,1.1671777700830381,1.9166640000000097,7.789096995321862,7.789096995321862,7.793225791949496,104,115,58,97.0
helicoid_patch,gaussian_curvature,1,quality_controlled,0.05,0.050271739130434784,6,8867562029958652128,289,512,37,736,3.589185704630573,0.1067468053165777,12.268774165596357,115.01314520267637,2461.5503299780303,11.289694541134669,6.904,7.660939890117921,13.0,1.5002567638241149,2.3495000000000044,7.789096995321862,7.789096995321862,7.793225791949496,92,109,61,99.0
helicoid_patch,gaussian_curvature,1,quality_controlled,0.05,0.050271739130434784,7,15356980448863094137,289,512,37,736,3.589185704630573,0.10686222532729962,12.364354792174986,110.67547440084141,2461.5503299780303,11.288027514650894,8.141000000000002,9.065153059932303,17.0,1.0594105366702793,1.7173240000000076,7.789096995321862,7.789096995321862,7.793225791949496,103,115,58,96.0
helicoid_patch,gaussian_curvature,1,quality_controlled,0.1,0.10054347826086957,0,6808207679984640241,289,512,74,736,3.589185704630573,0.10698052812428857,13.102281917534505,115.08175275069131,2461.5503299780303,11.286344157686091,12.339999999999998,13.391041781728559,20.0,1.5685401064072353,2.3956960000000103,7.789096995321862,7.789096995321862,7.793225791949496,127,155,75,113.0
helicoid_patch,gaussian_curvature,1,quality_controlled,0.1,0.10054347826086957,1,13974969846189509958,289,512,74,736,3.589185704630573,0.10692369214460837,13.042243003816202,105.00617777555888,1969.5484063238293,11.287287021105232,14.711000000000002,16.095558393544476,25.0,2.3741760677742585,3.454700000000007,7.789096995321862,7.789096995321862,7.793225791949496,124,147,74,112.0
helicoid_patch,gaussian_curvature,1,quality_controlled,0.1,0.10054347826086957,2,14144448884987658728,289,512,74,736,3.589185704630573,0.10691436606575987,13.063986379899333,119.53285858128568,2461.5503299780303,11.287633284361997,12.748000000000001,14.513373143415008,29.0,2.7627221293659,3.8122120000000064,7.789096995321862,7.789096995321862,7.793225791949496,118,151,67,117.0
helicoid_patch,gaussian_curvature,1,quality_controlled,0.1,0.10054347826086957,3,13872905261375463557,289,512,74,736,3.589185704630573,0.10684967257297061,12.961478401372833,114.17403604467862,2461.5503299780303,11.288275382997517,12.295,13.464657440870896,21.0,1.8665562784700565,2.701535999999992,7.789096995321862,7.789096995321862,7.793225791949496,113,135,64,92.0
helicoid_patch,gaussian_curvature,1,quality_controlled,0.1,0.10054347826086957,4,2211103649352266493,289,512,74,736,3.589185704630573,0.10691145946761281,13.177988581653214,115.0335678565034,2461.5503299780303,11.287546074792864,13.188999999999998,14.406005692071624,25.0,2.1497681058272216,3.0437439999999922,7.789096995321862,7.789096995321862,7.793225791949496,124,151,72,116.0
helicoid_patch,gaussian_curvature,1,quality_controlled,0.1,0.10054347826086957,5,8173560703046183953,289,512,74,736,3.589185704630573,0.10701666773951622,13.220223506931116,115.14266361375702,2461.5503299780303,11.286185397212613,14.331000000000001,15.939040121663538,24.0,2.0144938230175913,2.989240000000012,7.789096995321862,7.789096995321862,7.793225791949496,120,147,68,106.0
helicoid_patch,gaussian_curvature,1,quality_controlled,0.1,0.10054347826086957,6,14874568657922035973,289,512,74,736,3.589185704630573,0.10698908301311418,12.95399435698404,124.28616199349416,2461.5503299780303,11.286646943340909,12.550999999999998,13.610914737812443,20.0,1.7097828811869684,2.8172000000000055,7.789096995321862,7.789096995321862,7.793225791949496,121,147,72,114.0
helicoid_patch,gaussian_curvature,1,quality_controlled,0.1,0.10054347826086957,7,4307815193948442283,289,512,74,736,3.589185704630573,0.10692712209517233,12.94452957602634,114.21643089374538,2461.5503299780303,11.287351304370546,10.405999999999999,11.093241185514717,19.0,1.5591578946598137,2.1904000000000097,7.789096995321862,7.789096995321862,7.793225791949496,124,147,77,121.0
helicoid_patch,gaussian_curvature,2,baseline,0.0,0.0,0,3574605518281935342,1089,2048,0,3008,3.589185704630573,0.05355693676681215,11.198578683071148,210.4102878067042,8257.524828309972,11.189900092826793,0.006000000000000005,0.07745966692414837,1.0,0.0032078840378044773,0.005688000000000033,7.754875642182793,7.754875642182935,7.932164273530766,6,11,1,1.0
helicoid_patch,gaussian_curvature,2,stress,0.05,0.049867021276595744,0,13817569651480541488,1089,2048,150,3008,3.589185704630573,0.05576778107832702,12.974631647883523,210.158129849572,8257.524828309972,11.166595329453312,33.098,35.736619873737354,60.0,4.373067609691843,7.011963999999991,0.5394277207912841,2.1185443319014365,7.7553670384841,485,545,165,391.0
helicoid_patch,gaussian_curvature,2,stress,0.05,0.049867021276595744,1,12574299704379252244,1089,2048,150,3008,3.589185704630573,0.055609453639513064,12.880740426333572,209.9778015420426,8257.524828309972,11.168820003084921,32.447,34.88000860091637,59.0,4.9157763439603395,7.405256000000014,0.5295260348111455,2.5046364311347027,7.7553670384841,453,497,158,356.0
helicoid_patch,gaussian_curvature,2,stress,0.05,0.049867021276595744,2,6966224412769150098,1089,2048,150,3008,3.589185704630573,0.055577255425111285,12.860391593726277,210.12320366970295,8257.524828309972,11.171853837834401,36.730999999999995,39.42193551818581,64.0,4.460503952306725,7.384463999999989,0.5295260348118337,2.3774068770870422,7.7553670384841,475,525,166,378.0
helicoid_patch,gaussian_curvature,2,stress,0.05,0.049867021276595744,3,8062668640524023839,1089,2048,150,3008,3.589185704630573,0.05589068974595721,13.38527534363387,209.92371807497034,8257.524828309972,11.155576163209124,27.264,30.149162509097994,62.0,4.357705146074933,6.287448000000002,0.529526034810457,1.4184165912045634,7.7553670384841,446,493,153,341.0
helicoid_patch,gaussian_curvature,2,stress,0.05,0.049867021276595744,4,3354896196978786501,1089,2048,150,3008,3.589185704630573,0.05575809306064296,13.086289014470044,210.18592793886137,8257.524828309972,11.164873906575863,30.725999999999996,34.60809153940737,75.0,5.622341344087886,7.869520000000004,0.5689264346692572,1.8720261743735915,7.7553670384841,456,507,164,371.0
helicoid_patch,gaussian_curvature,2,stress,0.05,0.049867021276595744,5,7347370344816164905,1089,2048,150,3008,3.589185704630573,0.05521252668539885,12.890279395829761,210.1867608387776,8257.524828309972,11.170137792860594,31.373,34.187263710335166,60.0,4.594203850515115,7.0789319999999885,0.5295260348111455,1.98788970841184,7.931631176938638,490,539,162,382.0
helicoid_patch,gaussian_curvature,2,stress,0.05,0.049867021276595744,6,5297537782018484318,1089,2048,150,3008,3.589185704630573,0.055996413489981134,13.401611077542562,209.91361950776536,8257.524828309972,11.15325981836657,28.746,31.786066129673863,62.0,4.706889207930863,7.033555999999997,0.529526034810457,0.9495147326997496,7.7553670384841,470,519,152,349.0
helicoid_patch,gaussian_curvature,2,stress,0.05,0.049867021276595744,7,11009981443545595158,1089,2048,150,3008,3.589185704630573,0.05526297251387933,12.82407021103921,210.28443130895755,8257.524828309972,11.173380793873287,31.808000000000003,33.783842291841225,53.0,4.216315598692286,6.290655999999992,0.5394277207912841,2.930099102404003,7.755367038484193,481,531,163,359.0
helicoid_patch,gaussian_curvature,2,stress,0.1,0.10006648936170212,0,2813410006765643470,1089,2048,301,3008,3.589185704630573,0.057746643965455896,14.277816948927546,216.99318728407673,8257.524828309972,11.137596714312417,47.808,54.24667731760167,105.0,9.860137938051388,12.965600000000014,0.529526034810457,0.7122682631493715,7.6296707144614055,579,637,218,401.0
helicoid_patch,gaussian_curvature,2,stress,0.1,0.10006648936170212,1,10460334234715113602,1089,2048,301,3008,3.589185704630573,0.057984288119725655,14.67798379118948,199.52984380455152,8257.524828309972,11.125752332944412,44.669999999999995,51.54099339360854,107.0,9.267643396514117,11.565831999999972,0.5295260348111455,0.7372419706621425,7.562884859478545,562,639,210,363.0
helicoid_patch,gaussian_curvature,2,stress,0.1,0.10006648936170212,2,13208618452813802583,1089,2048,301,3008,3.589185704630573,0.05851349316321216,14.669438770660028,201.3403829283375,8257.524828309972,11.124585910182711,47.583,52.90947930191715,97.0,8.042402717048686,10.707928000000004,0.5295260348111455,0.7240059056799091,6.435978478668543,590,651,209,390.0
helicoid_patch,gaussian_curvature,2,stress,0.1,0.10006648936170212,3,8274377430424177102,1089,2048,301,3008,3.589185704630573,0.05894803120376456,14.74278468452141,209.58679562955234,8257.524828309972,11.12207895011673,53.55499999999999,60.663621718456604,117.0,9.916064438312608,12.569232,0.5295260348111455,0.7372419706616481,4.8086667860892565,589,659,216,396.0
helicoid_patch,gaussian_curvature,2,stress,0.1,0.10006648936170212,4,9513157072407433533,1089,2048,301,3008,3.589185704630573,0.057450665131790965,14.24257127969397,209.78192725420328,8257.524828309972,11.146248611480173,51.56,57.46313600909717,106.0,8.6959205150682,11.257072000000012,0.5295260348118337,0.8413637835827106,7.562884859478545,571,643,204,397.0
helicoid_patch,gaussian_curvature,2,stress,0.1,0.10006648936170212,5,8797200350140485163,1089,2048,301,3008,3.589185704630573,0.05747715064251645,14.204428076439555,209.65781022704397,8257.524828309972,11.14150620331172,41.178999999999995,47.281888710160466,97.0,9.598497314999264,12.534719999999998,0.5394277207919598,0.9495147326997496,7.754875642182887,582,655,211,414.0
helicoid_patch,gaussian_curvature,2,stress,0.1,0.10006648936170212,6,1457397261012319210,1089,2048,301,3008,3.589185704630573,0.05767945284690807,14.592767556183194,209.7623934552076,8257.524828309972,11.132688702551386,47.632,53.811913179146494,102.0,9.089558938845384,12.143396000000001,0.529526034810457,0.7372419706616481,7.685032951159153,560,641,199,379.0
helicoid_patch,gaussian_curvature,2,stress,0.1,0.10006648936170212,7,11913741589365382329,1089,2048,301,3008,3.589185704630573,0.058005084084299725,14.850967461508786,209.54965911212244,8257.524828309972,11.124150467570946,53.29199999999999,58.79044139994188,102.0,8.716820922372111,12.259856000000001,0.5295260348111455,0.6755947947192711,7.562884859478545,567,649,193,381.0
helicoid_patch,gaussian_curvature,2,quality_controlled,0.05,0.049867021276595744,0,5162630550800353171,1089,2048,150,3008,3.589185704630573,0.053642384436947084,12.305746493340383,209.9583881896369,8148.677592149141,11.189339537818235,34.998,38.67790066691831,67.0,3.6457174946087147,6.506688000000015,7.754875642182793,7.754875642182935,7.932164273530766,409,473,149,353.0
helicoid_patch,gaussian_curvature,2,quality_controlled,0.05,0.049867021276595744,1,8789100546623225206,1089,2048,150,3008,3.589185704630573,0.05365122721363082,12.324072830513192,210.4416439482441,8257.524828309972,11.189266298092999,33.267,35.97775701735726,61.0,3.2953308990897887,5.750423999999984,7.754875642182793,7.754875642182935,7.932164273530766,414,483,149,374.0
helicoid_patch,gaussian_curvature,2,quality_controlled,0.05,0.049867021276595744,2,5768645929147292472,1089,2048,150,3008,3.589185704630573,0.05364437385724148,12.419356032923675,210.9110314280137,8257.524828309972,11.189296069330876,38.901,41.61796487095447,64.0,3.702040675103385,6.152859999999992,7.7548756421828395,7.754875642182935,7.932164273530766,419,485,151,364.0
helicoid_patch,gaussian_curvature,2,quality_controlled,0.05,0.049867021276595744,3,9741209169783544817,1089,2048,150,3008,3.589185704630573,0.05367312308378273,12.457008956609455,210.43690065941732,8257.524828309972,11.189139162473145,41.438,44.473767548972056,72.0,3.699652679780624,6.493111999999997,7.7548756421828395,7.754875642182935,7.932164273530766,412,481,148,377.0
helicoid_patch,gaussian_curvature,2,quality_controlled,0.05,0.049867021276595744,4,4907647000543672501,1089,2048,150,3008,3.589185704630573,0.053661285233297475,12.368325174900102,210.4343344951865,8257.524828309972,11.189212223514717,36.30199999999999,39.080788118972215,60.0,4.215761450651597,7.091656000000008,7.7548756421828395,7.754875642182935,7.932164273530766,422,485,155,367.0
helicoid_patch,gaussian_curvature,2,quality_controlled,0.05,0.049867021276595744,5,3705988088526628048,1089,2048,150,3008,3.589185704630573,0.05365439579969941,12.31808635582848,200.5189463339128,8257.524828309972,11.18923495039575,31.743000000000002,35.86551268279878,62.0,4.4346560908589066,7.790215999999999,7.754875642182793,7.754875642182935,7.932164273530766,420,481,151,376.0
helicoid_patch,gaussian_curvature,2,quality_controlled,0.05,0.049867021276595744,6,10987074601056561159,1089,2048,150,3008,3.589185704630573,0.05367521150130696,12.323116331675108,210.42604380455862,8257.524828309972,11.189092048958152,39.345,42.81641040535743,69.0,3.9509295504678343,6.957531999999992,7.754875642182793,7.754875642182935,7.932164273530766,430,495,153,372.0
helicoid_patch,gaussian_curvature,2,quality_controlled,0.05,0.049867021276595744,7,1179624059506406006,1089,2048,150,3008,3.589185704630573,0.05364132580602085,12.279711838582339,217.9387955116129,8257.524828309972,11.189330117063971,33.673,36.438784282684296,57.0,3.4111567062684207,5.938424000000008,7.754875642182793,7.754875642182935,7.932164273530766,427,493,154,388.0
helicoid_patch,gaussian_curvature,2,quality_controlled,0.1,0.10006648936170212,0,17335799622088471338,1089,2048,301,3008,3.589185704630573,0.053753756162804776,13.076903562406189,203.19048456417877,8257.524828309972,11.188512712351223,60.22399999999999,64.40934714775487,95.0,6.519104594827733,9.873432000000003,7.754875642182793,7.754875642182935,7.932164273530766,530,643,196,437.0
helicoid_patch,gaussian_curvature,2,quality_controlled,0.1,0.10006648936170212,1,13262657560377597810,1089,2048,301,3008,3.589185704630573,0.05373448334730257,12.968044709868234,210.47066386208152,8257.524828309972,11.18872453045812,52.486000000000004,56.918274745462895,81.0,6.197461186153554,9.393507999999988,7.754875642182793,7.754875642182935,7.932164273530766,516,615,179,403.0
helicoid_patch,gaussian_curvature,2,quality_controlled,0.1,0.10006648936170212,2,6336995119592803505,1089,2048,301,3008,3.589185704630573,0.05373247208883232,13.079084158740894,202.6769475150341,8257.524828309972,11.188733412074916,62.340999999999994,66.73362720548015,89.0,6.487057394363039,9.914496000000009,7.754875642182793,7.754875642182935,7.932164273530766,527,643,185,408.0
helicoid_patch,gaussian_curvature,2,quality_controlled,0.1,0.10006648936170212,3,3245067513627880241,1089,2048,301,3008,3.589185704630573,0.05374768832504499,13.041422714378106,209.96722826003722,8148.677592149141,11.188626619144438,60.958999999999996,65.27349385470337,95.0,6.619909079826998,9.675039999999997,7.754875642182793,7.754875642182935,7.932164273530766,511,623,184,406.0
helicoid_patch,gaussian_curvature,2,quality_controlled,0.1,0.10006648936170212,4,13842882700569767616,1089,2048,301,3008,3.589185704630573,0.0537623796515209,12.998586454066906,210.44099493655747,8257.524828309972,11.188515406963315,58.46900000000001,63.46256376794118,92.0,6.995319746035903,10.883399999999977,7.7548756421828395,7.754875642182935,7.932164273530766,514,611,188,410.0
helicoid_patch,gaussian_curvature,2,quality_controlled,0.1,0.10006648936170212,5,7921916539971415914,1089,2048,301,3008,3.589185704630573,0.05374078309498034,13.001669828962832,210.45606764570994,8257.524828309972,11.188647729640444,59.253,64.3307935595388,85.0,7.438242389198671,11.187171999999997,7.754875642182793,7.754875642182935,7.932164273530766,543,643,182,412.0
helicoid_patch,gaussian_curvature,2,quality_controlled,0.1,0.10006648936170212,6,5469920029265756733,1089,2048,301,3008,3.589185704630573,0.05374378101864815,13.000914914111696,200.54978080338256,8257.524828309972,11.188650966793642,54.908,59.39540386258856,83.0,6.349960381466953,10.053999999999993,7.754875642182793,7.754875642182935,7.932164273530766,523,629,181,399.0
helicoid_patch,gaussian_curvature,2,quality_controlled,0.1,0.10006648936170212,7,1949260941141157309,1089,2048,301,3008,3.589185704630573,0.053780727713694146,12.969235050871717,202.70223438369374,8257.524828309972,11.1884163911249,59.646,64.06559138882587,97.0,6.775686496161977,9.832047999999983,7.7548756421828395,7.754875642182935,7.932164273530766,535,643,186,403.0
helicoid_patch,gaussian_curvature,3,baseline,0.0,0.0,0,13391325272121761892,4225,8192,0,12160,3.589185704630573,0.026828550179132788,11.16673694997169,403.6540798783529,32991.452551172915,11.164521719698332,0.0020000000000000018,0.044721359549995815,1.0,0.001074322111845653,0.0019040000000000099,7.724857186189347,7.7249172443361065,7.990060716796866,13,25,1,1.0
helicoid_patch,gaussian_curvature,3,stress,0.05,0.05,0,6909738393339865269,4225,8192,608,12160,3.589185704630573,0.02799543237518844,12.227889891144082,403.51814264113284,32991.452551172915,11.162785507172945,143.24099999999999,153.296343726783,233.0,15.43914895614727,25.55866399999999,1.4860947277444316,3.2306781193811,7.596387041363761,1926,2071,323,1376.0
helicoid_patch,gaussian_curvature,3,stress,0.05,0.05,1,2378932642073177810,4225,8192,608,12160,3.589185704630573,0.02795985390231972,12.214043490678367,403.5596452608257,32991.452551172915,11.162827551063867,139.562,149.6085960097213,224.0,16.67514124016034,27.020848000000004,1.4860947277446768,3.142847665806334,7.619111767954408,1931,2103,302,1407.0
helicoid_patch,gaussian_curvature,3,stress,0.05,0.05,2,3666179482215810611,4225,8192,608,12160,3.589185704630573,0.027958559311528915,12.268885309243206,403.57172464780075,32991.452551172915,11.162861201267182,148.458,158.85237801178803,237.0,15.836427558010675,25.8846,1.4860947277446768,3.320125141228609,7.619111767954408,1949,2121,302,1399.0
helicoid_patch,gaussian_curvature,3,stress,0.05,0.05,3,14442051661974197609,4225,8192,608,12160,3.589185704630573,0.027959272522575993,12.231673643862766,403.53789638537836,32991.452551172915,11.162841037932253,140.349,151.26301266337384,233.0,16.771116537311627,26.652603999999982,1.486094727743941,3.4111818899383137,7.615220540007321,1911,2057,319,1320.0
helicoid_patch,gaussian_curvature,3,stress,0.05,0.05,4,13166340788406467440,4225,8192,608,12160,3.589185704630573,0.02800080951311365,12.237033874067436,370.1736735229275,32991.452551172915,11.162835184976093,145.483,156.1692319248577,236.0,16.040544332659024,26.934479999999986,1.4860947277444316,3.1428476658063547,7.598957050456367,1930,2117,311,1358.0
helicoid_patch,gaussian_curvature,3,stress,0.05,0.05,5,12853869561446893319,4225,8192,608,12160,3.589185704630573,0.027981451786343082,12.280963525812346,403.8394169252118,32991.452551172915,11.162823583306569,149.844,158.9712552633337,229.0,14.323182967211736,23.323728000000003,1.539896327564271,3.1428476658063547,7.602754098677072,1906,2075,305,1321.0
helicoid_patch,gaussian_curvature,3,stress,0.05,0.05,6,1779530756357470910,4225,8192,608,12160,3.589185704630573,0.027869674321560945,12.24254031670176,391.89357969479784,32991.452551172915,11.162968397424152,135.238,144.92947940291512,215.0,14.951281851625428,24.142599999999987,1.4860947277446768,3.589590172319666,7.724857186189493,1893,2049,310,1299.0
helicoid_patch,gaussian_curvature,3,stress,0.05,0.05,7,4632044065705483539,4225,8192,608,12160,3.589185704630573,0.02787491144649987,12.23389287000811,391.8880287944079,32991.452551172915,11.162931283261804,144.47,154.15276189546523,227.0,15.297162105628598,25.428359999999966,1.4860947277446768,3.598071309995572,7.724857186189537,1870,2033,293,1335.0
helicoid_patch,gaussian_curvature,3,stress,0.1,0.1,0,3150231391564744877,4225,8192,1216,12160,3.589185704630573,0.029020619601645887,12.95910334704432,403.44033262237735,32991.452551172915,11.161162116354472,235.358,257.1325261416766,417.0,31.112096237770377,44.44588799999998,1.4860947277444316,2.212423153025314,6.536170771957868,2412,2687,378,1311.0
helicoid_patch,gaussian_curvature,3,stress,0.1,0.1,1,3394086821138987028,4225,8192,1216,12160,3.589185704630573,0.0290941229641063,12.929990985919055,403.66366051214555,32991.452551172915,11.16112907734803,232.65300000000002,252.34542397277585,414.0,29.372730509601325,41.90336800000002,1.4860947277444316,2.1446801688880917,6.466591692734178,2412,2673,366,1372.0
helicoid_patch,gaussian_curvature,3,stress,0.1,0.1,2,10649148274549305099,4225,8192,1216,12160,3.589185704630573,0.028997667274164814,12.951830223285237,409.54419056802817,32991.452551172915,11.161284474817707,241.833,263.7869007361814,445.0,31.85566868969739,44.28786399999998,1.4860947277444316,2.2815923698420026,6.536170771957868,2420,2699,369,1318.0
helicoid_patch,gaussian_curvature,3,stress,0.1,0.1,3,10691376675200111126,4225,8192,1216,12160,3.589185704630573,0.029224555081402356,12.986872276408166,397.2021326597665,32991.452551172915,11.160970939078753,231.43499999999997,253.34018828444886,433.0,31.767355763586867,43.80358399999998,1.4860947277446768,2.1446801688880766,6.364723944536604,2465,2719,357,1320.0
helicoid_patch,gaussian_curvature,3,stress,0.1,0.1,4,14701514803419964150,4225,8192,1216,12160,3.589185704630573,0.02909586634313526,12.952774012493531,403.4672330286752,32991.452551172915,11.161178551082862,232.535,251.66217633963194,399.0,27.085264994688163,39.66788000000002,1.4860947277444316,2.275367140328384,6.466591692734147,2455,2739,365,1356.0
helicoid_patch,gaussian_curvature,3,stress,0.1,0.1,5,18275383204116168828,4225,8192,1216,12160,3.589185704630573,0.029297295461191034,12.976110309282642,391.75249801294456,32991.452551172915,11.160898282164673,236.53699999999998,258.68942189428617,429.0,31.96410284799055,45.21164799999994,1.4860947277444316,2.1446801688884314,6.331476144856878,2454,2735,367,1292.0
helicoid_patch,gaussian_curvature,3,stress,0.1,0.1,6,5952341607826553114,4225,8192,1216,12160,3.589185704630573,0.028945061214562612,13.004392656779743,385.80799786925064,32991.452551172915,11.161278187170902,238.767,259.35125794952296,434.0,29.537656296856103,41.20920000000006,1.4860947277444316,2.1446801688884314,6.5361707719579485,2411,2687,362,1274.0
helicoid_patch,gaussian_curvature,3,stress,0.1,0.1,7,2349791078077552134,4225,8192,1216,12160,3.589185704630573,0.028933239807835187,12.953695986614555,403.4521035906095,32991.452551172915,11.16129217676998,236.07399999999998,258.7684949911793,436.0,31.955223970911153,45.28525199999997,1.4860947277444316,2.345856938739265,6.5361707719578925,2390,2685,375,1317.0
helicoid_patch,gaussian_curvature,3,quality_controlled,0.05,0.05,0,3695382523858917755,4225,8192,608,12160,3.589185704630573,0.026882608112766125,12.33108705155362,403.6613839306839,32991.452551172915,11.164341522472634,151.203,164.31270492569953,253.0,16.461750491180705,28.302800000000016,7.724857186189347,7.7249172443361065,7.990060716796866,1756,1969,305,1394.0
helicoid_patch,gaussian_curvature,3,quality_controlled,0.05,0.05,1,14858938585278181254,4225,8192,608,12160,3.589185704630573,0.02688218729257341,12.312258214995255,397.3892123080743,32991.452551172915,11.164348547562202,155.474,168.64571740782512,263.0,16.35305493773075,28.787479999999995,7.724857186189347,7.7249172443361065,7.990060716796866,1789,1993,294,1387.0
helicoid_patch,gaussian_curvature,3,quality_controlled,0.05,0.05,2,4848044101999127763,4225,8192,608,12160,3.589185704630573,0.026884531896410453,12.30250631227497,403.6621388687771,32991.452551172915,11.164337006035515,146.65300000000002,157.40628005260783,241.0,14.90930458481173,25.387664000000008,7.724857186189347,7.7249172443361065,7.990060716796866,1810,2015,319,1388.0
helicoid_patch,gaussian_curvature,3,quality_controlled,0.05,0.05,3,589205319762489671,4225,8192,608,12160,3.589185704630573,0.026874640577286467,12.319082865158716,382.6617799670654,32991.452551172915,11.164371656465462,154.745,166.09580668999442,254.0,15.624774465589448,27.410024000000007,7.724857186189347,7.7249172443361065,7.990060716796866,1813,2039,295,1422.0
helicoid_patch,gaussian_curvature,3,quality_controlled,0.05,0.05,4,9811390944629880291,4225,8192,608,12160,3.589185704630573,0.02688277162503493,12.353334204635825,403.6608907467976,32991.452551172915,11.164342548540754,160.921,174.0512999089636,271.0,15.10551754324598,26.347008,7.724857186189347,7.7249172443361065,7.990060716796866,1767,1999,314,1396.0
helicoid_patch,gaussian_curvature,3,quality_controlled,0.05,0.05,5,6202724247618065882,4225,8192,608,12160,3.589185704630573,0.026883292011614875,12.363993944764236,403.66458269223466,32991.452551172915,11.164341665850591,159.755,171.3754445654336,265.0,13.9223913780586,24.536720000000027,7.724857186189347,7.7249172443361065,7.990060716796866,1790,2015,308,1398.0
helicoid_patch,gaussian_curvature,3,quality_controlled,0.05,0.05,6,15546740206833410192,4225,8192,608,12160,3.589185704630573,0.026876150951433184,12.35315092121802,403.664674660359,32991.452551172915,11.164362347535095,153.555,165.74861990375666,251.0,15.216276532013998,26.623759999999997,7.724857186189347,7.7249172443361065,7.990060716796866,1755,1975,298,1362.0
helicoid_patch,gaussian_curvature,3,quality_controlled,0.05,0.05,7,18147439749196940704,4225,8192,608,12160,3.589185704630573,0.026877532932456195,12.3160745027488,409.84191059011755,32991.452551172915,11.164358265320324,152.047,165.07409548442178,256.0,16.69375517836511,28.306855999999993,7.724857186189347,7.7249172443361065,7.990060716796866,1781,1997,293,1408.0
helicoid_patch,gaussian_curvature,3,quality_controlled,0.1,0.1,0,16375417998953739234,4225,8192,1216,12160,3.589185704630573,0.026926352849255014,13.01251511641787,403.9228333774328,32991.452551172915,11.164195158775598,241.382,260.8980337219888,393.0,27.9408720556404,41.24486400000006,7.724857186189441,7.7249172443361065,7.990060716796866,2205,2601,348,1429.0
helicoid_patch,gaussian_curvature,3,quality_controlled,0.1,0.1,1,13153209637799815663,4225,8192,1216,12160,3.589185704630573,0.02692942780232957,12.973485272488096,403.67099254835387,32991.452551172915,11.164184042620377,230.11,247.4584247909131,380.0,26.927600934922392,39.08910400000004,7.724857186189347,7.7249172443361065,7.990060716796866,2130,2529,355,1381.0
helicoid_patch,gaussian_curvature,3,quality_controlled,0.1,0.1,2,6565598712903219793,4225,8192,1216,12160,3.589185704630573,0.026925406418331542,12.952921206999182,403.92696683742787,32991.452551172915,11.164196666661514,233.772,254.19890637058216,382.0,29.081267887446746,43.42448000000001,7.724857186189441,7.7249172443361065,7.990060716796866,2182,2585,347,1415.0
helicoid_patch,gaussian_curvature,3,quality_controlled,0.1,0.1,3,17363870270211353317,4225,8192,1216,12160,3.589185704630573,0.026920606054899446,12.939144974892773,410.1000906781846,32991.452551172915,11.164215936613601,228.207,246.7405945522544,376.0,28.372742442647176,42.40414799999999,7.724857186189347,7.7249172443361065,7.990060716796866,2217,2609,358,1432.0
helicoid_patch,gaussian_curvature,3,quality_controlled,0.1,0.1,4,7042137558529578658,4225,8192,1216,12160,3.589185704630573,0.026932200352142024,12.974246964360526,403.4172339314694,32881.458649542,11.164180625796394,244.226,262.52703098919164,395.0,28.646597738294744,41.98530400000001,7.724857186189347,7.7249172443361065,7.990060716796866,2185,2595,353,1467.0
helicoid_patch,gaussian_curvature,3,quality_controlled,0.1,0.1,5,12413259564771417408,4225,8192,1216,12160,3.589185704630573,0.02691725071385394,12.999422478348627,403.41984648728305,32881.458649542,11.16422717738582,232.371,250.3815228805832,371.0,26.944574169603655,40.25025600000002,7.724857186189347,7.7249172443361065,7.990060716796866,2198,2587,365,1410.0
helicoid_patch,gaussian_curvature,3,quality_controlled,0.1,0.1,6,8259684279621023195,4225,8192,1216,12160,3.589185704630573,0.026931233227949807,12.937637585905138,388.91655601570767,32881.45864954199,11.164184188032289,221.364,239.47426166500648,362.0,27.75012419864889,41.33169999999998,7.724857186189347,7.7249172443361065,7.990060716796866,2223,2591,362,1473.0
helicoid_patch,gaussian_curvature,3,quality_controlled,0.1,0.1,7,11586587784307213983,4225,8192,1216,12160,3.589185704630573,0.026924680824320806,13.015522281278454,388.92199822076066,32881.45864954199,11.164202134832417,242.78699999999998,262.43049556025306,391.0,28.528556397683516,41.952816000000055,7.724857186189347,7.7249172443361065,7.990060716796891,2227,2643,359,1422.0
helicoid_patch,mean_curvature,0,baseline,0.0,0.0,0,9687557722272841326,81,128,0,176,3.589185704630573,0.2105116946896406,0.48024290083312815,1.3009849447650925,6.319162661735275,0.40338347126231616,0.06600000000000006,0.3376388603226828,2.0,0.01831702050007046,0.03207599999999941,7.754723671539981,7.754723671539981,7.7547236715400745,9,9,7,7.0
helicoid_patch,mean_curvature,0,stress,0.05,0.05113636363636364,0,11338778047560962911,81,128,9,176,3.589185704630573,0.21844930433852344,0.7794547551530597,1.6204616642279563,6.319162661735275,0.39166752519601283,2.048,2.424871130596428,8.0,0.5015019470670063,1.0199999999999987,5.190238269860207,7.424255703611336,7.754723671540014,29,29,18,23.0
helicoid_patch,mean_curvature,0,stress,0.05,0.05113636363636364,1,7505749735119145096,81,128,9,176,3.589185704630573,0.21926994105852515,0.6565904458222944,1.3680472102769592,6.319162661735275,0.41011357323826797,0.7979999999999999,1.2625371281669302,6.0,0.16464052747728902,0.39899999999999985,7.302027825062385,7.754723671539981,7.7547236715400745,25,25,15,17.0
helicoid_patch,mean_curvature,0,stress,0.05,0.05113636363636364,2,11214931682104422532,81,128,9,176,3.589185704630573,0.214159427202086,0.5113556614735119,1.2789302476790572,7.215749224295064,0.38313680085244667,0.3279999999999999,1.1296016997154348,6.0,0.08680965144498656,0.15547200000000155,7.754723671539981,7.754723671539981,7.767642841469871,29,29,16,21.0
helicoid_patch,mean_curvature,0,stress,0.05,0.05113636363636364,3,15462470158821686784,81,128,9,176,3.589185704630573,0.21790568212077596,0.786871314292872,1.5653080187612918,6.319162661735275,0.3097759592731845,1.726,2.114237451186597,6.0,0.4102541631233003,0.8638039999999992,5.190238269860207,7.754723671539981,7.7547236715400745,27,27,17,19.0
helicoid_patch,mean_curvature,0,stress,0.05,0.05113636363636364,4,15440428892045829148,81,128,9,176,3.589185704630573,0.21488829534818266,0.8983849417246452,2.0841654727203123,13.573685938316375,0.19236819894239632,2.894,3.438022687534217,11.0,0.7986590259979549,1.448000000000002,4.722582878034557,7.361436209520173,7.7547236715400745,29,29,17,23.0
helicoid_patch,mean_curvature,0,stress,0.05,0.05113636363636364,5,2939174972686781184,81,128,9,176,3.589185704630573,0.21762403398789235,0.9247276721276494,2.245213208011604,13.573685938316377,0.35701409261753203,2.133,2.579728667902886,8.0,0.25131761983593603,0.5357839999999998,4.722582878034557,7.226059144440748,7.754723671540014,28,29,16,22.0
helicoid_patch,mean_curvature,0,stress,0.05,0.05113636363636364,6,12903875001397477951,81,128,9,176,3.589185704630573,0.21573614941363844,0.631486811048199,1.422440005839739,5.42752675138599,0.3064036557528354,1.791,2.37086482111486,9.0,0.4633123525225736,0.8464000000000007,5.190238269860207,7.754723671539981,7.7547236715400745,29,29,15,18.0
helicoid_patch,mean_curvature,0,stress,0.05,0.05113636363636364,7,11203543004680007939,81,128,9,176,3.589185704630573,0.21432356698540778,0.5349107585377281,1.318282906438793,6.319162661735275,0.37568102462101344,0.5419999999999998,1.6881943016134127,10.0,0.13908023016949647,0.22872400000000193,7.522058878609748,7.754723671539981,7.7547236715400745,23,23,18,23.0
helicoid_patch,mean_curvature,0,stress,0.1,0.10227272727272728,0,12790466772744166081,81,128,18,176,3.589185704630573,0.2249861349122219,0.9988867193309892,1.9139545862292644,11.066761645969933,0.262877634190493,1.963,2.693139431964116,8.0,0.4542214918737343,0.9542800000000005,5.190238269860207,7.103831265891797,7.754723671539981,33,33,20,22.0
helicoid_patch,mean_curvature,0,stress,0.1,0.10227272727272728,1,17112018798425838792,81,128,18,176,3.589185704630573,0.22889923221968375,1.1619679804195184,2.246008038973911,15.785423234497468,0.3304680610402825,2.143,3.012806001056158,8.0,0.49442259301128133,1.0128799999999993,4.722582878034557,7.103831265891797,7.754723671539981,37,37,23,30.0
helicoid_patch,mean_curvature,0,stress,0.1,0.10227272727272728,2,12173880080314276397,81,128,18,176,3.589185704630573,0.2246107810387528,1.253214150692519,2.395315871799944,11.066761645969935,0.4360917230599068,2.2699999999999996,2.6769385499110734,6.0,0.6100504320857396,1.1082319999999983,5.190238269860207,7.10383126589181,7.754723671539981,29,29,16,17.0
helicoid_patch,mean_curvature,0,stress,0.1,0.10227272727272728,3,7469513902045669147,81,128,18,176,3.589185704630573,0.2222111579915296,0.8123733363264696,1.5370372821068967,6.319162661735275,0.3951743947219486,1.4769999999999999,2.1589349225949355,9.0,0.31286816582068533,0.733688,5.190238269860207,7.522058878609748,7.754723671539981,32,33,20,26.0
helicoid_patch,mean_curvature,0,stress,0.1,0.10227272727272728,4,6291259209471889983,81,128,18,176,3.589185704630573,0.22791413534024452,1.2836892929635806,2.5480523433252893,13.573685938316384,0.3567911269468832,3.068,3.6433501067012486,8.0,0.4291403078248409,0.8397399999999984,4.722582878034557,7.030525689212264,7.754723671539981,31,33,19,27.0
helicoid_patch,mean_curvature,0,stress,0.1,0.10227272727272728,5,18379202423422551528,81,128,18,176,3.589185704630573,0.2384784739040878,1.4282450517170984,2.607567576140252,15.509249750604901,0.2425257897172386,3.846,4.903876018008612,9.0,0.9747398890781038,1.7120639999999983,4.722582878034557,5.687115873085262,7.754723671539981,36,37,22,27.0
helicoid_patch,mean_curvature,0,stress,0.1,0.10227272727272728,6,5435042379858659784,81,128,18,176,3.589185704630573,0.22621604628121558,1.4470402637501016,2.776037993734812,13.718475826532286,0.2711261534438095,3.122,3.783913318246072,7.0,0.5540364524252869,0.9842279999999972,4.722582878034557,4.848849833827483,7.60349155613533,28,29,18,21.0
helicoid_patch,mean_curvature,0,stress,0.1,0.10227272727272728,7,12020032484664581875,81,128,18,176,3.589185704630573,0.22700944999977005,1.050771763810016,2.1849300841749666,15.785423234497484,0.23176027301988522,2.8449999999999998,3.7564611005572788,10.0,0.6606211986426123,1.365272000000002,4.722582878034557,7.36143620952021,7.754723671540014,33,33,19,24.0
helicoid_patch,mean_curvature,0,quality_controlled,0.05,0.05113636363636364,0,14360755079223125265,81,128,9,176,3.589185704630573,0.21358511265586577,0.36985704856888374,1.0240965409774265,6.319162661735275,0.2299085254401709,0.21999999999999992,0.8602325267042625,6.0,0.055628277413559725,0.10999999999999929,7.754723671539981,7.754723671539981,7.7547236715400745,20,21,12,15.0
helicoid_patch,mean_curvature,0,quality_controlled,0.05,0.05113636363636364,1,8139156393558696723,81,128,9,176,3.589185704630573,0.2138883138071408,0.3838367835739028,1.0607033240091104,6.319162661735275,0.18197712139022348,0.739,1.2324771803161305,6.0,0.16707736124322803,0.34928000000000026,7.754723671539981,7.754723671539981,7.767642841469871,23,23,14,16.0
helicoid_patch,mean_curvature,0,quality_controlled,0.05,0.05113636363636364,2,5608026008578681417,81,128,9,176,3.589185704630573,0.21650212252694723,0.6365569922663452,1.3927376917742242,7.215749224295064,0.37157723454435665,0.6739999999999999,1.6192590898309014,8.0,0.12858521330230735,0.3274759999999992,7.754723671539981,7.754723671539981,7.7547236715400745,30,31,18,25.0
helicoid_patch,mean_curvature,0,quality_controlled,0.05,0.05113636363636364,3,2922277107023759159,81,128,9,176,3.589185704630573,0.21090553068340775,0.45663943640618426,1.2349719160954586,6.319162661735275,0.29633296157049605,0.902,1.7326280616450835,8.0,0.19102391580113762,0.4291560000000004,7.754723671539981,7.754723671539981,7.7547236715400745,28,29,16,21.0
helicoid_patch,mean_curvature,0,quality_controlled,0.05,0.05113636363636364,4,14643083771279090853,81,128,9,176,3.589185704630573,0.21331487138301528,0.4802463096290573,1.1434478244928812,4.177630583290949,0.257448194923598,0.54,1.0601886624558856,6.0,0.09408453985645059,0.27000000000000035,7.754723671539981,7.754723671539981,7.7547236715400745,25,25,14,17.0
helicoid_patch,mean_curvature,0,quality_controlled,0.05,0.05113636363636364,5,12071085201138271991,81,128,9,176,3.589185704630573,0.21093170449145904,0.46384470532350325,1.276527794603698,6.319162661735275,0.3600369587460826,0.238,0.8910667763978185,4.0,0.06403942904180215,0.11233600000000046,7.754723671539981,7.754723671539981,7.7547236715400745,20,21,13,15.0
helicoid_patch,mean_curvature,0,quality_controlled,0.05,0.05113636363636364,6,17403554012235338196,81,128,9,176,3.589185704630573,0.21362210127790687,0.5570910587581488,1.3450793168773323,7.215749224295064,0.3438778196652106,0.61,1.4106735979665883,6.0,0.1125918102527883,0.298795999999999,7.754723671539981,7.754723671539981,7.7547236715400745,27,27,16,21.0
helicoid_patch,mean_curvature,0,quality_controlled,0.05,0.05113636363636364,7,16445640723896785061,81,128,9,176,3.589185704630573,0.2194926707643509,0.6160279713097154,1.3438655665304087,6.319162661735275,0.241605258514015,1.0579999999999998,1.9230184606498189,8.0,0.21162381482243445,0.5125000000000002,7.754723671539981,7.754723671539981,7.767642841469871,29,29,19,25.0
helicoid_patch,mean_curvature,0,quality_controlled,0.1,0.10227272727272728,0,17796080255310430031,81,128,18,176,3.589185704630573,0.22361925069307123,0.53860284647136,1.2031756131001556,6.319162661735275,0.2959844760295982,1.109,2.1902054698132774,9.0,0.23337247644056147,0.5355960000000008,7.754723671539981,7.754723671539981,7.791635585625208,28,29,15,20.0
helicoid_patch,mean_curvature,0,quality_controlled,0.1,0.10227272727272728,1,6779235579313436768,81,128,18,176,3.589185704630573,0.22601955240374186,0.6497839133392207,1.278050819525605,4.17763058329094,0.17093839697062588,1.257,1.9269146322554094,6.0,0.30484908033976493,0.6054920000000008,7.754723671539981,7.754723671539981,7.791635585625208,31,31,17,20.0
helicoid_patch,mean_curvature,0,quality_controlled,0.1,0.10227272727272728,2,10673580409145891208,81,128,18,176,3.589185704630573,0.2313227046392162,0.7253134656694542,1.3472980710967852,6.319162661735275,0.1165094075975307,1.4020000000000001,1.99047732968753,6.0,0.2973197819856592,0.7027800000000002,7.754723671539981,7.754723671539981,7.767642841469871,25,25,15,19.0
helicoid_patch,mean_curvature,0,quality_controlled,0.1,0.10227272727272728,3,14506824294511307009,81,128,18,176,3.589185704630573,0.22605853745532223,0.8664454994404025,1.57901225609715,6.319162661735275,0.4821467597934562,0.7740000000000001,1.5601281998605114,6.0,0.16108880132399042,0.37923600000000024,7.754723671539981,7.754723671539981,7.791635585625224,29,29,21,23.0
helicoid_patch,mean_curvature,0,quality_controlled,0.1,0.10227272727272728,4,3011978940581147008,81,128,18,176,3.589185704630573,0.2111351934683606,0.36544368966007573,1.1716173867950683,5.909866006302363,0.2443651434527384,0.604,1.708800749063506,8.0,0.15357733739064575,0.2814640000000024,7.754723671539981,7.754723671539981,7.7547236715400745,31,31,15,17.0
helicoid_patch,mean_curvature,0,quality_controlled,0.1,0.10227272727272728,5,7768697836601739373,81,128,18,176,3.589185704630573,0.21698663170615096,0.49094622666446736,1.1641524118735327,6.319162661735275,0.15348295543084883,1.017,2.1300234740490533,10.0,0.22015022825334413,0.5049999999999991,7.754723671539981,7.754723671539981,7.767642841469871,27,27,15,20.0
helicoid_patch,mean_curvature,0,quality_controlled,0.1,0.10227272727272728,6,2043300286139936707,81,128,18,176,3.589185704630573,0.23288488387593417,1.0009469761011518,1.6899374340234385,7.215749224295064,0.3227204260764422,1.1880000000000002,2.240535650240808,8.0,0.26055690879345456,0.5151200000000011,7.754723671539981,7.7547236715400745,7.791635585625224,29,29,20,23.0
helicoid_patch,mean_curvature,0,quality_controlled,0.1,0.10227272727272728,7,5495470474841627065,81,128,18,176,3.589185704630573,0.21678644891859292,0.5163732256498608,1.2443256411104322,6.319162661735269,0.15662552142720781,0.9129999999999999,1.630030674557997,6.0,0.20627101929257932,0.4533759999999992,7.754723671539981,7.754723671539981,7.7547236715400745,20,21,12,14.0
helicoid_patch,mean_curvature,1,baseline,0.0,0.0,0,10171422939372198558,289,512,0,736,3.589185704630573,0.10661765833072771,0.23619156840490557,0.9403987419968158,7.158933616183051,0.21523350959757534,0.05800000000000005,0.30000000000000016,2.0,0.016118572393360092,0.028768000000000876,7.789096995321862,7.789096995321862,7.793225791949496,19,19,4,5.0
helicoid_patch,mean_curvature,1,stress,0.05,0.050271739130434784,0,17744085556927562238,289,512,37,736,3.589185704630573,0.11181933427905325,1.332100753701722,3.469859316043341,26.588955858805246,0.15303437991420785,13.03,14.720733677368122,32.0,3.5618745210554565,6.516000000000003,1.9402155150308469,3.023754467933579,7.789096995321956,112,117,34,67.0
helicoid_patch,mean_curvature,1,stress,0.05,0.050271739130434784,1,5298699697724819788,289,512,37,736,3.589185704630573,0.11194217232575021,1.3734966305026095,3.3664914150185985,26.588955858804827,0.1640040704379011,13.315,15.24699970485997,26.0,3.7252004736303888,6.662000000000013,2.002725989662637,3.3559362394531522,7.789096995321862,112,115,26,52.0
helicoid_patch,mean_curvature,1,stress,0.05,0.050271739130434784,2,16051043897476767674,289,512,37,736,3.589185704630573,0.11082483449961647,0.9985718953842073,2.8536241328852734,25.76659386579874,0.11722339037987377,8.978,10.696261028976433,28.0,2.37879353248658,4.492999999999991,1.9402155150306593,3.851388102619364,7.789096995321956,105,107,29,63.0
helicoid_patch,mean_curvature,1,stress,0.05,0.050271739130434784,3,10118023839902466510,289,512,37,736,3.589185704630573,0.1104946168256737,1.2330820202698325,3.272744571329307,25.76659386579567,0.16704612603990612,12.04,13.12097557348538,33.0,3.2819027716152855,6.022000000000017,1.9402155150308469,3.355936239453176,7.789096995321956,119,123,34,75.0
helicoid_patch,mean_curvature,1,stress,0.05,0.050271739130434784,4,14910236274450625724,289,512,37,736,3.589185704630573,0.11000309200464976,0.9304960056380998,2.6651945854846804,23.024983388071295,0.13969082075659567,7.567,9.733396118518963,31.0,1.9184931041856739,3.767000000000001,2.002725989662455,3.023754467933579,7.789096995321956,114,117,34,66.0
helicoid_patch,mean_curvature,1,stress,0.05,0.050271739130434784,5,2702637006755770538,289,512,37,736,3.589185704630573,0.11090812085423042,1.2595792495400233,3.346974545368596,26.588955858805164,0.17628370159257212,12.893,14.630071770158887,35.0,3.4859765131738905,6.450000000000006,2.002725989662637,3.023754467933579,7.789096995321956,118,119,34,76.0
helicoid_patch,mean_curvature,1,stress,0.05,0.050271739130434784,6,15636046924516478587,289,512,37,736,3.589185704630573,0.11025615781363354,1.1205507726013633,3.272041935278845,26.17106588400618,0.16260249776201097,10.651,12.753234883746162,33.0,2.812265449324438,5.304999999999991,1.9402155150306593,3.4135976659972,7.789096995321956,119,121,33,68.0
helicoid_patch,mean_curvature,1,stress,0.05,0.050271739130434784,7,14088825986687333796,289,512,37,736,3.589185704630573,0.10993657447166516,1.113843892339668,3.465315812170906,25.76659386579567,0.14982334906368786,8.119,9.971108263377747,26.0,2.0812785752455127,4.062000000000002,1.9402155150306593,2.042218725980371,7.791367833467052,109,113,28,64.0
helicoid_patch,mean_curvature,1,stress,0.1,0.10054347826086957,0,14146321711254304769,289,512,74,736,3.589185704630573,0.11285019782814049,1.5082543332480955,3.6978543382415063,26.588955858805164,0.19100349503207062,11.897,15.80907966960759,37.0,3.1328167857913383,5.690095999999991,2.2918905892405275,2.8605927145541292,7.789096995321862,130,135,45,72.0
helicoid_patch,mean_curvature,1,stress,0.1,0.10054347826086957,1,10655425939876429688,289,512,74,736,3.589185704630573,0.11442388613115967,1.9625271843092056,4.31598201599991,26.58895585880499,0.2075821320738681,17.14,19.74715169334555,41.0,4.712117752313917,8.222159999999999,1.9402155150306593,2.2995752196046935,7.658897046314283,144,149,43,77.0
helicoid_patch,mean_curvature,1,stress,0.1,0.10054347826086957,2,14320526700447251077,289,512,74,736,3.589185704630573,0.11484975806866322,1.7123243943230295,3.753382473766681,30.918218844938988,0.11299392712051862,13.977,17.801713400681408,43.0,3.8326111769601723,6.908000000000008,1.9402155150306593,2.9826982939255418,7.499763775304921,147,153,39,84.0
helicoid_patch,mean_curvature,1,stress,0.1,0.10054347826086957,3,17085471855639809629,289,512,74,736,3.589185704630573,0.11562794700195667,1.6959473428688068,3.7787511011736132,30.322459092575727,0.2573130076874436,15.322999999999999,19.638151644184845,44.0,4.047354624615934,7.445899999999994,1.9402155150308469,3.023754467933603,7.499763775304921,149,157,51,92.0
helicoid_patch,mean_curvature,1,stress,0.1,0.10054347826086957,4,14225461685103779956,289,512,74,736,3.589185704630573,0.11387963444118705,1.5054868056259623,3.5523479460995353,28.512907699187664,0.11932079382263144,12.818999999999999,15.110228323887101,35.0,3.499679242522646,6.401999999999986,2.002725989662455,2.901648888561938,7.789096995321862,146,151,43,82.0
helicoid_patch,mean_curvature,1,stress,0.1,0.10054347826086957,5,9432454393350436222,289,512,74,736,3.589185704630573,0.11557931854292647,1.8718582180483958,3.9842416284439377,26.588955858806102,0.11943085395838085,15.229,19.916149226193298,38.0,4.178873055238695,7.442999999999994,1.9402155150306593,2.4149633816083727,7.288606636563226,135,141,44,80.0
helicoid_patch,mean_curvature,1,stress,0.1,0.10054347826086957,6,13769644935488542715,289,512,74,736,3.589185704630573,0.11478139620588862,1.8656348909943328,4.113055246360751,26.588955858805146,0.1350998065457764,15.632,17.20732402205526,35.0,4.3163947067931545,7.813999999999993,1.9402155150306593,2.2995752196046935,7.789096995321862,140,145,40,77.0
helicoid_patch,mean_curvature,1,stress,0.1,0.10054347826086957,7,11164223270652926579,289,512,74,736,3.589185704630573,0.11475510739068767,1.643933329625562,3.7123012578463377,25.76659386579541,0.11919301948591203,15.38,18.558394327096295,41.0,4.213805989773149,7.529000000000011,1.9402155150308469,3.3559362394531522,7.499763775304921,156,167,50,101.0
helicoid_patch,mean_curvature,1,quality_controlled,0.05,0.050271739130434784,0,7057260774540829724,289,512,37,736,3.589185704630573,0.10672038632656834,0.23545559147862388,0.916866406543069,7.158933616183051,0.19341885448927187,0.71,2.608831155901048,12.0,0.18021785818281225,0.3392080000000014,7.789096995321862,7.789096995321862,7.793225791949496,92,93,21,29.0
helicoid_patch,mean_curvature,1,quality_controlled,0.05,0.050271739130434784,1,17972820982743296826,289,512,37,736,3.589185704630573,0.1067984973613759,0.227877068751225,0.8833098176007803,7.158933616183051,0.16951760249250697,1.088,3.892043165228258,20.0,0.2290375828723312,0.544,7.789096995321862,7.789096995321862,7.793225791949496,87,89,27,51.0
helicoid_patch,mean_curvature,1,quality_controlled,0.05,0.050271739130434784,2,16105790821631085862,289,512,37,736,3.589185704630573,0.10680814529668174,0.26245262388507007,0.9414170994125967,7.158933616183052,0.191687561548886,1.5029999999999997,3.9536059490040216,19.0,0.3113923226799282,0.7214720000000008,7.789096995321862,7.789096995321862,7.793225791949496,89,93,29,46.0
helicoid_patch,mean_curvature,1,quality_controlled,0.05,0.050271739130434784,3,7624716577276848436,289,512,37,736,3.589185704630573,0.10674821578178671,0.2104816589211039,0.8622866133500108,7.686911300737373,0.17032331777676768,0.6759999999999999,2.469007897921754,12.0,0.17912311734670083,0.3059439999999996,7.789096995321862,7.789096995321862,7.793225791949496,97,99,22,37.0
helicoid_patch,mean_curvature,1,quality_controlled,0.05,0.050271739130434784,4,18143821544257016660,289,512,37,736,3.589185704630573,0.10680436395539655,0.2517419578033124,0.9122825075824151,7.158933616183051,0.19270012760653973,1.0479999999999998,3.8220413393892003,19.0,0.24670721322247488,0.5239999999999991,7.789096995321862,7.789096995321862,7.793225791949496,93,95,24,47.0
helicoid_patch,mean_curvature,1,quality_controlled,0.05,0.050271739130434784,5,879482474084344631,289,512,37,736,3.589185704630573,0.10684068970329749,0.247488257806789,0.8908319006085448,7.158933616183051,0.17892156203547677,1.396,4.142945811858996,19.0,0.3452564579555315,0.6392159999999991,7.789096995321862,7.789096995321862,7.793225791949496,83,85,25,45.0
helicoid_patch,mean_curvature,1,quality_controlled,0.05,0.050271739130434784,6,8867562029958652128,289,512,37,736,3.589185704630573,0.1067468053165777,0.20231921047298568,0.8212029626499974,7.158933616183051,0.16272988961572216,0.6659999999999999,2.3302360395462083,11.0,0.13138138909297567,0.33299999999999835,7.789096995321862,7.789096995321862,7.793225791949496,80,81,21,33.0
helicoid_patch,mean_curvature,1,quality_controlled,0.05,0.050271739130434784,7,15356980448863094137,289,512,37,736,3.589185704630573,0.10686222532729962,0.2778443461717517,0.9604345168488472,7.686911300737373,0.20781298534796172,1.1519999999999997,4.31369910865373,22.0,0.2567632498314346,0.575999999999999,7.789096995321862,7.789096995321862,7.793225791949496,89,89,28,61.0
helicoid_patch,mean_curvature,1,quality_controlled,0.1,0.10054347826086957,0,6808207679984640241,289,512,74,736,3.589185704630573,0.10698052812428857,0.2041136592295234,0.7748611102598733,7.158933616183051,0.11184628117739147,1.982,5.497090139337356,26.0,0.41774058571319034,0.9769999999999979,7.789096995321862,7.789096995321862,7.793225791949496,116,119,37,67.0
helicoid_patch,mean_curvature,1,quality_controlled,0.1,0.10054347826086957,1,13974969846189509958,289,512,74,736,3.589185704630573,0.10692369214460837,0.24193550151497864,0.844267400182927,7.158933616183052,0.1381324502613777,2.716,6.217877451349454,30.0,0.5485430929799406,1.344043999999998,7.789096995321862,7.789096995321862,7.793225791949496,108,115,33,71.0
helicoid_patch,mean_curvature,1,quality_controlled,0.1,0.10054347826086957,2,14144448884987658728,289,512,74,736,3.589185704630573,0.10691436606575987,0.19153321689291578,0.7344901893964539,7.686911300737373,0.08579875415506209,2.414,5.511805511808268,27.0,0.5077063932628791,1.1940000000000002,7.789096995321862,7.789096995321862,7.793225791949496,113,117,33,63.0
helicoid_patch,mean_curvature,1,quality_controlled,0.1,0.10054347826086957,3,13872905261375463557,289,512,74,736,3.589185704630573,0.10684967257297061,0.22965811969568067,0.8793675075743388,7.158933616183052,0.14073889251818505,2.44,5.3124382349350645,24.0,0.4438669255982032,1.2209999999999999,7.789096995321862,7.789096995321862,7.793225791949496,116,121,26,61.0
helicoid_patch,mean_curvature,1,quality_controlled,0.1,0.10054347826086957,4,2211103649352266493,289,512,74,736,3.589185704630573,0.10691145946761281,0.23898525099190224,0.876307637161566,7.158933616183051,0.12569443680664932,2.3169999999999997,5.560305746989099,27.0,0.48746191353171475,1.1249999999999996,7.789096995321862,7.789096995321862,7.793225791949496,127,129,36,68.0
helicoid_patch,mean_curvature,1,quality_controlled,0.1,0.10054347826086957,5,8173560703046183953,289,512,74,736,3.589185704630573,0.10701666773951622,0.22428517730116204,0.8161188673731099,7.158933616183051,0.1299300957672595,1.9159999999999997,5.780311410296161,27.0,0.4747454745102905,0.8180880000000019,7.789096995321862,7.789096995321862,7.793225791949496,115,117,32,65.0
helicoid_patch,mean_curvature,1,quality_controlled,0.1,0.10054347826086957,6,14874568657922035973,289,512,74,736,3.589185704630573,0.10698908301311418,0.2581288033415224,0.9503004689799833,6.235244034571171,0.13772240888447584,2.541,5.920219590521959,28.0,0.4949506712794731,1.2670000000000003,7.789096995321862,7.789096995321862,7.793225791949496,122,129,38,72.0
helicoid_patch,mean_curvature,1,quality_controlled,0.1,0.10054347826086957,7,4307815193948442283,289,512,74,736,3.589185704630573,0.10692712209517233,0.25252857164865855,0.9229298612541824,7.158933616183052,0.1592981782083116,2.0709999999999997,5.555447776732312,27.0,0.4124099764069722,1.0299999999999991,7.789096995321862,7.789096995321862,7.793225791949496,130,135,38,70.0
helicoid_patch,mean_curvature,2,baseline,0.0,0.0,0,3574605518281935342,1089,2048,0,3008,3.589185704630573,0.05355693676681215,0.11671975961555192,0.6512614615365746,7.414242610478354,0.11109667232914841,0.050000000000000044,0.2645751311064592,2.0,0.013873535958796366,0.025099999999998568,7.754875642182793,7.754875642182935,7.932164273530766,25,25,4,5.0
helicoid_patch,mean_curvature,2,stress,0.05,0.049867021276595744,0,13817569651480541488,1089,2048,150,3008,3.589185704630573,0.05576778107832702,2.119624280686628,6.476518309586348,68.14465695833276,0.07931723229205453,57.568999999999996,65.92434300013917,147.0,15.694825659597221,28.80199999999994,0.5394277207912841,2.1185443319014365,7.7553670384841,476,489,65,288.0
helicoid_patch,mean_curvature,2,stress,0.05,0.049867021276595744,1,12574299704379252244,1089,2048,150,3008,3.589185704630573,0.055609453639513064,1.7974574790666509,5.598026668621297,58.1955212620907,0.11748231280670293,48.217,58.58587713775394,151.0,13.060782736792488,24.13000000000002,0.5295260348111455,2.5046364311347027,7.7553670384841,467,479,57,272.0
helicoid_patch,mean_curvature,2,stress,0.05,0.049867021276595744,2,6966224412769150098,1089,2048,150,3008,3.589185704630573,0.055577255425111285,1.925356430894188,6.1413034790025804,62.98832064156284,0.09111862600891761,50.031,58.223423121626915,149.0,13.524245103050458,25.03300000000003,0.5295260348118337,2.3774068770870422,7.7553670384841,478,493,62,288.0
helicoid_patch,mean_curvature,2,stress,0.05,0.049867021276595744,3,8062668640524023839,1089,2048,150,3008,3.589185704630573,0.05589068974595721,2.2529497987387175,6.847388024935405,68.14465695826514,0.09192756054084729,55.397999999999996,62.194292342625786,124.0,15.279710073158078,27.71499999999999,0.529526034810457,1.4184165912045634,7.7553670384841,429,439,58,237.0
helicoid_patch,mean_curvature,2,stress,0.05,0.049867021276595744,4,3354896196978786501,1089,2048,150,3008,3.589185704630573,0.05575809306064296,2.0176314662199806,6.240012893650678,58.1955212620907,0.09043482035671443,48.498,56.951909537784594,140.0,13.177877853793612,24.265999999999988,0.5689264346692572,1.8720261743735915,7.7553670384841,472,485,52,263.0
helicoid_patch,mean_curvature,2,stress,0.05,0.049867021276595744,5,7347370344816164905,1089,2048,150,3008,3.589185704630573,0.05521252668539885,1.659226018082897,5.888096207435937,62.98832064169351,0.07260669396148012,40.900999999999996,48.147159833161496,141.0,10.691941058505295,20.462999999999983,0.5295260348111455,1.98788970841184,7.931631176938638,438,451,59,280.0
helicoid_patch,mean_curvature,2,stress,0.05,0.049867021276595744,6,5297537782018484318,1089,2048,150,3008,3.589185704630573,0.055996413489981134,2.358912988986762,7.070842387845509,62.98832064169351,0.08865770401465346,52.339,59.24083895422144,129.0,14.258689337450368,26.184000000000033,0.529526034810457,0.9495147326997496,7.7553670384841,450,463,70,264.0
helicoid_patch,mean_curvature,2,stress,0.05,0.049867021276595744,7,11009981443545595158,1089,2048,150,3008,3.589185704630573,0.05526297251387933,1.6115653293663343,5.495759371548203,62.98832064162746,0.09259540325391069,44.421,51.97660050445777,135.0,11.899031067703595,22.225999999999967,0.5394277207912841,2.930099102404003,7.755367038484193,465,479,57,266.0
helicoid_patch,mean_curvature,2,stress,0.1,0.10006648936170212,0,2813410006765643470,1089,2048,301,3008,3.589185704630573,0.057746643965455896,3.6885687896449135,8.960183512841487,68.14465695832853,0.07195469629818715,70.413,87.73458269120565,199.0,19.368704596435986,35.04400000000002,0.529526034810457,0.7122682631493715,7.6296707144614055,582,611,92,348.0
helicoid_patch,mean_curvature,2,stress,0.1,0.10006648936170212,1,10460334234715113602,1089,2048,301,3008,3.589185704630573,0.057984288119725655,3.771853108527679,8.583151696161158,62.988320641695694,0.09849233640299421,72.52199999999999,89.66486491374422,190.0,20.014898288442616,36.27199999999999,0.5295260348111455,0.7372419706621425,7.562884859478545,592,619,80,337.0
helicoid_patch,mean_curvature,2,stress,0.1,0.10006648936170212,2,13208618452813802583,1089,2048,301,3008,3.589185704630573,0.05851349316321216,3.9360859936628563,8.862804902049758,72.84028926627073,0.08455649938944668,75.643,98.27500699567514,190.0,20.96337360117233,37.26300000000005,0.5295260348111455,0.7240059056799091,6.435978478668543,582,615,80,300.0
helicoid_patch,mean_curvature,2,stress,0.1,0.10006648936170212,3,8274377430424177102,1089,2048,301,3008,3.589185704630573,0.05894803120376456,4.355494583220911,9.134771644730396,66.5021505640717,0.05760796262628437,81.321,106.90747869068844,195.0,22.655460698137585,39.991,0.5295260348111455,0.7372419706616481,4.8086667860892565,612,633,87,302.0
helicoid_patch,mean_curvature,2,stress,0.1,0.10006648936170212,4,9513157072407433533,1089,2048,301,3008,3.589185704630573,0.057450665131790965,3.2657227681676253,8.096599506062345,66.50215056406496,0.11043192147536493,68.09299999999999,83.33354066640874,188.0,18.93083593413034,33.85800000000001,0.5295260348118337,0.8413637835827106,7.562884859478545,595,625,83,328.0
helicoid_patch,mean_curvature,2,stress,0.1,0.10006648936170212,5,8797200350140485163,1089,2048,301,3008,3.589185704630573,0.05747715064251645,3.2405653197273017,7.982240172190622,72.84028926620006,0.07949516002082604,64.499,78.69932020036768,174.0,17.819037552403145,32.26200000000005,0.5394277207919598,0.9495147326997496,7.754875642182887,565,589,80,320.0
helicoid_patch,mean_curvature,2,stress,0.1,0.10006648936170212,6,1457397261012319210,1089,2048,301,3008,3.589185704630573,0.05767945284690807,3.418536946367361,8.241387014490726,72.84028926613529,0.07887500574712734,64.705,82.49429677256484,179.0,17.521547473384008,32.29800000000004,0.529526034810457,0.7372419706616481,7.685032951159153,574,607,85,318.0
helicoid_patch,mean_curvature,2,stress,0.1,0.10006648936170212,7,11913741589365382329,1089,2048,301,3008,3.589185704630573,0.058005084084299725,3.850025553375209,9.065789124007912,68.1446569584035,0.05242591587863829,70.413,87.57665784899535,200.0,19.360391550509146,35.002000000000066,0.5295260348111455,0.6755947947192711,7.562884859478545,605,629,86,340.0
helicoid_patch,mean_curvature,2,quality_controlled,0.05,0.049867021276595744,0,5162630550800353171,1089,2048,150,3008,3.589185704630573,0.053642384436947084,0.1374197493425423,0.6198074445350188,7.414242610478354,0.08160216845132177,5.703,15.63518468071292,73.0,1.08135418397489,2.8520000000000048,7.754875642182793,7.754875642182935,7.932164273530766,346,359,47,190.0
helicoid_patch,mean_curvature,2,quality_controlled,0.05,0.049867021276595744,1,8789100546623225206,1089,2048,150,3008,3.589185704630573,0.05365122721363082,0.13615648477232217,0.6199914854525046,7.414242610478354,0.09022298039028652,4.6370000000000005,14.099538999555977,67.0,0.7944012954823263,2.3189999999999986,7.754875642182793,7.754875642182935,7.932164273530766,375,389,36,184.0
helicoid_patch,mean_curvature,2,quality_controlled,0.05,0.049867021276595744,2,5768645929147292472,1089,2048,150,3008,3.589185704630573,0.05364437385724148,0.149732638664975,0.6536820820219175,6.33415107842558,0.10262531444871151,4.6259999999999994,14.879045668321607,72.0,0.8643996909346935,2.312999999999994,7.7548756421828395,7.754875642182935,7.932164273530766,395,405,44,201.0
helicoid_patch,mean_curvature,2,quality_controlled,0.05,0.049867021276595744,3,9741209169783544817,1089,2048,150,3008,3.589185704630573,0.05367312308378273,0.1531360927274003,0.6262784836531632,7.414242610478354,0.08829345019590222,6.23,19.866001107419677,92.0,1.2759827109518327,3.1149999999999936,7.7548756421828395,7.754875642182935,7.932164273530766,394,403,45,233.0
helicoid_patch,mean_curvature,2,quality_controlled,0.05,0.049867021276595744,4,4907647000543672501,1089,2048,150,3008,3.589185704630573,0.053661285233297475,0.1425185278649863,0.6075335178160532,7.414242610478354,0.09034929771314817,5.066,15.322728216606858,70.0,0.9081851146060451,2.5329999999999964,7.7548756421828395,7.754875642182935,7.932164273530766,365,375,46,195.0
helicoid_patch,mean_curvature,2,quality_controlled,0.05,0.049867021276595744,5,3705988088526628048,1089,2048,150,3008,3.589185704630573,0.05365439579969941,0.1328893191147863,0.5828549975484296,7.835951872285733,0.08707216744635743,4.656000000000001,14.747474360038737,69.0,0.7841054948819074,2.3280000000000016,7.754875642182793,7.754875642182935,7.932164273530766,370,379,47,191.0
helicoid_patch,mean_curvature,2,quality_controlled,0.05,0.049867021276595744,6,10987074601056561159,1089,2048,150,3008,3.589185704630573,0.05367521150130696,0.16350930570206193,0.6753240440823096,7.414242610478354,0.10478529271086577,5.568,17.94725605768191,86.0,1.21216809972215,2.7840000000000074,7.754875642182793,7.754875642182935,7.932164273530766,391,403,48,215.0
helicoid_patch,mean_curvature,2,quality_controlled,0.05,0.049867021276595744,7,1179624059506406006,1089,2048,150,3008,3.589185704630573,0.05364132580602085,0.13859085379997207,0.6328212827143769,7.414242610478354,0.0939524548239277,4.518,15.233581325479571,74.0,0.8204764065590169,2.258999999999997,7.754875642182793,7.754875642182935,7.932164273530766,382,399,41,221.0
helicoid_patch,mean_curvature,2,quality_controlled,0.1,0.10006648936170212,0,17335799622088471338,1089,2048,301,3008,3.589185704630573,0.053753756162804776,0.16714692258842484,0.6169252120835879,6.33415107842558,0.07803300264949245,8.283,25.665287841752328,122.0,1.8179576637798798,4.142000000000004,7.754875642182793,7.754875642182935,7.932164273530766,512,533,59,274.0
helicoid_patch,mean_curvature,2,quality_controlled,0.1,0.10006648936170212,1,13262657560377597810,1089,2048,301,3008,3.589185704630573,0.05373448334730257,0.14489621520180204,0.6133999098710141,7.414242610478354,0.07167597676809179,7.4399999999999995,21.62896206478711,102.0,1.4186882991383203,3.679999999999988,7.754875642182793,7.754875642182935,7.932164273530766,440,455,52,257.0
helicoid_patch,mean_curvature,2,quality_controlled,0.1,0.10006648936170212,2,6336995119592803505,1089,2048,301,3008,3.589185704630573,0.05373247208883232,0.16698551277238213,0.6299142367203417,7.414242610478354,0.06929982093702429,8.648,23.89045834637753,108.0,1.8665973181487232,4.313000000000006,7.754875642182793,7.754875642182935,7.932164273530766,490,509,57,259.0
helicoid_patch,mean_curvature,2,quality_controlled,0.1,0.10006648936170212,3,3245067513627880241,1089,2048,301,3008,3.589185704630573,0.05374768832504499,0.1642431361214442,0.6314709058329662,7.414242610478354,0.07850323082235496,7.944999999999999,23.37333951321462,110.0,1.663669948072634,3.9730000000000034,7.754875642182793,7.754875642182935,7.932164273530766,490,505,58,254.0
helicoid_patch,mean_curvature,2,quality_controlled,0.1,0.10006648936170212,4,13842882700569767616,1089,2048,301,3008,3.589185704630573,0.0537623796515209,0.16533692321961574,0.6317111595173749,7.414242610478354,0.08637147978210652,7.536999999999999,20.972005149722804,100.0,1.3149741139444526,3.769,7.7548756421828395,7.754875642182935,7.932164273530766,465,483,56,262.0
helicoid_patch,mean_curvature,2,quality_controlled,0.1,0.10006648936170212,5,7921916539971415914,1089,2048,301,3008,3.589185704630573,0.05374078309498034,0.15392778642132537,0.5857779710139696,7.414242610478354,0.06795535919411597,8.069999999999999,22.3878985168327,105.0,1.7794580453048048,3.983000000000005,7.754875642182793,7.754875642182935,7.932164273530766,444,461,59,253.0
helicoid_patch,mean_curvature,2,quality_controlled,0.1,0.10006648936170212,6,5469920029265756733,1089,2048,301,3008,3.589185704630573,0.05374378101864815,0.16077922320581334,0.6238834601348252,7.835951872285733,0.07209959243026187,7.5409999999999995,22.52032415397256,105.0,1.4977783161442833,3.771000000000004,7.754875642182793,7.754875642182935,7.932164273530766,483,503,55,256.0
helicoid_patch,mean_curvature,2,quality_controlled,0.1,0.10006648936170212,7,1949260941141157309,1089,2048,301,3008,3.589185704630573,0.053780727713694146,0.16226646833477418,0.6288333181302176,7.414242610478354,0.0691325519151966,8.536,23.606651605003194,110.0,1.8179327487649246,4.260999999999996,7.7548756421828395,7.754875642182935,7.932164273530766,470,495,54,241.0
helicoid_patch,mean_curvature,3,baseline,0.0,0.0,0,13391325272121761892,4225,8192,0,12160,3.589185704630573,0.026828550179132788,0.05788107260274254,0.4528107297852905,7.48156778433496,0.056424031266956214,0.052000000000000046,0.26076809620810604,2.0,0.014374465137875913,0.02599999999999869,7.724857186189347,7.7249172443361065,7.990060716796866,49,49,4,5.0
helicoid_patch,mean_curvature,3,stress,0.05,0.05,0,6909738393339865269,4225,8192,608,12160,3.589185704630573,0.02799543237518844,1.257332072791498,2.985679770669189,18.516912434647647,0.05763605217013022,242.778,269.8428765040871,568.0,67.60728401466173,121.46500000000002,1.4860947277444316,3.2306781193811,7.596387041363761,1911,1953,111,1031.0
helicoid_patch,mean_curvature,3,stress,0.05,0.05,1,2378932642073177810,4225,8192,608,12160,3.589185704630573,0.02795985390231972,1.170107231416334,2.8878288361751006,18.23840549812371,0.05897121177371137,220.47899999999998,246.31998903864869,534.0,61.33532145027671,110.30400000000003,1.4860947277446768,3.142847665806334,7.619111767954408,1897,1949,113,1012.0
helicoid_patch,mean_curvature,3,stress,0.05,0.05,2,3666179482215810611,4225,8192,608,12160,3.589185704630573,0.027958559311528915,1.2336534899270228,2.989731725512614,18.697699287432687,0.05475646329768842,234.015,259.8795624900119,554.0,65.34376184677464,117.0819999999999,1.4860947277446768,3.320125141228609,7.619111767954408,1889,1949,111,1028.0
helicoid_patch,mean_curvature,3,stress,0.05,0.05,3,14442051661974197609,4225,8192,608,12160,3.589185704630573,0.027959272522575993,1.1898391470995608,2.9614773767364273,18.66282007834717,0.058230146815125956,220.668,250.71455083421066,551.0,61.64128026003412,110.41299999999977,1.486094727743941,3.4111818899383137,7.615220540007321,1845,1905,114,999.0
helicoid_patch,mean_curvature,3,stress,0.05,0.05,4,13166340788406467440,4225,8192,608,12160,3.589185704630573,0.02800080951311365,1.250255704638228,3.0556141323685293,18.74540808556141,0.05775114828626098,224.324,257.6948272666722,537.0,62.411345864769025,112.25000000000011,1.4860947277444316,3.1428476658063547,7.598957050456367,1843,1887,103,969.0
helicoid_patch,mean_curvature,3,stress,0.05,0.05,5,12853869561446893319,4225,8192,608,12160,3.589185704630573,0.027981451786343082,1.237880544319621,2.9789322303715453,18.745408085561714,0.05098537102830489,233.16700000000003,263.1699735912135,565.0,65.2387061467525,116.66000000000015,1.539896327564271,3.1428476658063547,7.602754098677072,1877,1929,112,1026.0
helicoid_patch,mean_curvature,3,stress,0.05,0.05,6,1779530756357470910,4225,8192,608,12160,3.589185704630573,0.027869674321560945,1.1440894251697085,2.8504398110886546,18.070363321829188,0.052401308799834026,216.151,241.92811122314825,543.0,59.85991018322694,108.14400000000005,1.4860947277446768,3.589590172319666,7.724857186189493,1814,1859,102,1002.0
helicoid_patch,mean_curvature,3,stress,0.05,0.05,7,4632044065705483539,4225,8192,608,12160,3.589185704630573,0.02787491144649987,1.137804294464025,2.8847996343156748,18.57213870628344,0.05821146220697241,205.622,237.04450636958452,535.0,56.9375607129785,102.89299999999993,1.4860947277446768,3.598071309995572,7.724857186189537,1830,1877,101,973.0
helicoid_patch,mean_curvature,3,stress,0.1,0.1,0,3150231391564744877,4225,8192,1216,12160,3.589185704630573,0.029020619601645887,2.0482119234592067,3.8937851671605146,18.7579252860078,0.06012942429374519,318.327,384.14854548728937,764.0,91.01223045493603,158.865,1.4860947277444316,2.212423153025314,6.536170771957868,2397,2507,176,1288.0
helicoid_patch,mean_curvature,3,stress,0.1,0.1,1,3394086821138987028,4225,8192,1216,12160,3.589185704630573,0.0290941229641063,2.1358706633544817,4.001590302857977,18.662820078347327,0.05171996160370794,340.51300000000003,398.8091185015709,755.0,97.52712580588134,170.2839999999997,1.4860947277444316,2.1446801688880917,6.466591692734178,2385,2489,164,1272.0
helicoid_patch,mean_curvature,3,stress,0.1,0.1,2,10649148274549305099,4225,8192,1216,12160,3.589185704630573,0.028997667274164814,2.078446453207832,3.9814709950946017,18.757925286007676,0.06565511728560894,322.187,388.1600790910884,757.0,92.10534338396273,160.70899999999995,1.4860947277444316,2.2815923698420026,6.536170771957868,2361,2465,174,1250.0
helicoid_patch,mean_curvature,3,stress,0.1,0.1,3,10691376675200111126,4225,8192,1216,12160,3.589185704630573,0.029224555081402356,2.2995182221006427,4.226108038382019,18.757925286007797,0.056887364267111606,333.666,411.7525106177253,779.0,95.41448598406106,166.16500000000008,1.4860947277446768,2.1446801688880766,6.364723944536604,2381,2497,175,1247.0
helicoid_patch,mean_curvature,3,stress,0.1,0.1,4,14701514803419964150,4225,8192,1216,12160,3.589185704630573,0.02909586634313526,2.1508666090543733,4.028256502988246,18.7454080855617,0.05523141076323423,334.111,395.9328112192774,748.0,95.92151456485492,166.98299999999998,1.4860947277444316,2.275367140328384,6.466591692734147,2402,2519,167,1234.0
helicoid_patch,mean_curvature,3,stress,0.1,0.1,5,18275383204116168828,4225,8192,1216,12160,3.589185704630573,0.029297295461191034,2.394639199118684,4.294231868973459,18.745408085561465,0.053875158759786455,349.67800000000005,429.4193242042095,791.0,100.49192006432934,173.8840000000001,1.4860947277444316,2.1446801688884314,6.331476144856878,2469,2603,158,1241.0
helicoid_patch,mean_curvature,3,stress,0.1,0.1,6,5952341607826553114,4225,8192,1216,12160,3.589185704630573,0.028945061214562612,2.0703636647554395,3.9405927898276945,18.745408085561465,0.055474790921556716,328.55999999999995,391.8745972884693,786.0,93.23217338779504,163.6459999999999,1.4860947277444316,2.1446801688884314,6.5361707719579485,2405,2501,171,1315.0
helicoid_patch,mean_curvature,3,stress,0.1,0.1,7,2349791078077552134,4225,8192,1216,12160,3.589185704630573,0.028933239807835187,2.025007637604985,3.881798997445171,18.662820078346794,0.05207512399507054,324.353,386.16514990350953,786.0,92.4862051933276,161.78399999999968,1.4860947277444316,2.345856938739265,6.5361707719578925,2405,2529,168,1320.0
helicoid_patch,mean_curvature,3,quality_controlled,0.05,0.05,0,3695382523858917755,4225,8192,608,12160,3.589185704630573,0.026882608112766125,0.09475146881945812,0.4409135955964232,7.48156778433496,0.04710204359721224,22.279000000000003,64.88509073739513,287.0,3.4607266366519065,11.140000000000011,7.724857186189347,7.7249172443361065,7.990060716796866,1556,1619,67,786.0
helicoid_patch,mean_curvature,3,quality_controlled,0.05,0.05,1,14858938585278181254,4225,8192,608,12160,3.589185704630573,0.02688218729257341,0.09849885240335973,0.4466421334912062,7.48156778433496,0.04668187433736867,23.185000000000002,70.07334015158688,314.0,3.9586478442771402,11.593000000000016,7.724857186189347,7.7249172443361065,7.990060716796866,1498,1557,64,824.0
helicoid_patch,mean_curvature,3,quality_controlled,0.05,0.05,2,4848044101999127763,4225,8192,608,12160,3.589185704630573,0.026884531896410453,0.10232420459062916,0.47242280626943056,7.48156778433496,0.05073498796763449,22.626,67.98107089477188,306.0,3.8651670790018926,11.313000000000011,7.724857186189347,7.7249172443361065,7.990060716796866,1539,1579,72,817.0
helicoid_patch,mean_curvature,3,quality_controlled,0.05,0.05,3,589205319762489671,4225,8192,608,12160,3.589185704630573,0.026874640577286467,0.09339173341042128,0.4555831089694367,7.875683387617995,0.048373646740484215,19.634,60.04719810282574,270.0,3.3719819305506387,9.817,7.724857186189347,7.7249172443361065,7.990060716796866,1482,1531,65,779.0
helicoid_patch,mean_curvature,3,quality_controlled,0.05,0.05,4,9811390944629880291,4225,8192,608,12160,3.589185704630573,0.02688277162503493,0.10076062341691175,0.45879321544228424,7.48156778433496,0.05174601197227923,21.387999999999998,67.31638730650954,303.0,3.634938786834246,10.69400000000001,7.724857186189347,7.7249172443361065,7.990060716796866,1537,1601,64,835.0
helicoid_patch,mean_curvature,3,quality_controlled,0.05,0.05,5,6202724247618065882,4225,8192,608,12160,3.589185704630573,0.026883292011614875,0.09564198168969612,0.4393255805268478,7.48156778433496,0.044943157657950504,21.548000000000002,66.0143923701491,303.0,3.6638681586148816,10.773999999999994,7.724857186189347,7.7249172443361065,7.990060716796866,1549,1591,70,831.0
helicoid_patch,mean_curvature,3,quality_controlled,0.05,0.05,6,15546740206833410192,4225,8192,608,12160,3.589185704630573,0.026876150951433184,0.09051488456559499,0.456257115642739,7.48156778433496,0.047916866671702196,19.458000000000002,61.05251837557562,277.0,3.356344332179287,9.729000000000017,7.724857186189347,7.7249172443361065,7.990060716796866,1509,1559,58,767.0
helicoid_patch,mean_curvature,3,quality_controlled,0.05,0.05,7,18147439749196940704,4225,8192,608,12160,3.589185704630573,0.026877532932456195,0.09178517643215217,0.43881501516702986,7.48156778433496,0.045735271491803176,20.756,63.39403757452273,284.0,3.3340019210408434,10.37800000000001,7.724857186189347,7.7249172443361065,7.990060716796866,1528,1593,65,797.0
helicoid_patch,mean_curvature,3,quality_controlled,0.1,0.1,0,16375417998953739234,4225,8192,1216,12160,3.589185704630573,0.026926352849255014,0.11712368946746166,0.44021369801382043,6.360238434993958,0.03676769372375695,32.193,95.85643953329372,443.0,6.499212188717644,16.045,7.724857186189441,7.7249172443361065,7.990060716796866,1935,2011,91,1026.0
helicoid_patch,mean_curvature,3,quality_controlled,0.1,0.1,1,13153209637799815663,4225,8192,1216,12160,3.589185704630573,0.02692942780232957,0.11584992124305114,0.43734315181702194,7.48156778433496,0.03750398054691119,31.178,92.6490258988188,422.0,5.874710591118505,15.588999999999986,7.724857186189347,7.7249172443361065,7.990060716796866,1953,2033,83,1037.0
helicoid_patch,mean_curvature,3,quality_controlled,0.1,0.1,2,6565598712903219793,4225,8192,1216,12160,3.589185704630573,0.026925406418331542,0.11552453521326213,0.43744695416383633,6.360238434993926,0.030266120088160573,33.97,96.66040554435926,444.0,6.571574830129515,16.934999999999967,7.724857186189441,7.7249172443361065,7.990060716796866,1929,2019,86,1057.0
helicoid_patch,mean_curvature,3,quality_controlled,0.1,0.1,3,17363870270211353317,4225,8192,1216,12160,3.589185704630573,0.026920606054899446,0.11251022337954275,0.44196417863143367,6.360238434993938,0.03429558170225128,31.634999999999994,91.58434909961416,421.0,5.998178082047915,15.818999999999997,7.724857186189347,7.7249172443361065,7.990060716796866,1889,1963,86,1012.0
helicoid_patch,mean_curvature,3,quality_controlled,0.1,0.1,4,7042137558529578658,4225,8192,1216,12160,3.589185704630573,0.026932200352142024,0.1238708525163691,0.47521960203405894,7.481567784334974,0.041639068098072544,33.056999999999995,97.3615273093022,440.0,6.440014234995441,16.529999999999983,7.724857186189347,7.7249172443361065,7.990060716796866,1977,2065,90,1046.0
helicoid_patch,mean_curvature,3,quality_controlled,0.1,0.1,5,12413259564771417408,4225,8192,1216,12160,3.589185704630573,0.02691725071385394,0.10599267044395125,0.4112199108927195,7.481567784334974,0.029119435322108277,31.614999999999995,91.24830409382959,421.0,6.0543990312968345,15.809,7.724857186189347,7.7249172443361065,7.990060716796866,1914,1999,83,1000.0
helicoid_patch,mean_curvature,3,quality_controlled,0.1,0.1,6,8259684279621023195,4225,8192,1216,12160,3.589185704630573,0.026931233227949807,0.12095949598811923,0.45395928727347584,7.875683387617995,0.03692463589723521,33.69899999999999,96.42323890017384,443.0,6.334357065463859,16.850999999999974,7.724857186189347,7.7249172443361065,7.990060716796866,1940,2041,86,1076.0
helicoid_patch,mean_curvature,3,quality_controlled,0.1,0.1,7,11586587784307213983,4225,8192,1216,12160,3.589185704630573,0.026924680824320806,0.11022776043186612,0.4178427433373287,7.875683387617995,0.02590454778603652,34.054,95.428035712782,435.0,6.506190621838878,17.029000000000014,7.724857186189347,7.7249172443361065,7.990060716796891,1950,2037,85,1041.0
pseudosphere_patch,gaussian_curvature,0,baseline,0.0,0.0,0,13012330052375115813,72,128,0,184,2.21921096754304,0.17023319368381526,7.345449798857227,33.23434969174489,174.92293721038098,4.924897318463325,0.0,0.0,0.0,0.0,0.0,6.142821920581892,6.142821920581892,6.142821920582011,10,16,0,0.0
pseudosphere_patch,gaussian_curvature,0,stress,0.05,0.04891304347826087,0,5147538511425559536,72,128,9,184,2.21921096754304,0.17357220890734093,9.708381754132036,33.62924229037702,174.92293721038098,4.924897318463323,2.8370000000000006,3.2460745524402244,7.0,0.7542774087615287,1.4150000000000051,6.142821920581892,6.142821920581892,6.142821920582011,31,34,12,17.0
pseudosphere_patch,gaussian_curvature,0,stress,0.05,0.04891304347826087,1,9303385854938081914,72,128,9,184,2.21921096754304,0.17858971184254438,12.89958264013843,34.56401587868597,253.05979545037894,4.924897318463325,3.4430000000000005,3.871562991867755,8.0,0.9881203654292361,1.721168000000004,6.142821920581892,6.142821920581924,6.142821920582011,28,34,13,21.0
pseudosphere_patch,gaussian_curvature,0,stress,0.05,0.04891304347826087,2,14478222812034746831,72,128,9,184,2.21921096754304,0.1757423495585753,11.525909229649287,33.93050954519598,174.92293721038098,4.924897318463321,3.356,3.543726851776248,8.0,0.9161027047182017,1.6735360000000032,6.142821920581892,6.142821920581892,6.142821920582011,32,38,17,26.0
pseudosphere_patch,gaussian_curvature,0,stress,0.05,0.04891304347826087,3,10112327721267884227,72,128,9,184,2.21921096754304,0.17952151485049783,12.20962489023103,31.368228357686856,253.059795450379,4.924897318463325,4.375,4.747946924724412,8.0,1.2898872808675916,2.1790079999999974,6.142821920581892,6.142821920581892,6.142821920582053,31,32,8,13.0
pseudosphere_patch,gaussian_curvature,0,stress,0.05,0.04891304347826087,4,4621182250398169487,72,128,9,184,2.21921096754304,0.1778977582718363,12.245121736977445,34.40721722327231,253.0597954503789,4.924897318463322,1.687,2.317973252649823,6.0,0.442004344159649,0.8369920000000022,6.142821920581892,6.142821920581892,6.142821920582011,27,32,14,15.0
pseudosphere_patch,gaussian_curvature,0,stress,0.05,0.04891304347826087,5,16036047327151237672,72,128,9,184,2.21921096754304,0.17531629900885226,10.006549605932744,33.045124444836055,174.92293721038098,4.924897318463319,2.0210000000000004,2.5049950099750697,6.0,0.5110703739173328,0.9922880000000026,5.632562520460935,6.142821920581892,6.142821920582011,32,34,18,21.0
pseudosphere_patch,gaussian_curvature,0,stress,0.05,0.04891304347826087,6,1883043862031793067,72,128,9,184,2.21921096754304,0.17332628403365516,8.97256756204774,33.16537827883185,253.05979545037894,4.924897318463325,1.7890000000000001,1.968501968502953,6.0,0.47161360055027873,0.893263999999998,5.632562520460935,6.142821920581892,6.142821920582011,31,32,17,23.0
pseudosphere_patch,gaussian_curvature,0,stress,0.05,0.04891304347826087,7,4418007295160761758,72,128,9,184,2.21921096754304,0.17549944091537809,8.652740158304205,29.25490087091588,174.92293721038098,4.924897318463322,1.364,1.521840990379744,4.0,0.34073738110163315,0.6824799999999996,5.632562520460999,6.142821920581892,6.142821920582011,26,26,12,14.0
pseudosphere_patch,gaussian_curvature,0,stress,0.1,0.09782608695652174,0,4487180991196888886,72,128,18,184,2.21921096754304,0.18486331098213865,12.934727622210824,27.91156060594569,174.92293721038098,4.924897318463326,3.976,4.436214602563767,7.0,1.1596327150956096,1.984000000000008,6.142821920581892,6.142821920581924,6.14282192058213,34,36,11,14.0
pseudosphere_patch,gaussian_curvature,0,stress,0.1,0.09782608695652174,1,607538009062585369,72,128,18,184,2.21921096754304,0.18022274945946154,13.785359556096585,34.73813515923085,174.92293721038098,4.9248973184633265,5.619,6.598863538519341,9.0,1.6237031678678269,2.7227360000000043,6.142821920581892,6.142821920581892,6.142821920582011,35,36,14,17.0
pseudosphere_patch,gaussian_curvature,0,stress,0.1,0.09782608695652174,2,13764460805484692221,72,128,18,184,2.21921096754304,0.18507093577198921,16.222315600958474,29.015491048527082,174.92293721038092,4.924897318463317,6.748,7.925906888173744,11.0,1.9963267438853667,3.278543999999985,5.632562520460999,6.142821920581924,6.14282192058213,42,48,11,14.0
pseudosphere_patch,gaussian_curvature,0,stress,0.1,0.09782608695652174,3,10773258847490585069,72,128,18,184,2.21921096754304,0.18043203177315975,12.740988554553232,33.028186118652016,174.92293721038098,4.924897318463321,4.127,5.215649528102899,8.0,1.0149621946378153,1.788736000000006,5.632562520460999,5.770332558493735,6.142821920582011,33,38,14,17.0
pseudosphere_patch,gaussian_curvature,0,stress,0.1,0.09782608695652174,4,12211879718422068559,72,128,18,184,2.21921096754304,0.18617610829790576,15.018172516951493,28.724568912327783,174.92293721038098,4.924897318463317,6.401,6.9213438001590415,10.0,1.8682792925256146,3.1887200000000018,5.632562520460935,6.142821920581892,6.142821920582011,41,46,11,17.0
pseudosphere_patch,gaussian_curvature,0,stress,0.1,0.09782608695652174,5,12293720594583052509,72,128,18,184,2.21921096754304,0.18714791243355952,14.279138955714462,28.29930345719298,174.92293721038092,4.9248973184633105,5.175,5.641010547765355,8.0,1.5306970493079206,2.550563999999988,5.632562520460935,6.142821920581924,6.14282192058213,38,42,13,19.0
pseudosphere_patch,gaussian_curvature,0,stress,0.1,0.09782608695652174,6,16601964824910995639,72,128,18,184,2.21921096754304,0.18428540247980718,11.951396133981051,25.97909322003158,174.92293721038098,4.9248973184633105,4.36,4.482633154742868,6.0,1.2141745103797896,2.1802120000000023,5.632562520460935,5.770332558493593,6.142821920582011,37,38,15,18.0
pseudosphere_patch,gaussian_curvature,0,stress,0.1,0.09782608695652174,7,7576339600655099358,72,128,18,184,2.21921096754304,0.18221806684819264,14.20470644553887,31.454153553306913,174.92293721038098,4.92489731846332,4.01,5.000399984001279,8.0,1.1544043233460346,1.966080000000009,6.142821920581892,6.142821920581892,6.142821920582011,37,40,11,14.0
pseudosphere_patch,gaussian_curvature,0,quality_controlled,0.05,0.04891304347826087,0,944501387807897747,72,128,9,184,2.21921096754304,0.17933359029329118,11.404066227807483,30.781944051947647,174.92293721038098,4.92489731846332,2.0620000000000003,2.12367605815953,5.0,0.5763792224083019,1.0309999999999961,6.142821920581892,6.142821920581892,6.142821920582011,30,32,13,16.0
pseudosphere_patch,gaussian_curvature,0,quality_controlled,0.05,0.04891304347826087,1,3338963555309283754,72,128,9,184,2.21921096754304,0.1736549976527501,9.571907790735054,34.287940074183645,253.05979545037908,4.924897318463326,2.721,3.0569592735265547,6.0,0.7508487778028243,1.3536479999999973,6.142821920581892,6.142821920581924,6.142821920582011,32,34,9,13.0
pseudosphere_patch,gaussian_curvature,0,quality_controlled,0.05,0.04891304347826087,2,7654614608121279923,72,128,9,184,2.21921096754304,0.17210355748802422,8.533423237821406,33.458678341990705,174.92293721038098,4.924897318463325,1.997,2.207034209068813,5.0,0.5085893681625686,0.9975520000000012,6.142821920581892,6.142821920581892,6.142821920582011,27,28,13,17.0
pseudosphere_patch,gaussian_curvature,0,quality_controlled,0.05,0.04891304347826087,3,5950840940566828948,72,128,9,184,2.21921096754304,0.17759218014913944,12.461930840755933,33.65328438835748,174.92293721038098,4.924897318463323,4.747999999999999,5.300566007512782,7.0,1.424707458331008,2.3680000000000017,6.142821920581892,6.142821920581892,6.142821920582011,30,34,5,10.0
pseudosphere_patch,gaussian_curvature,0,quality_controlled,0.05,0.04891304347826087,4,13888770393040752187,72,128,9,184,2.21921096754304,0.17263816963973047,8.975051771067093,33.87216889291835,253.059795450379,4.924897318463337,1.925,2.0676073128135335,4.0,0.5093868192091351,0.9616159999999981,6.142821920581892,6.142821920581892,6.142821920582011,24,26,13,15.0
pseudosphere_patch,gaussian_curvature,0,quality_controlled,0.05,0.04891304347826087,5,7259699819238887589,72,128,9,184,2.21921096754304,0.17920842068630552,12.780575720075849,31.17033004685057,174.92293721038098,4.924897318463318,4.805000000000001,5.354344030784723,8.0,1.3506185335023315,2.3728159999999963,6.142821920581892,6.142821920581924,6.142821920582053,32,40,13,17.0
pseudosphere_patch,gaussian_curvature,0,quality_controlled,0.05,0.04891304347826087,6,6968334222920318784,72,128,9,184,2.21921096754304,0.17597653917645323,11.801905129766746,34.030905286638436,174.92293721038098,4.924897318463328,4.95,5.822714143764916,9.0,1.4439747135403782,2.4700000000000073,6.142821920581892,6.142821920581892,6.142821920582011,36,38,11,14.0
pseudosphere_patch,gaussian_curvature,0,quality_controlled,0.05,0.04891304347826087,7,8511268809941852804,72,128,9,184,2.21921096754304,0.17356794711282666,10.311328715639434,33.83970168225372,174.92293721038098,4.924897318463323,3.933,4.584648296216407,9.0,1.0652394289961338,1.9620000000000055,6.142821920581892,6.142821920581892,6.142821920582011,35,40,15,23.0
pseudosphere_patch,gaussian_curvature,0,quality_controlled,0.1,0.09782608695652174,0,4527373555805488816,72,128,18,184,2.21921096754304,0.18673332890963854,13.719265442936436,27.709457920039128,174.92293721038092,4.924897318463319,4.4110000000000005,5.17870640218192,9.0,1.2632835312312183,2.057884000000009,6.142821920581892,6.142821920581924,6.14282192058213,41,44,14,17.0
pseudosphere_patch,gaussian_curvature,0,quality_controlled,0.1,0.09782608695652174,1,17515286879743378423,72,128,18,184,2.21921096754304,0.18850034187366815,15.526222689603525,31.622956450656872,253.0597954503789,4.924897318463325,4.497,5.723722564904767,9.0,1.2937084183107113,2.197000000000002,6.142821920581892,6.142821920582011,6.142821920582011,44,46,15,19.0
pseudosphere_patch,gaussian_curvature,0,quality_controlled,0.1,0.09782608695652174,2,18232706655287428445,72,128,18,184,2.21921096754304,0.18793854224129425,14.33204953241594,28.22745981453264,174.92293721038098,4.924897318463328,3.944,4.098048315967004,6.0,1.1525524953701722,1.971000000000006,6.142821920581892,6.142821920581892,6.142821920582053,34,38,8,10.0
pseudosphere_patch,gaussian_curvature,0,quality_controlled,0.1,0.09782608695652174,3,4077658457104558186,72,128,18,184,2.21921096754304,0.18196075958925137,12.890664274391611,31.359568539884847,253.059795450379,4.924897318463324,3.342,4.456007181322759,9.0,0.8980183879631813,1.567879999999993,6.142821920581892,6.142821920581924,6.142821920582053,34,38,12,16.0
pseudosphere_patch,gaussian_curvature,0,quality_controlled,0.1,0.09782608695652174,4,17733820005293270489,72,128,18,184,2.21921096754304,0.1828150021075169,13.9639276237073,31.53996296603343,174.92293721038098,4.924897318463323,4.108,5.102352398649078,8.0,1.147513159582927,1.9230199999999968,6.142821920581892,6.142821920581892,6.142821920582053,33,36,11,14.0
pseudosphere_patch,gaussian_curvature,0,quality_controlled,0.1,0.09782608695652174,5,3042752451737008342,72,128,18,184,2.21921096754304,0.18531700127932632,9.990284988644856,26.41331408565893,174.92293721038098,4.9248973184633185,1.6630000000000003,1.8817545004596112,6.0,0.446299989477927,0.8309839999999973,6.142821920581892,6.142821920582011,6.14282192058213,32,34,13,17.0
pseudosphere_patch,gaussian_curvature,0,quality_controlled,0.1,0.09782608695652174,6,11122949864607251604,72,128,18,184,2.21921096754304,0.18231179508702652,13.087275282119325,31.25403894170839,174.92293721038098,4.9248973184633265,4.99,5.94306318324145,12.0,1.4371251913733927,2.4575200000000064,6.142821920581892,6.142821920581892,6.142821920582011,39,44,17,24.0
pseudosphere_patch,gaussian_curvature,0,quality_controlled,0.1,0.09782608695652174,7,18270901173879274368,72,128,18,184,2.21921096754304,0.18057804835269714,13.817925374341453,31.291194901497487,174.92293721038098,4.924897318463315,4.445,5.758558847489534,9.0,1.268280527262012,2.1156480000000024,6.142821920581892,6.142821920581924,6.142821920582053,40,42,8,11.0
pseudosphere_patch,gaussian_curvature,1,baseline,0.0,0.0,0,9525982525677556622,272,512,0,752,2.21921096754304,0.08611697452378755,6.980871396248784,50.69420778282217,420.9618161158281,4.9248973184632785,0.0,0.0,0.0,0.0,0.0,4.759285428211232,4.759285428211309,4.759285428211386,24,28,0,0.0
pseudosphere_patch,gaussian_curvature,1,stress,0.05,0.05053191489361702,0,13998439696814595937,272,512,38,752,2.21921096754304,0.08935613757455897,12.375423120794395,50.90061324540007,622.3833705606228,4.924897318463284,14.344000000000001,15.862597517430745,23.0,4.064579486389212,7.166203999999992,4.759285428211232,4.759285428211309,4.759285428211386,119,130,25,66.0
pseudosphere_patch,gaussian_curvature,1,stress,0.05,0.05053191489361702,1,4916818326138547879,272,512,38,752,2.21921096754304,0.09028813305681647,14.811961842227705,50.60061321865245,420.9618161158281,4.924897318463273,16.930999999999997,20.33290436705981,32.0,4.797166961076934,8.454000000000015,4.607740184307046,4.759285428211309,4.759285428211386,123,132,25,67.0
pseudosphere_patch,gaussian_curvature,1,stress,0.05,0.05053191489361702,2,7955213595857919652,272,512,38,752,2.21921096754304,0.09023398219636111,13.194987444282233,47.28961411955095,420.9618161158281,4.92489731846329,17.405,19.321464747787626,27.0,4.988061495893575,8.694000000000015,4.607740184307046,4.759285428211309,4.759285428211386,122,126,25,59.0
pseudosphere_patch,gaussian_curvature,1,stress,0.05,0.05053191489361702,3,1658379043491734855,272,512,38,752,2.21921096754304,0.08952970530956757,11.847885432591315,51.23317852229472,622.3833705606228,4.92489731846329,10.508,10.979162080960458,20.0,2.9126368026171763,5.2509999999999994,4.759285428211232,4.759285428211309,4.759285428211386,106,116,26,64.0
pseudosphere_patch,gaussian_curvature,1,stress,0.05,0.05053191489361702,4,11783181759531411188,272,512,38,752,2.21921096754304,0.09021759293026313,12.126717849770122,51.94334489867727,622.383370560623,4.9248973184632785,13.829,15.254999180596505,27.0,3.918644134244396,6.908000000000005,4.607740184307046,4.759285428211309,4.759285428211386,115,122,22,59.0
pseudosphere_patch,gaussian_curvature,1,stress,0.05,0.05053191489361702,5,3502759695744641696,272,512,38,752,2.21921096754304,0.08959498938735252,11.251270797425697,49.90299060295683,420.9618161158281,4.924897318463263,12.991,14.435615677898882,23.0,3.6381554104012745,6.4890000000000025,4.759285428211232,4.759285428211309,4.759285428211386,123,134,28,65.0
pseudosphere_patch,gaussian_curvature,1,stress,0.05,0.05053191489361702,6,18173591367784391123,272,512,38,752,2.21921096754304,0.08987425628548003,13.548211660287679,52.684895987943655,622.3833705606222,4.924897318463276,18.294,19.610405401214937,32.0,5.2113063670599855,9.139999999999999,4.607740184307204,4.759285428211309,4.759285428211386,124,142,25,78.0
pseudosphere_patch,gaussian_curvature,1,stress,0.05,0.05053191489361702,7,1505979422270582900,272,512,38,752,2.21921096754304,0.09013757987129907,12.887247954059752,48.22307456489284,420.9618161158281,4.924897318463275,17.801,19.273894261409655,28.0,5.070390478664918,8.892999999999969,4.759285428211232,4.759285428211309,4.759285428211386,133,140,25,75.0
pseudosphere_patch,gaussian_curvature,1,stress,0.1,0.09973404255319149,0,16286158112692211653,272,512,75,752,2.21921096754304,0.09219514552465029,15.317458225397882,47.07828278558082,622.3833705606226,4.924897318463296,23.945,27.074877654386547,37.0,6.958411594398262,11.964896000000007,4.607740184306888,4.759285428211309,5.718073070741243,145,156,29,65.0
pseudosphere_patch,gaussian_curvature,1,stress,0.1,0.09973404255319149,1,2081910486732937546,272,512,75,752,2.21921096754304,0.09383621300304933,16.336333705827066,48.39736462562051,420.9618161158281,4.924897318463294,16.381,21.29772288297507,32.0,4.700911288736258,8.156999999999984,4.607740184307046,4.759285428211309,4.759285428211386,139,152,30,61.0
pseudosphere_patch,gaussian_curvature,1,stress,0.1,0.09973404255319149,2,14077699819654749836,272,512,75,752,2.21921096754304,0.09328977732403594,16.34863751299381,50.80772832569911,622.3833705606228,4.924897318463308,21.031,28.07762454339754,40.0,6.096961159218277,10.447000000000017,4.607740184307204,4.759285428211309,4.759285428211386,162,170,29,65.0
pseudosphere_patch,gaussian_curvature,1,stress,0.1,0.09973404255319149,3,148922417429494925,272,512,75,752,2.21921096754304,0.09306068875549278,16.300551331498482,53.30560320328837,622.3833705606237,4.924897318463289,20.488999999999997,22.536659024797792,34.0,5.9267457748987376,10.23541999999999,4.759285428211232,4.759285428211309,4.759285428211386,141,154,27,71.0
pseudosphere_patch,gaussian_curvature,1,stress,0.1,0.09973404255319149,4,10344944317409718178,272,512,75,752,2.21921096754304,0.09284229577861136,14.335730351706125,47.4603464152357,622.3833705606237,4.924897318463271,16.911,19.17892072041594,28.0,4.81063284279644,8.464191999999967,4.607740184307046,4.759285428211309,5.7992263435655795,142,150,38,73.0
pseudosphere_patch,gaussian_curvature,1,stress,0.1,0.09973404255319149,5,15164235308674086302,272,512,75,752,2.21921096754304,0.09140970356442585,13.518161513681607,51.128785771712224,622.3833705606219,4.9248973184632625,18.306,21.32936942340303,33.0,5.221093245576046,9.136999999999986,4.607740184307046,4.759285428211232,4.759285428211386,146,156,35,70.0
pseudosphere_patch,gaussian_curvature,1,stress,0.1,0.09973404255319149,6,11911363663017669249,272,512,75,752,2.21921096754304,0.09240046414284446,15.086279766182479,49.3000899566695,622.383370560623,4.924897318463271,18.064,21.15982041511695,33.0,5.162065695478896,9.022780000000012,4.607740184307046,4.759285428211241,4.759285428211386,141,148,30,72.0
pseudosphere_patch,gaussian_curvature,1,stress,0.1,0.09973404255319149,7,815923666766446664,272,512,75,752,2.21921096754304,0.09229272982722737,14.788869760987785,44.92378186449302,420.9618161158277,4.924897318463272,17.578,19.621569763910326,31.0,4.957959664261116,8.781000000000033,4.607740184307046,4.759285428211309,7.492505660302245,145,162,33,72.0
pseudosphere_patch,gaussian_curvature,1,quality_controlled,0.05,0.05053191489361702,0,4009342813069641418,272,512,38,752,2.21921096754304,0.0896523925640322,10.262949122561302,45.454959059317474,420.9618161158281,4.924897318463281,10.931000000000001,11.609608089853852,26.0,2.9377193323351967,5.467835999999987,4.759285428211232,4.759285428211309,6.530280715533589,129,144,31,91.0
pseudosphere_patch,gaussian_curvature,1,quality_controlled,0.05,0.05053191489361702,1,889763587855120862,272,512,38,752,2.21921096754304,0.08779225728303312,8.769594584849248,49.44470436671286,622.3833705606228,4.924897318463281,8.728,9.675846216223158,23.0,2.2595555062410004,4.361000000000001,4.759285428211232,4.759285428211309,4.759285428211386,120,132,32,82.0
pseudosphere_patch,gaussian_curvature,1,quality_controlled,0.05,0.05053191489361702,2,1447072725948059379,272,512,38,752,2.21921096754304,0.08824327047072879,8.627602450796928,51.24178740218603,622.383370560623,4.92489731846328,8.244,9.303440223917173,24.0,2.088587118525826,4.119000000000005,4.759285428211232,4.759285428211309,4.759285428211386,122,132,29,80.0
pseudosphere_patch,gaussian_curvature,1,quality_controlled,0.05,0.05053191489361702,3,6890591801101981151,272,512,38,752,2.21921096754304,0.08776782237359651,8.023643904982233,50.849358508969054,420.9618161158281,4.924897318463281,5.199999999999999,6.610143720071448,19.0,1.232763146090929,2.5970000000000044,4.759285428211232,4.759285428211309,4.759285428211386,119,128,33,76.0
pseudosphere_patch,gaussian_curvature,1,quality_controlled,0.05,0.05053191489361702,4,2823196482493348598,272,512,38,752,2.21921096754304,0.08923532833941548,11.314909964225397,43.99607736618507,622.383370560623,4.924897318463273,12.259,12.664793721178407,23.0,3.3656100160238362,6.12699999999999,4.759285428211232,4.759285428211309,7.979276859706298,125,134,26,75.0
pseudosphere_patch,gaussian_curvature,1,quality_controlled,0.05,0.05053191489361702,5,8350676681177016723,272,512,38,752,2.21921096754304,0.08772166716860266,8.248935325609542,50.87537191328711,420.9618161158281,4.924897318463271,7.751,8.854095097749967,25.0,1.9667800255971684,3.8733680000000055,4.759285428211232,4.759285428211309,4.759285428211386,114,126,30,81.0
pseudosphere_patch,gaussian_curvature,1,quality_controlled,0.05,0.05053191489361702,6,14183847553245778761,272,512,38,752,2.21921096754304,0.0879643390471241,8.75414778032082,49.371074671229906,622.383370560623,4.924897318463278,7.54,8.611503933692418,22.0,1.8641963063561777,3.7669999999999977,4.759285428211232,4.759285428211309,4.759285428211386,124,134,32,84.0
pseudosphere_patch,gaussian_curvature,1,quality_controlled,0.05,0.05053191489361702,7,2153309551026324096,272,512,38,752,2.21921096754304,0.08790310131228857,8.559346175217245,50.917826980478424,420.9618161158281,4.924897318463269,8.379000000000001,9.406646586323948,22.0,2.2031015921740953,4.1860000000000115,4.759285428211232,4.759285428211309,4.759285428211386,113,128,29,79.0
pseudosphere_patch,gaussian_curvature,1,quality_controlled,0.1,0.09973404255319149,0,5574677102521967347,272,512,75,752,2.21921096754304,0.09050878167943306,11.16557993124906,48.20973976113069,622.3833705606219,4.924897318463269,17.194,19.224775681396128,35.0,4.734921656715353,8.591632000000008,4.759285428211232,4.759285428211309,4.759285428211386,156,168,44,92.0
pseudosphere_patch,gaussian_curvature,1,quality_controlled,0.1,0.09973404255319149,1,11378027075091246103,272,512,75,752,2.21921096754304,0.09109863793795835,12.626298135258535,44.36108233646067,622.3833705606224,4.92489731846328,16.492,18.22613508125077,29.0,4.655351818741091,8.244887999999996,4.759285428211232,4.759285428211309,7.979276859706298,156,164,34,78.0
pseudosphere_patch,gaussian_curvature,1,quality_controlled,0.1,0.09973404255319149,2,4675741246966872553,272,512,75,752,2.21921096754304,0.09150450777027692,13.188734555941657,48.65020847038563,622.3833705606237,4.924897318463289,17.807,20.78747218879679,35.0,4.976172968453564,8.883999999999997,4.759285428211232,4.759285428211309,4.759285428211386,160,174,39,91.0
pseudosphere_patch,gaussian_curvature,1,quality_controlled,0.1,0.09973404255319149,3,17928863786678463202,272,512,75,752,2.21921096754304,0.09142563592070371,11.665103983945462,45.838187564649594,420.9618161158277,4.924897318463278,12.969000000000001,14.719273079877281,31.0,3.5908128695814847,6.478,4.759285428211232,4.759285428211309,6.530280715533589,150,162,34,85.0
pseudosphere_patch,gaussian_curvature,1,quality_controlled,0.1,0.09973404255319149,4,8480980813660935520,272,512,75,752,2.21921096754304,0.09103970438693446,11.877433109035376,47.747224115415975,420.9618161158281,4.924897318463271,14.065,15.848438408878017,26.0,3.9810092125289045,7.039863999999999,4.759285428211232,4.759285428211309,4.759285428211386,141,150,36,73.0
pseudosphere_patch,gaussian_curvature,1,quality_controlled,0.1,0.09973404255319149,5,4139641106461226701,272,512,75,752,2.21921096754304,0.09014380859337903,11.255714320319376,47.98479075382237,622.3833705606214,4.924897318463269,15.552999999999999,17.28852220405203,31.0,4.261227970139147,7.770388000000025,4.759285428211232,4.759285428211309,4.759285428211386,163,172,46,95.0
pseudosphere_patch,gaussian_curvature,1,quality_controlled,0.1,0.09973404255319149,6,6525784424650915885,272,512,75,752,2.21921096754304,0.09158651049912786,11.897780673855173,48.66897168752733,622.3833705606237,4.924897318463277,14.854000000000001,16.212032568435088,27.0,4.197694349897364,7.425068000000032,4.759285428211232,4.759285428211309,4.759285428211386,131,142,36,74.0
pseudosphere_patch,gaussian_curvature,1,quality_controlled,0.1,0.09973404255319149,7,8279393553600601099,272,512,75,752,2.21921096754304,0.09110172560741527,12.08462420996369,45.918760045310115,622.3833705606237,4.924897318463265,15.653000000000002,17.486080178244638,28.0,4.430502782497738,7.819000000000026,4.759285428211232,4.759285428211309,7.979276859706298,151,160,33,77.0
pseudosphere_patch,gaussian_curvature,2,baseline,0.0,0.0,0,6338201644862445856,1056,2048,0,3040,2.21921096754304,0.04314251127967347,6.890468459818224,76.87855625088964,978.4586386601222,4.9248973184630565,0.0,0.0,0.0,0.0,0.0,4.0056880710551654,4.005688071055256,5.603588492736073,55,66,0,0.0
pseudosphere_patch,gaussian_curvature,2,stress,0.05,0.05,0,7504047807513675817,1056,2048,152,3040,2.21921096754304,0.045062589139317454,12.74367213159117,76.36825762768221,1458.6747278237335,4.924897318463061,64.87100000000001,69.64041211825214,106.0,18.536278325425997,32.411000000000044,2.2703669463091973,4.005688071055256,5.60358849273603,521,552,44,279.0
pseudosphere_patch,gaussian_curvature,2,stress,0.05,0.05,1,12845671341714801675,1056,2048,152,3040,2.21921096754304,0.0447816826476246,10.625386383816029,74.47485500119977,1458.6747278237285,4.924897318463021,45.40599999999999,49.33335585585071,104.0,12.388707502236379,22.685999999999996,2.2703669463091973,4.005688071055256,5.603588492736073,497,526,44,304.0
pseudosphere_patch,gaussian_curvature,2,stress,0.05,0.05,2,3851474693699616838,1056,2048,152,3040,2.21921096754304,0.044718393467171526,11.49241657473287,78.97951325481094,1458.674727823735,4.924897318463062,59.93,66.31164301991015,108.0,16.72929644990563,29.937000000000065,2.2703669463088763,4.005688071055256,5.603588492736007,512,546,45,308.0
pseudosphere_patch,gaussian_curvature,2,stress,0.05,0.05,3,14528462065266834071,1056,2048,152,3040,2.21921096754304,0.04472087789079908,12.010357015954721,75.61126490592083,1458.6747278237376,4.924897318463041,56.846000000000004,62.977662706708955,97.0,16.073613796533767,28.397000000000027,2.2703669463088763,4.005688071055256,5.603588492736073,462,490,42,262.0
pseudosphere_patch,gaussian_curvature,2,stress,0.05,0.05,4,11487631838074907666,1056,2048,152,3040,2.21921096754304,0.044719804013005585,11.763310865889414,74.20301206820837,978.4586386601222,4.92489731846304,56.607,61.50439821671292,103.0,15.76055394435106,28.279999999999948,2.2703669463091973,4.005688071055256,5.603588492736073,507,544,45,315.0
pseudosphere_patch,gaussian_curvature,2,stress,0.05,0.05,5,17310323529599838086,1056,2048,152,3040,2.21921096754304,0.04478710391128185,12.608436692588601,80.47142552837953,1458.6747278237297,4.924897318463021,58.583,63.67204253045444,99.0,16.536980338109846,29.267000000000003,2.2703669463088763,4.005688071055256,5.60358849273603,471,516,47,277.0
pseudosphere_patch,gaussian_curvature,2,stress,0.05,0.05,6,7065006783507848270,1056,2048,152,3040,2.21921096754304,0.04502147515575958,12.606904954263918,79.43775891449609,1458.6747278237337,4.924897318463033,61.189,67.27386565375889,106.0,17.327088889826733,30.566999999999894,2.471327853812575,4.005688071055256,5.60358849273603,482,518,32,263.0
pseudosphere_patch,gaussian_curvature,2,stress,0.05,0.05,7,17351047455732516348,1056,2048,152,3040,2.21921096754304,0.04497014820957317,13.044623745764019,74.82214053857692,1458.6747278237308,4.924897318463071,60.21600000000001,64.91723962092043,101.0,16.996910375674773,30.084000000000078,2.2703669463091973,4.005688071055208,5.603588492736007,508,536,39,308.0
pseudosphere_patch,gaussian_curvature,2,stress,0.1,0.1,0,4809808026181991867,1056,2048,304,3040,2.21921096754304,0.04635884023506448,15.795134013729221,75.9899031414732,1458.6747278237344,4.924897318463001,77.96699999999998,90.79316604238447,134.0,22.487329932246702,38.95061999999998,2.2703669463088763,3.9399570597363787,5.603588492736007,600,638,62,295.0
pseudosphere_patch,gaussian_curvature,2,stress,0.1,0.1,1,3633652885379635972,1056,2048,304,3040,2.21921096754304,0.046396404442352025,16.189020758976174,74.01344973562027,1458.674727823735,4.924897318463007,87.19099999999999,98.16205478696949,142.0,25.198797979137158,43.55299999999998,2.2703669463088763,3.7968564197392896,5.603588492736007,616,650,55,289.0
pseudosphere_patch,gaussian_curvature,2,stress,0.1,0.1,2,10391559292330951994,1056,2048,304,3040,2.21921096754304,0.04629767750218873,15.42146988752959,79.52492445865657,1458.6747278237256,4.924897318463019,81.417,93.4461930738754,145.0,23.559489585085657,40.66400000000003,2.2703669463088763,4.0056880710551654,5.603588492736007,597,634,53,275.0
pseudosphere_patch,gaussian_curvature,2,stress,0.1,0.1,3,12995040593133097367,1056,2048,304,3040,2.21921096754304,0.046160112456302874,14.849596576216491,78.02191845712025,1458.674727823729,4.924897318463002,82.36200000000001,92.08786022055241,136.0,23.641921210611436,41.14099999999995,2.471327853812575,3.9708506350562085,5.603588492736007,601,636,57,278.0
pseudosphere_patch,gaussian_curvature,2,stress,0.1,0.1,4,3758660326340314899,1056,2048,304,3040,2.21921096754304,0.046388967142601455,15.246063928415918,79.5681181549586,1458.6747278237394,4.924897318463008,78.305,91.70252450178239,135.0,22.54719250270094,39.114415999999906,2.2703669463088763,3.9708506350562085,5.603588492736007,591,626,55,281.0
pseudosphere_patch,gaussian_curvature,2,stress,0.1,0.1,5,16595613880145503558,1056,2048,304,3040,2.21921096754304,0.04646491533462671,15.499134406386789,76.01282786589589,1458.6747278237326,4.924897318463019,81.80799999999999,93.87749464062193,130.0,23.394335750379916,40.85799999999997,2.270366946308234,3.796856419739295,5.603588492736007,606,642,63,290.0
pseudosphere_patch,gaussian_curvature,2,stress,0.1,0.1,6,11056418437817356326,1056,2048,304,3040,2.21921096754304,0.046610803395281654,15.870684197790492,73.74826415371925,1458.6747278237333,4.9248973184630165,77.99,91.59984716144454,134.0,22.44664114099645,38.94800000000006,2.2703669463088763,3.796856419739199,5.603588492735942,604,640,48,246.0
pseudosphere_patch,gaussian_curvature,2,stress,0.1,0.1,7,2991401372628120204,1056,2048,304,3040,2.21921096754304,0.04699763176449289,17.23934882632893,73.33019475390525,1458.6747278237376,4.9248973184630405,78.77499999999999,89.37273074042216,132.0,22.64461404022066,39.34600000000001,2.2703669463088763,3.659748527903191,5.603588492736007,617,654,46,269.0
pseudosphere_patch,gaussian_curvature,2,quality_controlled,0.05,0.05,0,15486193769644623110,1056,2048,152,3040,2.21921096754304,0.044126020189260845,8.9249930748059,77.63358848918065,1458.6747278237287,4.92489731846306,41.774,46.770054522097794,119.0,11.13441748207677,20.869000000000035,4.0056880710551654,4.005688071055256,5.603588492736073,509,544,47,346.0
pseudosphere_patch,gaussian_curvature,2,quality_controlled,0.05,0.05,1,468433975817793633,1056,2048,152,3040,2.21921096754304,0.043927677591396354,8.428066425472835,77.30745381152889,1458.674727823726,4.924897318463047,34.290000000000006,39.26907179957275,117.0,9.02805399489744,17.13451199999998,4.0056880710551654,4.005688071055256,5.603588492736073,492,526,48,342.0
pseudosphere_patch,gaussian_curvature,2,quality_controlled,0.05,0.05,2,12641559062530252309,1056,2048,152,3040,2.21921096754304,0.044042300344294315,8.841205540539047,77.93243431934324,1458.674727823735,4.924897318463055,40.105000000000004,45.26408068214796,120.0,10.685912004682029,20.03399999999999,4.0056880710551654,4.005688071055256,5.603588492736073,478,522,46,337.0
pseudosphere_patch,gaussian_curvature,2,quality_controlled,0.05,0.05,3,3399052549520719024,1056,2048,152,3040,2.21921096754304,0.044151945365277445,8.81362091991651,77.64898359222454,1458.6747278237328,4.924897318463033,38.292,43.771748879842576,121.0,10.111358986889599,19.129000000000055,4.0056880710551654,4.005688071055256,5.603588492736073,512,550,51,354.0
pseudosphere_patch,gaussian_curvature,2,quality_controlled,0.05,0.05,4,10154454262098568398,1056,2048,152,3040,2.21921096754304,0.04424780304804346,9.105362198356481,77.95432158183282,1458.6747278237376,4.9248973184630325,42.571,48.226642014554564,100.0,11.432878730592739,21.26499999999998,4.0056880710551654,4.005688071055256,5.603588492736073,507,544,52,327.0
pseudosphere_patch,gaussian_curvature,2,quality_controlled,0.05,0.05,5,5893853951183926441,1056,2048,152,3040,2.21921096754304,0.044145733763793174,9.016025467406882,77.37371026698112,1458.6747278237322,4.924897318463065,42.043,46.60110513711022,107.0,11.488903522232205,21.004999999999967,4.0056880710551654,4.005688071055256,5.603588492736073,489,522,55,317.0
pseudosphere_patch,gaussian_curvature,2,quality_controlled,0.05,0.05,6,5380329512518233596,1056,2048,152,3040,2.21921096754304,0.04401778926008343,8.322409657746912,78.13348237219276,1458.674727823735,4.924897318463049,34.699,38.97390152396857,122.0,9.090460287146788,17.33600000000005,4.0056880710551654,4.005688071055256,5.603588492736073,484,524,51,339.0
pseudosphere_patch,gaussian_curvature,2,quality_controlled,0.05,0.05,7,16841116436745387533,1056,2048,152,3040,2.21921096754304,0.04416730838429234,8.833861075676811,77.63187054413451,1458.6747278237283,4.924897318463043,37.999,42.997127811052685,95.0,10.238929384321457,18.988920000000075,4.0056880710551654,4.005688071055256,5.603588492736073,463,494,46,305.0
pseudosphere_patch,gaussian_curvature,2,quality_controlled,0.1,0.1,0,7389231286946975673,1056,2048,304,3040,2.21921096754304,0.0452987829053245,11.04815999139257,78.16077416442334,1458.6747278237376,4.9248973184630636,58.294,70.61431866130268,120.0,16.478400980563908,29.115644000000035,4.0056880710551654,4.005688071055256,5.603588492736073,600,642,65,322.0
pseudosphere_patch,gaussian_curvature,2,quality_controlled,0.1,0.1,1,16292150674293172578,1056,2048,304,3040,2.21921096754304,0.04505113794964269,10.229894065761254,78.33711394493517,1458.6747278237394,4.924897318463072,57.445999999999984,66.85874662301111,117.0,16.048257767497095,28.712127999999993,4.0056880710551654,4.005688071055256,5.603588492736073,617,652,64,340.0
pseudosphere_patch,gaussian_curvature,2,quality_controlled,0.1,0.1,2,13115711958298261126,1056,2048,304,3040,2.21921096754304,0.04514972856064559,10.807547407903002,78.42134642423534,1458.6747278237356,4.924897318463074,53.17699999999999,68.64742529767594,129.0,14.643369775922528,26.548760000000048,4.0056880710551654,4.005688071055256,5.603588492736073,644,686,60,357.0
pseudosphere_patch,gaussian_curvature,2,quality_controlled,0.1,0.1,3,17644057091774160479,1056,2048,304,3040,2.21921096754304,0.0452333953598126,10.743047755105273,78.95560634879719,1458.6747278237394,4.924897318463033,64.007,73.89535168060303,116.0,18.055828513250965,31.985083999999944,4.0056880710551654,4.005688071055256,5.603588492736073,617,654,68,339.0
pseudosphere_patch,gaussian_curvature,2,quality_controlled,0.1,0.1,4,11295264808071827688,1056,2048,304,3040,2.21921096754304,0.04500546788366387,11.174818326780352,78.74976705837858,1458.674727823735,4.924897318463013,64.188,79.46848431925703,130.0,18.08280052422497,32.05169599999998,4.0056880710551654,4.005688071055256,5.603588492736073,574,616,61,306.0
pseudosphere_patch,gaussian_curvature,2,quality_controlled,0.1,0.1,5,5827855567997460377,1056,2048,304,3040,2.21921096754304,0.04493143296807029,10.44443790662973,78.65495151336144,1458.6747278237376,4.924897318463051,60.18000000000001,70.9750519548947,109.0,16.79020127126892,30.089372000000022,4.0056880710551654,4.005688071055256,5.603588492736073,598,640,63,332.0
pseudosphere_patch,gaussian_curvature,2,quality_controlled,0.1,0.1,6,4885081560526771882,1056,2048,304,3040,2.21921096754304,0.044948979891697376,10.481521605475457,78.66283531131346,1458.6747278237349,4.924897318463063,58.47899999999999,69.89288232717263,119.0,16.014124337201867,29.25078400000004,4.0056880710551654,4.005688071055256,5.603588492736073,633,682,65,377.0
pseudosphere_patch,gaussian_curvature,2,quality_controlled,0.1,0.1,7,5963442388574229742,1056,2048,304,3040,2.21921096754304,0.044941942673000994,10.532980768799646,78.94372478004574,1458.674727823735,4.924897318463046,55.602999999999994,68.62497358833735,113.0,15.361077164869661,27.79013999999999,4.005688071055256,4.005688071055256,5.603588492736073,603,648,64,351.0
pseudosphere_patch,gaussian_curvature,3,baseline,0.0,0.0,0,1736374421851626419,4160,8192,0,12224,2.21921096754304,0.02157147880241895,6.873271361031806,109.69787100996824,1995.4974928670451,4.92489731846252,0.0,0.0,0.0,0.0,0.0,3.6172943293409623,3.6172943293412656,6.019258745820584,100,110,0,0.0
pseudosphere_patch,gaussian_curvature,3,stress,0.05,0.049983638743455495,0,13911313848427903066,4160,8192,611,12224,2.21921096754304,0.022395813848519314,10.484715239063112,107.98465517913539,2610.046899167776,4.924897318462472,221.301,242.04841870997626,413.0,61.811669106489745,110.55700000000003,0.6767627107163162,3.6172943293411643,5.213872185016027,2006,2134,63,1223.0
pseudosphere_patch,gaussian_curvature,3,stress,0.05,0.049983638743455495,1,8631765303186200219,4160,8192,611,12224,2.21921096754304,0.02234401581474336,10.66964641249262,108.36473579006724,2610.046899167788,4.9248973184625315,223.09199999999998,243.6166332580762,431.0,62.42367418890227,111.44999999999992,0.6767627107179318,3.6172943293411643,5.470454284050907,2041,2156,63,1230.0
pseudosphere_patch,gaussian_curvature,3,stress,0.05,0.049983638743455495,2,14409192856488045504,4160,8192,611,12224,2.21921096754304,0.022356099236556178,10.663967876755867,107.29398981587146,2610.0468991677526,4.9248973184623885,234.755,256.2710771819559,404.0,65.97846019623262,117.27799999999985,0.6767627107168547,3.6172943293411643,5.544616405899479,1973,2078,63,1193.0
pseudosphere_patch,gaussian_curvature,3,stress,0.05,0.049983638743455495,3,16934694333295039269,4160,8192,611,12224,2.21921096754304,0.022457729161592343,10.862349968687774,108.98920256846712,2610.0468991677503,4.924897318462451,238.77799999999996,263.7765076726887,414.0,67.33869593241475,119.27900000000021,0.6767627107168547,3.6172943293411643,5.213872185016027,1943,2054,56,1132.0
pseudosphere_patch,gaussian_curvature,3,stress,0.05,0.049983638743455495,4,2539632459336773076,4160,8192,611,12224,2.21921096754304,0.022450411023676304,10.97993055068516,107.45547968673074,2610.04689916776,4.9248973184624685,231.21499999999997,252.625036368132,412.0,64.79970720704237,115.50900000000014,0.6767627107163162,3.6172943293411643,5.213872185016027,1972,2096,52,1203.0
pseudosphere_patch,gaussian_curvature,3,stress,0.05,0.049983638743455495,5,7946767240934106090,4160,8192,611,12224,2.21921096754304,0.02239729486464346,10.649930865185212,106.51581104765064,2610.046899167712,4.924897318462411,217.704,234.75992843754236,421.0,60.57893993383932,108.76999999999987,0.6767627107168547,3.6172943293411643,5.213872185016027,1961,2092,55,1236.0
pseudosphere_patch,gaussian_curvature,3,stress,0.05,0.049983638743455495,6,12498528928972294547,4160,8192,611,12224,2.21921096754304,0.0223304730916774,10.38162870852528,108.97865849536798,2610.046899167764,4.924897318462489,215.66,234.88704519406767,410.0,60.3160677424855,107.73999999999955,0.6767627107163162,3.6172943293411643,5.213872185016027,1963,2082,54,1204.0
pseudosphere_patch,gaussian_curvature,3,stress,0.05,0.049983638743455495,7,13353177932303004372,4160,8192,611,12224,2.21921096754304,0.022387480558236257,10.642341341083975,107.28801081133942,2610.046899167794,4.92489731846243,235.594,257.01547035149457,417.0,66.16370618611019,117.69800000000006,0.6767627107168547,3.6172943293411643,5.37981169068036,2014,2132,61,1242.0
pseudosphere_patch,gaussian_curvature,3,stress,0.1,0.09996727748691099,0,17234683252345028141,4160,8192,1222,12224,2.21921096754304,0.02325443183211463,14.446192427067638,106.78135161898284,2610.0468991678385,4.9248973184621905,336.38200000000006,387.66301861281534,578.0,97.14765601499386,168.002944,0.6767627107168547,3.6172943293411643,5.213872185015887,2439,2588,103,1126.0
pseudosphere_patch,gaussian_curvature,3,stress,0.1,0.09996727748691099,1,17157306262034626080,4160,8192,1222,12224,2.21921096754304,0.02334041817907748,14.400864502475146,104.5639377323546,2610.046899167788,4.924897318462268,335.65199999999993,387.44371462187894,577.0,96.80533786166187,167.6340000000001,0.6767627107163162,3.6172943293410635,5.213872185015887,2394,2540,97,1114.0
pseudosphere_patch,gaussian_curvature,3,stress,0.1,0.09996727748691099,2,7053461241816101629,4160,8192,1222,12224,2.21921096754304,0.023389695286394556,14.384700222159598,104.15598348980063,2610.046899167809,4.924897318462451,333.17100000000005,382.2075496376282,550.0,96.46162241897034,166.40600000000012,0.6767627107168547,3.5784718046275876,5.213872185015887,2369,2522,102,1085.0
pseudosphere_patch,gaussian_curvature,3,stress,0.1,0.09996727748691099,3,1621774349155215134,4160,8192,1222,12224,2.21921096754304,0.023445014048601585,14.779623843798383,105.75879236728944,2610.0468991678044,4.924897318462401,355.05899999999997,406.3160727807848,586.0,103.50697686547116,177.33899999999983,0.6767627107163162,3.5784718046275876,5.213872185015887,2400,2558,99,1021.0
pseudosphere_patch,gaussian_curvature,3,stress,0.1,0.09996727748691099,4,11009335381219110052,4160,8192,1222,12224,2.21921096754304,0.023292398450781026,14.374531838856631,107.41940653729216,2610.046899167872,4.9248973184622775,333.476,392.0025382570883,575.0,96.40202874616075,166.53778800000023,0.6767627107168547,3.6172943293411643,5.213872185015887,2399,2568,99,1084.0
pseudosphere_patch,gaussian_curvature,3,stress,0.1,0.09996727748691099,5,15540709801684352498,4160,8192,1222,12224,2.21921096754304,0.023175167847077197,14.151204272622362,102.30119265150067,2610.0468991677867,4.924897318462184,356.39,407.2892559348945,575.0,103.11884981516046,178.00099999999964,0.6767627107168547,3.6172943293411643,5.213872185015887,2401,2554,87,1062.0
pseudosphere_patch,gaussian_curvature,3,stress,0.1,0.09996727748691099,6,15693879987219500229,4160,8192,1222,12224,2.21921096754304,0.02320935470132649,13.747483948883955,106.44862155593165,1995.4974928670451,4.92489731846216,337.826,380.41406125431274,556.0,97.85330546732973,168.74300000000022,0.6767627107163162,3.6172943293411643,5.213872185015887,2454,2608,102,1126.0
pseudosphere_patch,gaussian_curvature,3,stress,0.1,0.09996727748691099,7,12847931528462702296,4160,8192,1222,12224,2.21921096754304,0.023284786061676607,14.261764053314645,106.42928739218068,2610.046899167872,4.924897318462454,333.908,381.9421657790614,562.0,96.41122104777516,166.7730000000002,0.6767627107179318,3.6172943293410635,5.213872185015887,2432,2574,99,1102.0
pseudosphere_patch,gaussian_curvature,3,quality_controlled,0.05,0.049983638743455495,0,472150339506169965,4160,8192,611,12224,2.21921096754304,0.022141976406868224,9.218180410184402,110.06710854561834,2610.0468991677512,4.924897318462505,181.901,200.29127040387957,434.0,49.89525694116307,90.87600000000008,3.6172943293409623,3.6172943293412656,6.019258745820584,1933,2066,61,1267.0
pseudosphere_patch,gaussian_curvature,3,quality_controlled,0.05,0.049983638743455495,1,9112360451401002902,4160,8192,611,12224,2.21921096754304,0.02205107959131689,8.802846111626788,110.22573782920487,2610.046899167769,4.924897318462555,164.54600000000005,183.08582140624654,460.0,44.9446902468582,82.20099999999991,3.6172943293409623,3.6172943293412656,6.019258745820584,1968,2070,67,1300.0
pseudosphere_patch,gaussian_curvature,3,quality_controlled,0.05,0.049983638743455495,2,16200746559620451207,4160,8192,611,12224,2.21921096754304,0.022062319117272588,9.017240192446106,110.34664241825301,2610.046899167771,4.924897318462454,169.433,190.76609499593997,430.0,46.61741006270411,84.63599999999998,3.6172943293409623,3.6172943293412656,6.019258745820584,1928,2066,66,1271.0
pseudosphere_patch,gaussian_curvature,3,quality_controlled,0.05,0.049983638743455495,3,9037542959569831916,4160,8192,611,12224,2.21921096754304,0.02207253911082616,8.866170568813052,110.22377222315065,2610.046899167872,4.9248973184625005,173.21,188.6414853631088,471.0,47.44283280092592,86.54100000000022,3.6172943293409623,3.6172943293412656,6.019258745820584,1930,2058,62,1330.0
pseudosphere_patch,gaussian_curvature,3,quality_controlled,0.05,0.049983638743455495,4,113996373245497356,4160,8192,611,12224,2.21921096754304,0.022067958632248478,8.938277911038586,110.6179844643454,2610.0468991678044,4.924897318462533,175.515,191.87215795940793,416.0,48.36443257472359,87.68899999999984,3.6172943293409623,3.6172943293412656,6.019258745820584,1909,2000,65,1203.0
pseudosphere_patch,gaussian_curvature,3,quality_controlled,0.05,0.049983638743455495,5,14245939720151722113,4160,8192,611,12224,2.21921096754304,0.022115565510499074,9.044865309674915,110.32246820199849,2610.046899167788,4.924897318462509,182.05100000000002,199.91400901387576,421.0,49.98186352220931,90.95100000000001,3.6172943293409623,3.6172943293412656,6.019258745820584,1917,2048,66,1229.0
pseudosphere_patch,gaussian_curvature,3,quality_controlled,0.05,0.049983638743455495,6,10430239244700323051,4160,8192,611,12224,2.21921096754304,0.022048532787361,8.77954744800135,109.94222937753948,2610.046899167743,4.924897318462484,165.09500000000003,182.62704345194882,447.0,45.03219680811886,82.47999999999993,3.6172943293409623,3.6172943293412656,6.019258745820584,1937,2050,64,1285.0
pseudosphere_patch,gaussian_curvature,3,quality_controlled,0.05,0.049983638743455495,7,13531670939272063892,4160,8192,611,12224,2.21921096754304,0.022074177090684155,8.887343782856167,110.04696511882617,2610.046899167772,4.924897318462488,176.931,192.28097409780304,460.0,48.46588181329245,88.40100000000018,3.6172943293410635,3.6172943293412656,6.019258745820584,1960,2072,64,1307.0
pseudosphere_patch,gaussian_curvature,3,quality_controlled,0.1,0.09996727748691099,0,9183311607899055045,4160,8192,1222,12224,2.21921096754304,0.022568036693666395,10.414606269417263,111.01662295272216,2610.046899167777,4.924897318462531,242.944,282.2155736312225,471.0,68.54183360703985,121.43673999999983,3.6172943293409623,3.6172943293412656,6.019258745820584,2445,2600,92,1352.0
pseudosphere_patch,gaussian_curvature,3,quality_controlled,0.1,0.09996727748691099,1,4296232643369422477,4160,8192,1222,12224,2.21921096754304,0.022584726722478094,10.466656158405371,110.63415860932771,2610.0468991678026,4.924897318462495,255.666,290.48189960822,470.0,72.46410811866906,127.75683600000016,3.6172943293409623,3.6172943293412656,6.019258745820584,2459,2596,90,1314.0
pseudosphere_patch,gaussian_curvature,3,quality_controlled,0.1,0.09996727748691099,2,7327465251238702842,4160,8192,1222,12224,2.21921096754304,0.022586547758148043,10.448212720003621,110.23741125931753,2610.0468991677844,4.924897318462552,249.27999999999997,277.58376033190416,464.0,70.59784512419216,124.58837599999998,3.6172943293409623,3.6172943293412656,6.019258745820584,2376,2530,101,1394.0
pseudosphere_patch,gaussian_curvature,3,quality_controlled,0.1,0.09996727748691099,3,1532324135652866834,4160,8192,1222,12224,2.21921096754304,0.022636398008996302,10.535690773870055,110.64449834381635,2610.046899167809,4.924897318462514,240.098,281.01591769862426,475.0,67.71799718885258,119.98798799999993,3.6172943293410635,3.6172943293412656,6.0192587458205224,2427,2592,107,1402.0
pseudosphere_patch,gaussian_curvature,3,quality_controlled,0.1,0.09996727748691099,4,2827615637315854161,4160,8192,1222,12224,2.21921096754304,0.022517161829765108,10.342769936052463,110.5241284930797,2610.0468991677867,4.924897318462535,245.33399999999995,280.56239591221055,450.0,68.9297214172701,122.64036400000002,3.6172943293409623,3.6172943293412656,6.019258745820584,2458,2606,89,1372.0
pseudosphere_patch,gaussian_curvature,3,quality_controlled,0.1,0.09996727748691099,5,2273323956917018727,4160,8192,1222,12224,2.21921096754304,0.02262506964503648,10.627898409430426,110.83172527965903,2610.0468991678385,4.924897318462557,248.084,283.41975936762066,457.0,70.29466612337036,123.96730399999991,3.6172943293409623,3.6172943293412656,6.0192587458205224,2359,2518,103,1320.0
pseudosphere_patch,gaussian_curvature,3,quality_controlled,0.1,0.09996727748691099,6,9487126512626886437,4160,8192,1222,12224,2.21921096754304,0.022597604537503233,10.606605496393684,110.48026270809046,2610.046899167788,4.924897318462482,251.601,291.295418776197,473.0,71.1409029249666,125.71140800000009,3.6172943293409623,3.6172943293412656,6.019258745820584,2441,2586,100,1361.0
pseudosphere_patch,gaussian_curvature,3,quality_controlled,0.1,0.09996727748691099,7,14195806283192889601,4160,8192,1222,12224,2.21921096754304,0.0225136346594471,10.234799947278097,110.83093861518716,2610.046899167776,4.924897318462533,237.70100000000002,271.6195372207235,455.0,66.37922355520598,118.89053599999978,3.6172943293409623,3.6172943293412656,6.019258745820584,2429,2596,86,1419.0
pseudosphere_patch,mean_curvature,0,baseline,0.0,0.0,0,13012330052375115813,72,128,0,184,2.21921096754304,0.17023319368381526,0.28416100656048054,1.1199158420700575,5.955643298625303,-0.2143195235454833,0.0,0.0,0.0,0.0,0.0,6.142821920581892,6.142821920581892,6.142821920582011,16,20,0,0.0
pseudosphere_patch,mean_curvature,0,stress,0.05,0.04891304347826087,0,5147538511425559536,72,128,9,184,2.21921096754304,0.17357220890734093,0.5546360719989014,1.3341012780161863,5.955643298625303,-0.2898122455337509,0.43900000000000006,0.7035623639735145,2.0,0.10690460345560465,0.2178400000000005,6.142821920581892,6.142821920581892,6.142821920582011,22,26,9,9.0
pseudosphere_patch,mean_curvature,0,stress,0.05,0.04891304347826087,1,9303385854938081914,72,128,9,184,2.21921096754304,0.17858971184254438,0.7764305963024022,1.5244141973705188,6.253510994304493,-0.5142159678855878,0.829,1.302689525558565,4.0,0.16307012467033877,0.3900959999999993,6.142821920581892,6.142821920581924,6.142821920582011,21,22,14,15.0
pseudosphere_patch,mean_curvature,0,stress,0.05,0.04891304347826087,2,14478222812034746831,72,128,9,184,2.21921096754304,0.1757423495585753,0.8403819347791615,1.7302469779053358,5.955643298625303,-0.4115496015521283,0.876,1.3468481725866506,3.0,0.2671917204555545,0.47003999999999807,6.142821920581892,6.142821920581892,6.142821920582011,26,30,15,18.0
pseudosphere_patch,mean_curvature,0,stress,0.05,0.04891304347826087,3,10112327721267884227,72,128,9,184,2.21921096754304,0.17952151485049783,1.0225106967668196,2.0325225441277466,7.389730262099554,-0.6396811353141931,1.3030000000000002,1.851755923441316,4.0,0.3806895962539576,0.5936920000000021,6.142821920581892,6.142821920581892,6.142821920582053,31,34,19,23.0
pseudosphere_patch,mean_curvature,0,stress,0.05,0.04891304347826087,4,4621182250398169487,72,128,9,184,2.21921096754304,0.1778977582718363,0.6669323605298582,1.4406453978575013,6.253510994304508,-0.4741677489307059,0.7879999999999998,1.4296852800529212,4.0,0.1494190001305053,0.36101600000000006,6.142821920581892,6.142821920581892,6.142821920582011,22,24,15,18.0
pseudosphere_patch,mean_curvature,0,stress,0.05,0.04891304347826087,5,16036047327151237672,72,128,9,184,2.21921096754304,0.17531629900885226,0.7831042678886274,1.797483363621431,8.789395276207635,-0.3205008308109546,0.9340000000000002,1.2696456198483104,3.0,0.23588092880943037,0.46693599999999885,5.632562520460935,6.142821920581892,6.142821920582011,22,26,14,14.0
pseudosphere_patch,mean_curvature,0,stress,0.05,0.04891304347826087,6,1883043862031793067,72,128,9,184,2.21921096754304,0.17332628403365516,0.5197583765944824,1.4131835142997102,8.78939527620765,-0.3057167476842479,0.6180000000000001,1.0401922899156677,3.0,0.1301773152281148,0.28665999999999997,5.632562520460935,6.142821920581892,6.142821920582011,22,22,15,16.0
pseudosphere_patch,mean_curvature,0,stress,0.05,0.04891304347826087,7,4418007295160761758,72,128,9,184,2.21921096754304,0.17549944091537809,0.6686048382524078,1.8197035227560572,8.789395276207612,-0.5289801015847949,0.637,0.9638464608017193,2.0,0.15375230071774598,0.292480000000001,5.632562520460999,6.142821920581892,6.142821920582011,20,20,13,13.0
pseudosphere_patch,mean_curvature,0,stress,0.1,0.09782608695652174,0,4487180991196888886,72,128,18,184,2.21921096754304,0.18486331098213865,1.1118291806244378,2.148698412331702,7.389730262099555,-0.831051787932579,1.052,1.5665248162732692,4.0,0.22979745034268706,0.4685599999999994,6.142821920581892,6.142821920581924,6.14282192058213,24,26,19,20.0
pseudosphere_patch,mean_curvature,0,stress,0.1,0.09782608695652174,1,607538009062585369,72,128,18,184,2.21921096754304,0.18022274945946154,1.1090094369367014,1.8633759232137446,6.348264207989921,-0.3797843743749905,1.941,2.884614358974177,6.0,0.6500274788222363,1.020775999999994,6.142821920581892,6.142821920581892,6.142821920582011,37,42,19,25.0
pseudosphere_patch,mean_curvature,0,stress,0.1,0.09782608695652174,2,13764460805484692221,72,128,18,184,2.21921096754304,0.18507093577198921,1.6065295291701627,2.468102805065204,7.389730262099555,-0.926679427856403,2.242,3.1,6.0,0.547896320257765,1.0028959999999996,5.632562520460999,6.142821920581924,6.14282192058213,42,44,30,36.0
pseudosphere_patch,mean_curvature,0,stress,0.1,0.09782608695652174,3,10773258847490585069,72,128,18,184,2.21921096754304,0.18043203177315975,1.0344486812226958,1.9590707114611174,8.789395276207621,-0.45733286977458115,1.93,2.575655256434758,5.0,0.5830975646321936,0.991947999999995,5.632562520460999,5.770332558493735,6.142821920582011,36,38,24,28.0
pseudosphere_patch,mean_curvature,0,stress,0.1,0.09782608695652174,4,12211879718422068559,72,128,18,184,2.21921096754304,0.18617610829790576,1.388398503125302,2.3398621553552337,7.389730262099553,-0.9063445465540257,2.121,3.1242599123632466,7.0,0.6430094481358758,0.9626120000000042,5.632562520460935,6.142821920581892,6.142821920582011,42,44,29,39.0
pseudosphere_patch,mean_curvature,0,stress,0.1,0.09782608695652174,5,12293720594583052509,72,128,18,184,2.21921096754304,0.18714791243355952,1.6164563817337696,2.5962647811356456,8.789395276207635,-0.9155726921351679,1.872,2.5628109567426156,5.0,0.535824696258023,0.9307920000000033,5.632562520460935,6.142821920581924,6.14282192058213,38,42,24,30.0
pseudosphere_patch,mean_curvature,0,stress,0.1,0.09782608695652174,6,16601964824910995639,72,128,18,184,2.21921096754304,0.18428540247980718,1.32795211385144,2.429244791608833,8.789395276207635,-0.9215016048371789,1.363,1.8201648277010518,3.0,0.3944259220588858,0.6588280000000044,5.632562520460935,5.770332558493593,6.142821920582011,33,34,25,25.0
pseudosphere_patch,mean_curvature,0,stress,0.1,0.09782608695652174,7,7576339600655099358,72,128,18,184,2.21921096754304,0.18221806684819264,1.2674834029889679,2.1742662846123344,7.389730262099553,-0.6899912270721127,1.928,2.792131802046601,6.0,0.5433295051807846,0.8833999999999959,6.142821920581892,6.142821920581892,6.142821920582011,35,36,19,24.0
pseudosphere_patch,mean_curvature,0,quality_controlled,0.05,0.04891304347826087,0,944501387807897747,72,128,9,184,2.21921096754304,0.17933359029329118,0.8241381104343833,1.791162754699256,7.389730262099553,-0.6403266570893174,0.554,1.1108555261599053,3.0,0.12685393789709526,0.2515160000000007,6.142821920581892,6.142821920581892,6.142821920582011,22,22,10,10.0
pseudosphere_patch,mean_curvature,0,quality_controlled,0.05,0.04891304347826087,1,3338963555309283754,72,128,9,184,2.21921096754304,0.1736549976527501,0.6627899919737019,1.5263291709395903,6.253510994304492,-0.23497099791773735,1.3439999999999999,2.303041467277565,6.0,0.4970746664234704,0.8036000000000019,6.142821920581892,6.142821920581924,6.142821920582011,29,32,14,16.0
pseudosphere_patch,mean_curvature,0,quality_controlled,0.05,0.04891304347826087,2,7654614608121279923,72,128,9,184,2.21921096754304,0.17210355748802422,0.4905085565676268,1.3439992181185598,5.955643298625303,-0.24897968326776115,0.5350000000000001,0.8502940667792526,2.0,0.18093732837642973,0.3063999999999989,6.142821920581892,6.142821920581892,6.142821920582011,20,24,11,11.0
pseudosphere_patch,mean_curvature,0,quality_controlled,0.05,0.04891304347826087,3,5950840940566828948,72,128,9,184,2.21921096754304,0.17759218014913944,0.828208559083909,1.5482766882480639,5.955643298625303,-0.4165695062087483,0.976,1.4177446878757827,3.0,0.2630039841371227,0.4838279999999999,6.142821920581892,6.142821920581892,6.142821920582011,31,34,18,20.0
pseudosphere_patch,mean_curvature,0,quality_controlled,0.05,0.04891304347826087,4,13888770393040752187,72,128,9,184,2.21921096754304,0.17263816963973047,0.5071441129478182,1.278737048125538,6.253510994304495,-0.2901349857476665,0.514,0.8258329128825033,2.0,0.10856523815660316,0.24224399999999974,6.142821920581892,6.142821920581892,6.142821920582011,17,20,11,12.0
pseudosphere_patch,mean_curvature,0,quality_controlled,0.05,0.04891304347826087,5,7259699819238887589,72,128,9,184,2.21921096754304,0.17920842068630552,1.1135832355760948,2.099986576513835,7.389730262099555,-0.6650266482601397,1.2270000000000003,1.7253985046939155,3.0,0.34865549069532925,0.5641480000000015,6.142821920581892,6.142821920581924,6.142821920582053,31,34,18,23.0
pseudosphere_patch,mean_curvature,0,quality_controlled,0.05,0.04891304347826087,6,6968334222920318784,72,128,9,184,2.21921096754304,0.17597653917645323,0.884902382404976,1.7251264569350349,6.460459180121054,-0.3575191385398547,1.1630000000000003,1.6459040069214246,4.0,0.3472075778781325,0.5784559999999991,6.142821920581892,6.142821920581892,6.142821920582011,33,38,18,19.0
pseudosphere_patch,mean_curvature,0,quality_controlled,0.05,0.04891304347826087,7,8511268809941852804,72,128,9,184,2.21921096754304,0.17356794711282666,0.7178482075436048,1.5783917345139875,5.955643298625303,-0.27584458125827505,1.061,1.5681198933755034,3.0,0.3403137078402807,0.5828479999999997,6.142821920581892,6.142821920581892,6.142821920582011,26,30,10,13.0
pseudosphere_patch,mean_curvature,0,quality_controlled,0.1,0.09782608695652174,0,4527373555805488816,72,128,18,184,2.21921096754304,0.18673332890963854,1.3415624556209096,2.3449862846354237,7.389730262099555,-0.9330246621789866,1.864,2.7349588662354685,6.0,0.5715608139962076,0.8519360000000095,6.142821920581892,6.142821920581924,6.14282192058213,36,38,24,28.0
pseudosphere_patch,mean_curvature,0,quality_controlled,0.1,0.09782608695652174,1,17515286879743378423,72,128,18,184,2.21921096754304,0.18850034187366815,1.395935718749056,2.259296102739393,7.389730262099555,-0.8337808068501512,1.6309999999999998,2.3101947969814147,5.0,0.4154289449231961,0.7614000000000001,6.142821920581892,6.142821920582011,6.142821920582011,33,36,22,29.0
pseudosphere_patch,mean_curvature,0,quality_controlled,0.1,0.09782608695652174,2,18232706655287428445,72,128,18,184,2.21921096754304,0.18793854224129425,1.553328138787787,2.526151478374729,7.389730262099555,-0.9687862270101826,1.7690000000000001,2.3931151246858144,5.0,0.49160520020032694,0.8358160000000059,6.142821920581892,6.142821920581892,6.142821920582053,35,38,24,29.0
pseudosphere_patch,mean_curvature,0,quality_controlled,0.1,0.09782608695652174,3,4077658457104558186,72,128,18,184,2.21921096754304,0.18196075958925137,1.082789691587951,1.9748881521136579,7.389730262099555,-0.6336455725699013,1.2920000000000003,1.7882952776317451,5.0,0.2988053087480212,0.5490400000000007,6.142821920581892,6.142821920581924,6.142821920582053,32,32,21,24.0
pseudosphere_patch,mean_curvature,0,quality_controlled,0.1,0.09782608695652174,4,17733820005293270489,72,128,18,184,2.21921096754304,0.1828150021075169,1.2804942820133998,2.2955518079196944,7.389730262099554,-0.6837867089988603,1.7530000000000001,2.4147463634924478,5.0,0.4717765768157651,0.8159200000000023,6.142821920581892,6.142821920581892,6.142821920582053,34,38,22,25.0
pseudosphere_patch,mean_curvature,0,quality_controlled,0.1,0.09782608695652174,5,3042752451737008342,72,128,18,184,2.21921096754304,0.18531700127932632,0.9152748508260429,2.034674435142096,7.389730262099555,-0.7576581324753698,0.5530000000000002,0.9864076236526156,3.0,0.14990272128283794,0.24376000000000092,6.142821920581892,6.142821920582011,6.14282192058213,20,20,13,13.0
pseudosphere_patch,mean_curvature,0,quality_controlled,0.1,0.09782608695652174,6,11122949864607251604,72,128,18,184,2.21921096754304,0.18231179508702652,1.1626865052458943,2.1340823748029227,7.389730262099553,-0.6629930385987325,1.596,2.240535650240808,5.0,0.49190214578104785,0.7740799999999992,6.142821920581892,6.142821920581892,6.142821920582011,34,34,23,24.0
pseudosphere_patch,mean_curvature,0,quality_controlled,0.1,0.09782608695652174,7,18270901173879274368,72,128,18,184,2.21921096754304,0.18057804835269714,1.3740196064797479,2.2708027437074008,7.389730262099555,-0.6162700754569349,1.684,2.741897153432273,7.0,0.605793748868371,0.9463639999999959,6.142821920581892,6.142821920581924,6.142821920582053,38,40,24,26.0
pseudosphere_patch,mean_curvature,1,baseline,0.0,0.0,0,9525982525677556622,272,512,0,752,2.21921096754304,0.08611697452378755,0.12127547792864642,0.8040962194285124,6.7480580339665925,-0.09335671625245083,0.0,0.0,0.0,0.0,0.0,4.759285428211232,4.759285428211309,4.759285428211386,31,32,0,0.0
pseudosphere_patch,mean_curvature,1,stress,0.05,0.05053191489361702,0,13998439696814595937,272,512,38,752,2.21921096754304,0.08935613757455897,1.1745737465007133,2.739300174296778,16.547475539746102,-0.27115010048812066,6.833,8.358528578643492,16.0,2.121288203828983,3.3018599999999996,4.759285428211232,4.759285428211309,4.759285428211386,94,94,55,65.0
pseudosphere_patch,mean_curvature,1,stress,0.05,0.05053191489361702,1,4916818326138547879,272,512,38,752,2.21921096754304,0.09028813305681647,1.4833817258097093,3.07017545240936,16.547475539746006,-0.29843683594282566,8.555,11.142665749272028,19.0,2.6101947481243637,4.038752000000003,4.607740184307046,4.759285428211309,4.759285428211386,109,114,55,81.0
pseudosphere_patch,mean_curvature,1,stress,0.05,0.05053191489361702,2,7955213595857919652,272,512,38,752,2.21921096754304,0.09023398219636111,1.4257115308403376,3.0774339118161076,18.018024210636142,-0.30508479794851195,8.045,10.364506741760554,19.0,2.525235682225334,4.01236000000001,4.607740184307046,4.759285428211309,4.759285428211386,114,116,54,73.0
pseudosphere_patch,mean_curvature,1,stress,0.05,0.05053191489361702,3,1658379043491734855,272,512,38,752,2.21921096754304,0.08952970530956757,0.8816746645433324,2.203002201649708,12.99642010220173,-0.23989743639116243,4.57,6.011156294757274,12.0,1.3561364246505592,2.2346160000000004,4.759285428211232,4.759285428211309,4.759285428211386,70,70,40,50.0
pseudosphere_patch,mean_curvature,1,stress,0.05,0.05053191489361702,4,11783181759531411188,272,512,38,752,2.21921096754304,0.09021759293026313,1.4321330743399034,3.255051238381583,16.547475539746074,-0.23869693870307157,7.803000000000001,9.41620942842713,16.0,2.439381813158402,3.871151999999992,4.607740184307046,4.759285428211309,4.759285428211386,90,90,45,57.0
pseudosphere_patch,mean_curvature,1,stress,0.05,0.05053191489361702,5,3502759695744641696,272,512,38,752,2.21921096754304,0.08959498938735252,0.8960631139014987,2.3143966788517596,17.70768647925111,-0.21934186482499016,5.354,7.08067793364449,14.0,1.6466480801434187,2.4699040000000014,4.759285428211232,4.759285428211309,4.759285428211386,88,90,47,60.0
pseudosphere_patch,mean_curvature,1,stress,0.05,0.05053191489361702,6,18173591367784391123,272,512,38,752,2.21921096754304,0.08987425628548003,1.4751277124245212,3.208708813147365,16.547475539746102,-0.29679260247732875,8.552,10.563900794687537,20.0,2.4928718053714616,4.196175999999993,4.607740184307204,4.759285428211309,4.759285428211386,102,106,48,70.0
pseudosphere_patch,mean_curvature,1,stress,0.05,0.05053191489361702,7,1505979422270582900,272,512,38,752,2.21921096754304,0.09013757987129907,1.299806062728581,2.826763777515319,18.01802421063653,-0.25905556969426136,7.442,10.057037337108776,19.0,2.2981637320330384,3.524600000000006,4.759285428211232,4.759285428211309,4.759285428211386,101,102,47,66.0
pseudosphere_patch,mean_curvature,1,stress,0.1,0.09973404255319149,0,16286158112692211653,272,512,75,752,2.21921096754304,0.09219514552465029,1.9126711102803302,3.567164751873673,17.7076864792512,-0.3403968879069714,10.739,13.461463516274893,24.0,3.280359187970731,5.104664000000001,4.607740184306888,4.759285428211309,5.718073070741243,136,140,75,97.0
pseudosphere_patch,mean_curvature,1,stress,0.1,0.09973404255319149,1,2081910486732937546,272,512,75,752,2.21921096754304,0.09383621300304933,2.0614823792490853,3.6465152114229245,16.547475539746312,-0.3862089534904587,11.083000000000002,14.048167140235769,24.0,3.4153628598320207,5.490959999999991,4.607740184307046,4.759285428211309,4.759285428211386,136,138,73,99.0
pseudosphere_patch,mean_curvature,1,stress,0.1,0.09973404255319149,2,14077699819654749836,272,512,75,752,2.21921096754304,0.09328977732403594,2.0893685429354325,3.5486343112230547,15.334508063909995,-0.30997152460192934,12.746,17.047345834469365,29.0,3.808956399775671,6.0072640000000135,4.607740184307204,4.759285428211309,4.759285428211386,139,146,85,106.0
pseudosphere_patch,mean_curvature,1,stress,0.1,0.09973404255319149,3,148922417429494925,272,512,75,752,2.21921096754304,0.09306068875549278,1.7491353772441864,3.1133892189542594,12.996420102201869,-0.4157232896059866,9.322000000000001,11.854366284200939,23.0,2.8031375031603503,4.586168000000008,4.759285428211232,4.759285428211309,4.759285428211386,122,124,66,92.0
pseudosphere_patch,mean_curvature,1,stress,0.1,0.09973404255319149,4,10344944317409718178,272,512,75,752,2.21921096754304,0.09284229577861136,1.3511369304530105,2.785835517265727,12.99642010220188,-0.3601653716181715,8.493,10.414653138727184,20.0,2.3330970378430487,3.416060000000003,4.607740184307046,4.759285428211309,5.7992263435655795,108,114,70,87.0
pseudosphere_patch,mean_curvature,1,stress,0.1,0.09973404255319149,5,15164235308674086302,272,512,75,752,2.21921096754304,0.09140970356442585,1.604782742278653,3.1852504376045703,17.276212133628032,-0.24547790734125874,9.994,12.426664878397583,23.0,3.13389232242207,4.9804239999999975,4.607740184307046,4.759285428211232,4.759285428211386,129,134,77,104.0
pseudosphere_patch,mean_curvature,1,stress,0.1,0.09973404255319149,6,11911363663017669249,272,512,75,752,2.21921096754304,0.09240046414284446,1.683513431721587,3.265470820318862,17.707686479251077,-0.3523220233488581,9.57,12.314219423089716,23.0,2.7344634116462396,4.2355199999999975,4.607740184307046,4.759285428211241,4.759285428211386,124,130,73,92.0
pseudosphere_patch,mean_curvature,1,stress,0.1,0.09973404255319149,7,815923666766446664,272,512,75,752,2.21921096754304,0.09229272982722737,1.1727379877834463,2.3522876064519433,11.457239673760553,-0.366615383058167,7.438000000000001,10.049776116909271,22.0,2.1467504712807344,3.00918000000001,4.607740184307046,4.759285428211309,7.492505660302245,118,124,73,96.0
pseudosphere_patch,mean_curvature,1,quality_controlled,0.05,0.05053191489361702,0,4009342813069641418,272,512,38,752,2.21921096754304,0.0896523925640322,0.6086045661781558,1.7493406053355862,10.189438430520136,-0.2206206136686043,3.324,4.5934736311423405,10.0,0.884060300332499,1.2570639999999904,4.759285428211232,4.759285428211309,6.530280715533589,69,70,29,44.0
pseudosphere_patch,mean_curvature,1,quality_controlled,0.05,0.05053191489361702,1,889763587855120862,272,512,38,752,2.21921096754304,0.08779225728303312,0.43345081538414243,1.3745870501894735,8.144062712821473,-0.13549822418418178,2.21,3.5838526755434574,9.0,0.8312577577815383,1.2767599999999943,4.759285428211232,4.759285428211309,4.759285428211386,64,64,32,38.0
pseudosphere_patch,mean_curvature,1,quality_controlled,0.05,0.05053191489361702,2,1447072725948059379,272,512,38,752,2.21921096754304,0.08824327047072879,0.46704728796039274,1.2964722384587894,6.8598344769082535,-0.10584844995710924,2.5999999999999996,3.7664306710730786,9.0,0.8000119544856781,1.5140999999999971,4.759285428211232,4.759285428211309,4.759285428211386,65,66,32,36.0
pseudosphere_patch,mean_curvature,1,quality_controlled,0.05,0.05053191489361702,3,6890591801101981151,272,512,38,752,2.21921096754304,0.08776782237359651,0.3324997093679912,1.1352602597119203,7.755810261734611,-0.09990277589224025,1.806,2.5023988491045945,6.0,0.5723493273936812,1.016587999999996,4.759285428211232,4.759285428211309,4.759285428211386,53,54,22,22.0
pseudosphere_patch,mean_curvature,1,quality_controlled,0.05,0.05053191489361702,4,2823196482493348598,272,512,38,752,2.21921096754304,0.08923532833941548,0.7684841810883505,1.9954811227146076,11.429794306186118,-0.2590033750844909,4.406,5.620142346951721,10.0,1.0345779459895752,1.5889720000000065,4.759285428211232,4.759285428211309,7.979276859706298,79,80,37,58.0
pseudosphere_patch,mean_curvature,1,quality_controlled,0.05,0.05053191489361702,5,8350676681177016723,272,512,38,752,2.21921096754304,0.08772166716860266,0.36345780815916806,1.1562468483113233,6.7480580339665925,-0.0977666885782471,2.401,3.548943504763072,9.0,0.8173832649522524,1.4120400000000035,4.759285428211232,4.759285428211309,4.759285428211386,58,58,24,29.0
pseudosphere_patch,mean_curvature,1,quality_controlled,0.05,0.05053191489361702,6,14183847553245778761,272,512,38,752,2.21921096754304,0.0879643390471241,0.44441450030355056,1.3766210933275527,8.144062712821489,-0.1392005370288285,2.635,3.9568927203046584,8.0,0.9251871783763498,1.476875999999997,4.759285428211232,4.759285428211309,4.759285428211386,63,64,35,39.0
pseudosphere_patch,mean_curvature,1,quality_controlled,0.05,0.05053191489361702,7,2153309551026324096,272,512,38,752,2.21921096754304,0.08790310131228857,0.4686683673065465,1.4010401626565963,8.144062712821523,-0.1059420876551016,2.4059999999999997,3.691070305480512,9.0,0.8402594416107432,1.4537599999999993,4.759285428211232,4.759285428211309,4.759285428211386,69,70,29,34.0
pseudosphere_patch,mean_curvature,1,quality_controlled,0.1,0.09973404255319149,0,5574677102521967347,272,512,75,752,2.21921096754304,0.09050878167943306,1.0034546232570078,2.084576111276415,9.840118564700445,-0.19420409251926246,6.305,9.087518913322821,19.0,2.2008396590392474,3.6024799999999932,4.759285428211232,4.759285428211309,4.759285428211386,107,108,58,75.0
pseudosphere_patch,mean_curvature,1,quality_controlled,0.1,0.09973404255319149,1,11378027075091246103,272,512,75,752,2.21921096754304,0.09109863793795835,1.0275991680929462,2.189827815267981,10.189438430520108,-0.25924221399442177,6.135,8.410172412025807,18.0,1.7495508850810797,2.592328000000003,4.759285428211232,4.759285428211309,7.979276859706298,97,100,59,79.0
pseudosphere_patch,mean_curvature,1,quality_controlled,0.1,0.09973404255319149,2,4675741246966872553,272,512,75,752,2.21921096754304,0.09150450777027692,1.3424965514749343,2.61013786756176,13.246916472013686,-0.22009287751664422,7.58,10.351038595232847,20.0,2.5624290362700717,4.014079999999993,4.759285428211232,4.759285428211309,4.759285428211386,132,134,74,100.0
pseudosphere_patch,mean_curvature,1,quality_controlled,0.1,0.09973404255319149,3,17928863786678463202,272,512,75,752,2.21921096754304,0.09142563592070371,0.8653764131900019,1.9668871502004275,10.189438430520163,-0.21848204450083455,4.576999999999999,7.04265574907648,16.0,1.551971783145556,2.5359999999999947,4.759285428211232,4.759285428211309,6.530280715533589,89,90,56,67.0
pseudosphere_patch,mean_curvature,1,quality_controlled,0.1,0.09973404255319149,4,8480980813660935520,272,512,75,752,2.21921096754304,0.09103970438693446,1.1038282640905295,2.4560478544100235,13.246916472013694,-0.20942671833007342,5.760000000000001,8.403213670971361,17.0,2.013114132543901,3.0810679999999966,4.759285428211232,4.759285428211309,4.759285428211386,101,102,57,68.0
pseudosphere_patch,mean_curvature,1,quality_controlled,0.1,0.09973404255319149,5,4139641106461226701,272,512,75,752,2.21921096754304,0.09014380859337903,0.8619266756295162,1.9635721243064383,10.189438430520163,-0.18975324913390848,4.731000000000001,7.434984868848086,16.0,1.6959198463606693,2.586295999999999,4.759285428211232,4.759285428211309,4.759285428211386,88,90,50,65.0
pseudosphere_patch,mean_curvature,1,quality_controlled,0.1,0.09973404255319149,6,6525784424650915885,272,512,75,752,2.21921096754304,0.09158651049912786,1.1351187884015883,2.33621537035813,11.4297943061861,-0.21468262366579854,5.905,8.181747979496802,17.0,2.005157693571254,3.177071999999999,4.759285428211232,4.759285428211309,4.759285428211386,110,110,63,83.0
pseudosphere_patch,mean_curvature,1,quality_controlled,0.1,0.09973404255319149,7,8279393553600601099,272,512,75,752,2.21921096754304,0.09110172560741527,1.024235830893359,2.2422851633099836,13.246916472013666,-0.24480424965642517,5.571,8.359724875855665,18.0,1.88317176698251,2.864400000000009,4.759285428211232,4.759285428211309,7.979276859706298,106,108,63,83.0
pseudosphere_patch,mean_curvature,2,baseline,0.0,0.0,0,6338201644862445856,1056,2048,0,3040,2.21921096754304,0.04314251127967347,0.05025558710312064,0.5518337070595182,7.09553256844087,-0.04421641968760379,0.0,0.0,0.0,0.0,0.0,4.0056880710551654,4.005688071055256,5.603588492736073,66,66,0,0.0
pseudosphere_patch,mean_curvature,2,stress,0.05,0.05,0,7504047807513675817,1056,2048,152,3040,2.21921096754304,0.045062589139317454,1.690359250926516,4.89262100875697,44.290838910782696,-0.11670189863381208,29.882999999999996,38.9192368887161,83.0,9.921659464000157,14.848896,2.2703669463091973,4.005688071055256,5.60358849273603,350,360,122,233.0
pseudosphere_patch,mean_curvature,2,stress,0.05,0.05,1,12845671341714801675,1056,2048,152,3040,2.21921096754304,0.0447816826476246,1.2615247516818155,4.158554421408418,50.88764770784398,-0.08362991934982253,24.538999999999998,30.62863039706477,61.0,7.97444105752872,12.210199999999979,2.2703669463091973,4.005688071055256,5.603588492736073,254,256,111,175.0
pseudosphere_patch,mean_curvature,2,stress,0.05,0.05,2,3851474693699616838,1056,2048,152,3040,2.21921096754304,0.044718393467171526,1.653181566728963,5.146052250125863,50.8876477078455,-0.1045429631567093,28.634999999999998,37.23521182966467,77.0,9.527463388791377,14.401279999999998,2.2703669463088763,4.005688071055256,5.603588492736007,321,326,115,219.0
pseudosphere_patch,mean_curvature,2,stress,0.05,0.05,3,14528462065266834071,1056,2048,152,3040,2.21921096754304,0.04472087789079908,1.472320747806767,4.38285913373215,42.44136390000688,-0.09763776725943514,29.498,37.9629819692816,75.0,9.71259880530767,14.593591999999996,2.2703669463088763,4.005688071055256,5.603588492736073,311,318,124,200.0
pseudosphere_patch,mean_curvature,2,stress,0.05,0.05,4,11487631838074907666,1056,2048,152,3040,2.21921096754304,0.044719804013005585,1.394743127453542,4.3208347138627285,50.88764770784533,-0.1008452843146343,28.987000000000002,37.155416832542734,72.0,9.54311422779251,14.489343999999972,2.2703669463091973,4.005688071055256,5.603588492736073,310,314,118,207.0
pseudosphere_patch,mean_curvature,2,stress,0.05,0.05,5,17310323529599838086,1056,2048,152,3040,2.21921096754304,0.04478710391128185,1.4981255137226075,4.643034356208659,50.887647707844565,-0.13171376758464134,27.159,35.8262613176424,74.0,9.175819660461075,13.778987999999996,2.2703669463088763,4.005688071055256,5.60358849273603,316,322,118,211.0
pseudosphere_patch,mean_curvature,2,stress,0.05,0.05,6,7065006783507848270,1056,2048,152,3040,2.21921096754304,0.04502147515575958,1.7335440157346114,4.786841299572623,55.685446061673716,-0.12623331060188692,34.649,42.9041140218511,81.0,11.339422172450247,17.718944000000022,2.471327853812575,4.005688071055256,5.60358849273603,338,340,130,227.0
pseudosphere_patch,mean_curvature,2,stress,0.05,0.05,7,17351047455732516348,1056,2048,152,3040,2.21921096754304,0.04497014820957317,1.8802605108470503,5.430238503666586,50.88764770784515,-0.1394296414906578,33.137,41.33101740823712,76.0,10.547844064617578,16.22389600000001,2.2703669463091973,4.005688071055208,5.603588492736007,328,332,124,223.0
pseudosphere_patch,mean_curvature,2,stress,0.1,0.1,0,4809808026181991867,1056,2048,304,3040,2.21921096754304,0.04635884023506448,2.6467130533565255,6.236151688413858,50.88764770784468,-0.17046296194137373,44.201,60.193346808430576,118.0,14.416911516635453,21.930200000000003,2.2703669463088763,3.9399570597363787,5.603588492736007,449,462,180,303.0
pseudosphere_patch,mean_curvature,2,stress,0.1,0.1,1,3633652885379635972,1056,2048,304,3040,2.21921096754304,0.046396404442352025,2.631584891057259,5.960186746279916,56.63387504481713,-0.16380144061302954,46.989,63.69174985820377,125.0,15.521114261750936,23.536559999999998,2.2703669463088763,3.7968564197392896,5.603588492736007,481,492,179,307.0
pseudosphere_patch,mean_curvature,2,stress,0.1,0.1,2,10391559292330951994,1056,2048,304,3040,2.21921096754304,0.04629767750218873,2.518051849494065,5.898623659486149,50.88764770784512,-0.17568516805536885,47.14,60.35377370140164,117.0,16.04369956919985,23.96861999999999,2.2703669463088763,4.0056880710551654,5.603588492736007,478,488,185,316.0
pseudosphere_patch,mean_curvature,2,stress,0.1,0.1,3,12995040593133097367,1056,2048,304,3040,2.21921096754304,0.046160112456302874,2.3499087075152207,5.656671205818696,55.68544606167576,-0.16566794839106075,42.096000000000004,54.71919224550012,107.0,14.002803928292346,21.197679999999988,2.471327853812575,3.9708506350562085,5.603588492736007,440,456,172,284.0
pseudosphere_patch,mean_curvature,2,stress,0.1,0.1,4,3758660326340314899,1056,2048,304,3040,2.21921096754304,0.046388967142601455,2.3515815732208485,5.3591980745762084,45.948641685590914,-0.16993950316710427,47.230999999999995,59.209923154822626,115.0,15.55393035095606,23.426091999999993,2.2703669463088763,3.9708506350562085,5.603588492736007,450,466,188,313.0
pseudosphere_patch,mean_curvature,2,stress,0.1,0.1,5,16595613880145503558,1056,2048,304,3040,2.21921096754304,0.04646491533462671,2.795505329272563,6.5303386724055255,56.63387504482172,-0.14436697726880396,48.33,62.21978784920437,121.0,15.293443755500185,23.158223999999986,2.270366946308234,3.796856419739295,5.603588492736007,462,482,174,316.0
pseudosphere_patch,mean_curvature,2,stress,0.1,0.1,6,11056418437817356326,1056,2048,304,3040,2.21921096754304,0.046610803395281654,2.83989540290316,6.6981429910593615,56.633875044819014,-0.18067829756929202,46.662,62.436095329544756,122.0,15.300519714319519,23.511840000000007,2.2703669463088763,3.796856419739199,5.603588492735942,481,492,176,300.0
pseudosphere_patch,mean_curvature,2,stress,0.1,0.1,7,2991401372628120204,1056,2048,304,3040,2.21921096754304,0.04699763176449289,2.8629516464951177,6.516267118583469,56.633875044819085,-0.1865932859847576,45.87400000000001,60.55430620525678,118.0,14.40522898448308,21.686823999999962,2.2703669463088763,3.659748527903191,5.603588492736007,463,482,173,296.0
pseudosphere_patch,mean_curvature,2,quality_controlled,0.05,0.05,0,15486193769644623110,1056,2048,152,3040,2.21921096754304,0.044126020189260845,0.5485201405015767,1.5628669109075992,9.827700619298195,-0.04800484827190642,16.146,22.4949327627357,48.0,5.368995462365748,9.201731999999998,4.0056880710551654,4.005688071055256,5.603588492736073,246,248,88,156.0
pseudosphere_patch,mean_curvature,2,quality_controlled,0.05,0.05,1,468433975817793633,1056,2048,152,3040,2.21921096754304,0.043927677591396354,0.3828055964805176,1.20629934689594,7.893580149621564,-0.045635336254828913,11.978000000000002,18.276706486673138,41.0,4.2214750182134155,7.2656399999999906,4.0056880710551654,4.005688071055256,5.603588492736073,206,208,76,132.0
pseudosphere_patch,mean_curvature,2,quality_controlled,0.05,0.05,2,12641559062530252309,1056,2048,152,3040,2.21921096754304,0.044042300344294315,0.5132561991496853,1.5331196023676956,14.661985829808383,-0.04769941137774041,15.488000000000001,21.534251786398336,47.0,5.261174769941783,8.773232000000002,4.0056880710551654,4.005688071055256,5.603588492736073,246,248,92,164.0
pseudosphere_patch,mean_curvature,2,quality_controlled,0.05,0.05,3,3399052549520719024,1056,2048,152,3040,2.21921096754304,0.044151945365277445,0.4712853783251129,1.4006293199835698,9.2861686584951,-0.04771887113524411,13.866999999999999,19.844016730490832,45.0,4.763453113324407,8.068660000000001,4.0056880710551654,4.005688071055256,5.603588492736073,230,232,89,149.0
pseudosphere_patch,mean_curvature,2,quality_controlled,0.05,0.05,4,10154454262098568398,1056,2048,152,3040,2.21921096754304,0.04424780304804346,0.5705588415229673,1.641682900395966,14.661985829808582,-0.04894725280014843,15.707,21.689836329488518,47.0,5.366822435844132,8.809532,4.0056880710551654,4.005688071055256,5.603588492736073,258,260,96,159.0
pseudosphere_patch,mean_curvature,2,quality_controlled,0.05,0.05,5,5893853951183926441,1056,2048,152,3040,2.21921096754304,0.044145733763793174,0.5425775528482111,1.52939423930774,11.463734006345108,-0.04783076960508913,15.286000000000001,21.52222107497272,45.0,5.169340607991691,8.81887199999999,4.0056880710551654,4.005688071055256,5.603588492736073,260,262,110,168.0
pseudosphere_patch,mean_curvature,2,quality_controlled,0.05,0.05,6,5380329512518233596,1056,2048,152,3040,2.21921096754304,0.04401778926008343,0.37046291301775813,1.1968889653076027,7.863409205268956,-0.046460688359737275,11.532,16.116327124999664,37.0,3.8408084339211808,6.62659200000001,4.0056880710551654,4.005688071055256,5.603588492736073,206,208,88,146.0
pseudosphere_patch,mean_curvature,2,quality_controlled,0.05,0.05,7,16841116436745387533,1056,2048,152,3040,2.21921096754304,0.04416730838429234,0.5125781362012445,1.5130923346826515,11.463734006345469,-0.047612967528603,15.488,21.26941466049313,45.0,5.154081758125291,8.766079999999986,4.0056880710551654,4.005688071055256,5.603588492736073,229,234,83,138.0
pseudosphere_patch,mean_curvature,2,quality_controlled,0.1,0.1,0,7389231286946975673,1056,2048,304,3040,2.21921096754304,0.0452987829053245,1.009683601967033,2.1693650068919816,12.387722522210119,-0.053591969717805645,28.353,40.75508557223258,85.0,9.945725949338838,16.232835999999985,4.0056880710551654,4.005688071055256,5.603588492736073,364,376,152,251.0
pseudosphere_patch,mean_curvature,2,quality_controlled,0.1,0.1,1,16292150674293172578,1056,2048,304,3040,2.21921096754304,0.04505113794964269,0.8130566190462157,1.9206235918787502,14.66198582980862,-0.05111974929163543,23.445999999999998,34.10252190088,74.0,8.417933791412242,13.627900000000002,4.0056880710551654,4.005688071055256,5.603588492736073,376,384,158,246.0
pseudosphere_patch,mean_curvature,2,quality_controlled,0.1,0.1,2,13115711958298261126,1056,2048,304,3040,2.21921096754304,0.04514972856064559,0.9769882001103444,2.221952124336996,14.66198582980862,-0.05240778611744289,25.985,37.00874221045616,81.0,9.270195762234149,14.673903999999993,4.0056880710551654,4.005688071055256,5.603588492736073,364,372,162,243.0
pseudosphere_patch,mean_curvature,2,quality_controlled,0.1,0.1,3,17644057091774160479,1056,2048,304,3040,2.21921096754304,0.0452333953598126,0.9589848725374381,2.1405241704238978,14.661985829808557,-0.05323144564971237,26.233,36.97384210492602,78.0,9.186935440591283,15.072376000000009,4.0056880710551654,4.005688071055256,5.603588492736073,381,388,152,257.0
pseudosphere_patch,mean_curvature,2,quality_controlled,0.1,0.1,4,11295264808071827688,1056,2048,304,3040,2.21921096754304,0.04500546788366387,1.089698593316747,2.3669897720557045,14.661985829808726,-0.05286536301420924,27.432999999999996,41.66445727475638,92.0,10.187056758173085,15.921519999999994,4.0056880710551654,4.005688071055256,5.603588492736073,388,408,160,287.0
pseudosphere_patch,mean_curvature,2,quality_controlled,0.1,0.1,5,5827855567997460377,1056,2048,304,3040,2.21921096754304,0.04493143296807029,0.8041906927722279,1.771937424854266,11.463734006345108,-0.04983647608237766,24.493,36.467231866430446,79.0,8.72858553027328,14.57176000000001,4.0056880710551654,4.005688071055256,5.603588492736073,383,392,153,261.0
pseudosphere_patch,mean_curvature,2,quality_controlled,0.1,0.1,6,4885081560526771882,1056,2048,304,3040,2.21921096754304,0.044948979891697376,0.8570638874987406,1.893655837458952,10.649385226091594,-0.049686661598270225,25.399,36.352262653100425,78.0,9.04726169367947,14.690879999999995,4.0056880710551654,4.005688071055256,5.603588492736073,383,392,145,239.0
pseudosphere_patch,mean_curvature,2,quality_controlled,0.1,0.1,7,5963442388574229742,1056,2048,304,3040,2.21921096754304,0.044941942673000994,0.8631575537181275,1.9250972356626606,10.649385226091706,-0.0503650219696483,27.482,38.18185432898722,78.0,9.462180598519568,15.635456000000008,4.005688071055256,4.005688071055256,5.603588492736073,374,384,151,260.0
pseudosphere_patch,mean_curvature,3,baseline,0.0,0.0,0,1736374421851626419,4160,8192,0,12224,2.21921096754304,0.02157147880241895,0.0231531142792012,0.3946639432204858,7.257085673816302,-0.02310634269389363,0.0,0.0,0.0,0.0,0.0,3.6172943293409623,3.6172943293412656,6.019258745820584,126,128,0,0.0
pseudosphere_patch,mean_curvature,3,stress,0.05,0.049983638743455495,0,13911313848427903066,4160,8192,611,12224,2.21921096754304,0.022395813848519314,1.7627118706868377,8.00174361176905,182.928276406336,-0.039154895673959474,113.182,148.27088723009652,291.0,38.15259071712785,57.614655999999975,0.6767627107163162,3.6172943293411643,5.213872185016027,1372,1402,257,816.0
pseudosphere_patch,mean_curvature,3,stress,0.05,0.049983638743455495,1,8631765303186200219,4160,8192,611,12224,2.21921096754304,0.02234401581474336,1.61959378599345,7.342429751348072,171.66464659071977,-0.03743854507420262,114.326,151.96793082752689,306.0,39.24307101211116,59.211039999999976,0.6767627107179318,3.6172943293411643,5.470454284050907,1377,1394,289,880.0
pseudosphere_patch,mean_curvature,3,stress,0.05,0.049983638743455495,2,14409192856488045504,4160,8192,611,12224,2.21921096754304,0.022356099236556178,1.617780900811105,7.086325507688212,171.66464659072102,-0.03823337188224966,114.719,152.32558222439198,311.0,39.608162064124166,59.57080000000007,0.6767627107168547,3.6172943293411643,5.544616405899479,1442,1462,266,891.0
pseudosphere_patch,mean_curvature,3,stress,0.05,0.049983638743455495,3,16934694333295039269,4160,8192,611,12224,2.21921096754304,0.022457729161592343,2.031810428386673,8.314650861647262,171.66464659081882,-0.0461944019762226,129.648,167.56184529898206,333.0,43.556694870868654,63.95307200000006,0.6767627107168547,3.6172943293411643,5.213872185016027,1393,1416,245,846.0
pseudosphere_patch,mean_curvature,3,stress,0.05,0.049983638743455495,4,2539632459336773076,4160,8192,611,12224,2.21921096754304,0.022450411023676304,1.9371761477328435,8.595213102549303,171.66464659071886,-0.04609064458827196,119.493,158.2995672767301,315.0,40.74323275439312,61.35387199999995,0.6767627107163162,3.6172943293411643,5.213872185016027,1383,1396,261,817.0
pseudosphere_patch,mean_curvature,3,stress,0.05,0.049983638743455495,5,7946767240934106090,4160,8192,611,12224,2.21921096754304,0.02239729486464346,1.8624769627128035,8.708519723512069,171.66464659081882,-0.04291407290615041,109.62700000000001,144.74856475972393,289.0,37.14985674002679,55.68538400000001,0.6767627107168547,3.6172943293411643,5.213872185016027,1338,1360,264,827.0
pseudosphere_patch,mean_curvature,3,stress,0.05,0.049983638743455495,6,12498528928972294547,4160,8192,611,12224,2.21921096754304,0.0223304730916774,1.737974483755501,7.775147699822591,171.66464659064025,-0.04356423870524047,112.401,145.5707010356136,284.0,38.010470303667766,57.21073600000002,0.6767627107163162,3.6172943293411643,5.213872185016027,1303,1318,244,761.0
pseudosphere_patch,mean_curvature,3,stress,0.05,0.049983638743455495,7,13353177932303004372,4160,8192,611,12224,2.21921096754304,0.022387480558236257,1.7348348062801646,7.5890082337019225,184.7893711070288,-0.037000064143030476,121.35999999999999,156.9520117743,312.0,41.2612289648741,62.26277199999996,0.6767627107168547,3.6172943293411643,5.37981169068036,1387,1404,267,846.0
pseudosphere_patch,mean_curvature,3,stress,0.1,0.09996727748691099,0,17234683252345028141,4160,8192,1222,12224,2.21921096754304,0.02325443183211463,3.259457839951111,10.317848929239998,171.66464659081882,-0.05826812936310392,200.39999999999998,265.6049359481107,513.0,67.83849696368785,101.43366000000007,0.6767627107168547,3.6172943293411643,5.213872185015887,2066,2118,344,1140.0
pseudosphere_patch,mean_curvature,3,stress,0.1,0.09996727748691099,1,17157306262034626080,4160,8192,1222,12224,2.21921096754304,0.02334041817907748,3.5919270218695596,11.756079074292176,184.78937110691996,-0.05970036871274726,191.4,263.64583061372315,512.0,63.74673547290587,95.27683999999998,0.6767627107163162,3.6172943293410635,5.213872185015887,2033,2104,330,1134.0
pseudosphere_patch,mean_curvature,3,stress,0.1,0.09996727748691099,2,7053461241816101629,4160,8192,1222,12224,2.21921096754304,0.023389695286394556,3.6353165533633116,11.701557145165406,184.7893711072404,-0.06629168982516775,195.092,262.65678365502004,510.0,65.03158052322776,96.44686400000008,0.6767627107168547,3.5784718046275876,5.213872185015887,2051,2120,334,1096.0
pseudosphere_patch,mean_curvature,3,stress,0.1,0.09996727748691099,3,1621774349155215134,4160,8192,1222,12224,2.21921096754304,0.023445014048601585,3.809680067266801,11.622150028270235,171.66464659071752,-0.06421671998929301,206.589,278.53874954842456,547.0,69.25861568993203,103.05594800000009,0.6767627107163162,3.5784718046275876,5.213872185015887,2053,2116,345,1125.0
pseudosphere_patch,mean_curvature,3,stress,0.1,0.09996727748691099,4,11009335381219110052,4160,8192,1222,12224,2.21921096754304,0.023292398450781026,3.6672763088914966,11.569732448770937,182.92827640599376,-0.06582032837748852,197.48399999999998,267.0263357798253,521.0,65.30411464754944,96.24827199999994,0.6767627107168547,3.6172943293411643,5.213872185015887,2006,2066,335,1098.0
pseudosphere_patch,mean_curvature,3,stress,0.1,0.09996727748691099,5,15540709801684352498,4160,8192,1222,12224,2.21921096754304,0.023175167847077197,3.2467266518951376,10.20596007636133,184.789371106908,-0.042823716422195075,195.863,268.5050185750724,540.0,66.19066509407078,98.4789159999999,0.6767627107168547,3.6172943293411643,5.213872185015887,2094,2150,337,1185.0
pseudosphere_patch,mean_curvature,3,stress,0.1,0.09996727748691099,6,15693879987219500229,4160,8192,1222,12224,2.21921096754304,0.02320935470132649,3.038237745797908,9.946591095303939,184.78937110690663,-0.0534581360233222,190.212,253.73402215706116,496.0,64.80003602296466,97.6258519999999,0.6767627107163162,3.6172943293411643,5.213872185015887,1994,2068,347,1122.0
pseudosphere_patch,mean_curvature,3,stress,0.1,0.09996727748691099,7,12847931528462702296,4160,8192,1222,12224,2.21921096754304,0.023284786061676607,3.5389385238664746,11.459268139802022,194.88015527387705,-0.05848777326963534,195.37,263.52212430837756,510.0,65.24878462094122,97.334152,0.6767627107179318,3.6172943293410635,5.213872185015887,2006,2074,340,1084.0
pseudosphere_patch,mean_curvature,3,quality_controlled,0.05,0.049983638743455495,0,472150339506169965,4160,8192,611,12224,2.21921096754304,0.022141976406868224,0.5990827242555926,1.6666159081161618,14.6883784525273,-0.02433827013086569,75.41199999999999,104.00012499992489,230.0,25.065741899729662,42.65993999999999,3.6172943293409623,3.6172943293412656,6.019258745820584,1289,1314,248,876.0
pseudosphere_patch,mean_curvature,3,quality_controlled,0.05,0.049983638743455495,1,9112360451401002902,4160,8192,611,12224,2.21921096754304,0.02205107959131689,0.48536637924480885,1.493645341369879,16.77015344621168,-0.023634585093798646,58.284,84.26889105713923,193.0,20.218868159280326,33.573267999999985,3.6172943293409623,3.6172943293412656,6.019258745820584,1156,1170,243,726.0
pseudosphere_patch,mean_curvature,3,quality_controlled,0.05,0.049983638743455495,2,16200746559620451207,4160,8192,611,12224,2.21921096754304,0.022062319117272588,0.5242686044741405,1.5612834347362767,15.333577359464972,-0.024025948746091083,63.112,92.98443955845515,217.0,22.26259416184107,36.76965600000002,3.6172943293409623,3.6172943293412656,6.019258745820584,1216,1240,244,800.0
pseudosphere_patch,mean_curvature,3,quality_controlled,0.05,0.049983638743455495,3,9037542959569831916,4160,8192,611,12224,2.21921096754304,0.02207253911082616,0.5015785010763203,1.4930469042804948,14.688378452528053,-0.02388012115725261,64.348,88.40524871295823,203.0,21.437340847234537,36.148319999999956,3.6172943293409623,3.6172943293412656,6.019258745820584,1218,1232,237,804.0
pseudosphere_patch,mean_curvature,3,quality_controlled,0.05,0.049983638743455495,4,113996373245497356,4160,8192,611,12224,2.21921096754304,0.022067958632248478,0.5142676336834814,1.5101234015112748,14.688378452528227,-0.02402589338269926,66.402,93.18106030733928,214.0,22.533721730955158,37.75346000000004,3.6172943293409623,3.6172943293412656,6.019258745820584,1252,1264,258,858.0
pseudosphere_patch,mean_curvature,3,quality_controlled,0.05,0.049983638743455495,5,14245939720151722113,4160,8192,611,12224,2.21921096754304,0.022115565510499074,0.5385244503014797,1.5357668249865273,15.333577359464694,-0.023973478477058652,70.324,98.08434125791945,226.0,23.560458410126234,39.88056399999997,3.6172943293409623,3.6172943293412656,6.019258745820584,1309,1330,244,884.0
pseudosphere_patch,mean_curvature,3,quality_controlled,0.05,0.049983638743455495,6,10430239244700323051,4160,8192,611,12224,2.21921096754304,0.022048532787361,0.4804252758064105,1.4825611889715815,16.02570284504273,-0.023722799995109036,58.480000000000004,84.94088532620789,200.0,20.43358167859234,33.809548000000014,3.6172943293409623,3.6172943293412656,6.019258745820584,1221,1236,248,808.0
pseudosphere_patch,mean_curvature,3,quality_controlled,0.05,0.049983638743455495,7,13531670939272063892,4160,8192,611,12224,2.21921096754304,0.022074177090684155,0.5107239313529797,1.526782018088144,16.770153446211562,-0.023898688296939263,64.146,90.45245159751062,211.0,21.696278344371418,36.44606,3.6172943293410635,3.6172943293412656,6.019258745820584,1241,1264,246,844.0
pseudosphere_patch,mean_curvature,3,quality_controlled,0.1,0.09996727748691099,0,9183311607899055045,4160,8192,1222,12224,2.21921096754304,0.022568036693666395,0.8433130659174871,1.9145708498494312,12.99141070526905,-0.02487986950751387,104.84700000000001,149.57776907013957,342.0,36.59145348953801,59.838543999999985,3.6172943293409623,3.6172943293412656,6.019258745820584,1843,1896,315,1173.0
pseudosphere_patch,mean_curvature,3,quality_controlled,0.1,0.09996727748691099,1,4296232643369422477,4160,8192,1222,12224,2.21921096754304,0.022584726722478094,0.859370018632378,1.9239834520236097,10.775909355667423,-0.024928061370824053,108.369,155.7125781688814,351.0,37.773006499610496,62.15795200000001,3.6172943293409623,3.6172943293412656,6.019258745820584,1819,1880,308,1133.0
pseudosphere_patch,mean_curvature,3,quality_controlled,0.1,0.09996727748691099,2,7327465251238702842,4160,8192,1222,12224,2.21921096754304,0.022586547758148043,0.8865289478700407,2.01168627440603,16.025702845041746,-0.025003721060478584,102.888,149.88629023363012,338.0,35.872037303038596,59.73960000000002,3.6172943293409623,3.6172943293412656,6.019258745820584,1739,1788,307,1082.0
pseudosphere_patch,mean_curvature,3,quality_controlled,0.1,0.09996727748691099,3,1532324135652866834,4160,8192,1222,12224,2.21921096754304,0.022636398008996302,0.923858234272752,2.1480937206068678,16.7701534462138,-0.025420463098181585,105.89200000000001,153.21443143516214,348.0,37.29086521652342,60.46497999999995,3.6172943293410635,3.6172943293412656,6.0192587458205224,1802,1860,309,1118.0
pseudosphere_patch,mean_curvature,3,quality_controlled,0.1,0.09996727748691099,4,2827615637315854161,4160,8192,1222,12224,2.21921096754304,0.022517161829765108,0.8453448609450087,1.947126368389276,14.688378452527761,-0.02500759364165752,101.30099999999999,147.01840360988825,332.0,35.42210041029898,58.53615599999998,3.6172943293409623,3.6172943293412656,6.019258745820584,1771,1822,313,1137.0
pseudosphere_patch,mean_curvature,3,quality_controlled,0.1,0.09996727748691099,5,2273323956917018727,4160,8192,1222,12224,2.21921096754304,0.02262506964503648,0.9085463263392153,2.0271365132071324,13.520982122749656,-0.025237516255147786,108.91499999999999,152.4631201307385,344.0,37.566215007951065,61.48394000000001,3.6172943293409623,3.6172943293412656,6.0192587458205224,1805,1870,312,1135.0
pseudosphere_patch,mean_curvature,3,quality_controlled,0.1,0.09996727748691099,6,9487126512626886437,4160,8192,1222,12224,2.21921096754304,0.022597604537503233,0.8984548945590838,2.0584631774786666,16.770153446212372,-0.024518439520608608,109.24200000000002,156.91026735048283,351.0,38.07861212928854,62.627680000000005,3.6172943293409623,3.6172943293412656,6.019258745820584,1827,1882,314,1100.0
pseudosphere_patch,mean_curvature,3,quality_controlled,0.1,0.09996727748691099,7,14195806283192889601,4160,8192,1222,12224,2.21921096754304,0.0225136346594471,0.8158331412131039,1.8977941511718435,15.333577359464748,-0.024188911266622003,94.67399999999999,140.69671637959428,322.0,33.79522939079668,55.304968,3.6172943293409623,3.6172943293412656,6.019258745820584,1727,1788,305,1084.0
